archetype_id,title,is_anchor,nearest_anchor,distance_to_anchor,similarity_to_anchor,cost,medical,dietary,nutrition,design,curiosity,coolness,seasonal,eco_friendly,trendsetter,mood,drivers_that_matter,price_sensitive,driver_profile
ARC-1024,Premium Wellness Enthusiast,True,Premium Wellness Enthusiast,0,1.0,0,1,1,1,1,1,1,1,1,1,1,10,False,"medical, dietary, nutrition, design, curiosity, coolness, seasonal, eco_friendly, trendsetter, mood"
ARC-1040,Seasonal Mood Shopper,True,Seasonal Mood Shopper,0,1.0,1,0,0,0,0,0,0,1,1,1,1,5,True,"cost, seasonal, eco_friendly, trendsetter, mood"
ARC-1525,Value-Savvy Explorer,True,Value-Savvy Explorer,0,1.0,1,0,1,1,1,1,1,0,1,0,0,7,True,"cost, dietary, nutrition, design, curiosity, coolness, eco_friendly"
ARC-2048,Budget Maximiser (cares about almost everything),False,Premium Wellness Enthusiast,1,0.91,1,1,1,1,1,1,1,1,1,1,1,11,True,"cost, medical, dietary, nutrition, design, curiosity, coolness, seasonal, eco_friendly, trendsetter, mood"
ARC-0512,Premium Maximiser (cares about almost everything),False,Premium Wellness Enthusiast,1,0.91,0,0,1,1,1,1,1,1,1,1,1,9,False,"dietary, nutrition, design, curiosity, coolness, seasonal, eco_friendly, trendsetter, mood"
ARC-0768,Premium Maximiser (cares about almost everything),False,Premium Wellness Enthusiast,1,0.91,0,1,0,1,1,1,1,1,1,1,1,9,False,"medical, nutrition, design, curiosity, coolness, seasonal, eco_friendly, trendsetter, mood"
ARC-0896,Premium Maximiser (cares about almost everything),False,Premium Wellness Enthusiast,1,0.91,0,1,1,0,1,1,1,1,1,1,1,9,False,"medical, dietary, design, curiosity, coolness, seasonal, eco_friendly, trendsetter, mood"
ARC-0960,Premium Maximiser (cares about almost everything),False,Premium Wellness Enthusiast,1,0.91,0,1,1,1,0,1,1,1,1,1,1,9,False,"medical, dietary, nutrition, curiosity, coolness, seasonal, eco_friendly, trendsetter, mood"
ARC-0992,Premium Maximiser (cares about almost everything),False,Premium Wellness Enthusiast,1,0.91,0,1,1,1,1,0,1,1,1,1,1,9,False,"medical, dietary, nutrition, design, coolness, seasonal, eco_friendly, trendsetter, mood"
ARC-1008,Premium Maximiser (cares about almost everything),False,Premium Wellness Enthusiast,1,0.91,0,1,1,1,1,1,0,1,1,1,1,9,False,"medical, dietary, nutrition, design, curiosity, seasonal, eco_friendly, trendsetter, mood"
ARC-1016,Premium Maximiser (cares about almost everything),False,Premium Wellness Enthusiast,1,0.91,0,1,1,1,1,1,1,0,1,1,1,9,False,"medical, dietary, nutrition, design, curiosity, coolness, eco_friendly, trendsetter, mood"
ARC-1020,Premium Maximiser (cares about almost everything),False,Premium Wellness Enthusiast,1,0.91,0,1,1,1,1,1,1,1,0,1,1,9,False,"medical, dietary, nutrition, design, curiosity, coolness, seasonal, trendsetter, mood"
ARC-1022,Premium Maximiser (cares about almost everything),False,Premium Wellness Enthusiast,1,0.91,0,1,1,1,1,1,1,1,1,0,1,9,False,"medical, dietary, nutrition, design, curiosity, coolness, seasonal, eco_friendly, mood"
ARC-1023,Premium Maximiser (cares about almost everything),False,Premium Wellness Enthusiast,1,0.91,0,1,1,1,1,1,1,1,1,1,0,9,False,"medical, dietary, nutrition, design, curiosity, coolness, seasonal, eco_friendly, trendsetter"
ARC-1536,Budget Maximiser (cares about almost everything),False,Premium Wellness Enthusiast,2,0.82,1,0,1,1,1,1,1,1,1,1,1,10,True,"cost, dietary, nutrition, design, curiosity, coolness, seasonal, eco_friendly, trendsetter, mood"
ARC-1792,Budget Maximiser (cares about almost everything),False,Premium Wellness Enthusiast,2,0.82,1,1,0,1,1,1,1,1,1,1,1,10,True,"cost, medical, nutrition, design, curiosity, coolness, seasonal, eco_friendly, trendsetter, mood"
ARC-1920,Budget Maximiser (cares about almost everything),False,Premium Wellness Enthusiast,2,0.82,1,1,1,0,1,1,1,1,1,1,1,10,True,"cost, medical, dietary, design, curiosity, coolness, seasonal, eco_friendly, trendsetter, mood"
ARC-1984,Budget Maximiser (cares about almost everything),False,Premium Wellness Enthusiast,2,0.82,1,1,1,1,0,1,1,1,1,1,1,10,True,"cost, medical, dietary, nutrition, curiosity, coolness, seasonal, eco_friendly, trendsetter, mood"
ARC-2016,Budget Maximiser (cares about almost everything),False,Premium Wellness Enthusiast,2,0.82,1,1,1,1,1,0,1,1,1,1,1,10,True,"cost, medical, dietary, nutrition, design, coolness, seasonal, eco_friendly, trendsetter, mood"
ARC-2032,Budget Maximiser (cares about almost everything),False,Premium Wellness Enthusiast,2,0.82,1,1,1,1,1,1,0,1,1,1,1,10,True,"cost, medical, dietary, nutrition, design, curiosity, seasonal, eco_friendly, trendsetter, mood"
ARC-2040,Budget Maximiser (cares about almost everything),False,Premium Wellness Enthusiast,2,0.82,1,1,1,1,1,1,1,0,1,1,1,10,True,"cost, medical, dietary, nutrition, design, curiosity, coolness, eco_friendly, trendsetter, mood"
ARC-2044,Budget Maximiser (cares about almost everything),False,Premium Wellness Enthusiast,2,0.82,1,1,1,1,1,1,1,1,0,1,1,10,True,"cost, medical, dietary, nutrition, design, curiosity, coolness, seasonal, trendsetter, mood"
ARC-2046,Budget Maximiser (cares about almost everything),False,Premium Wellness Enthusiast,2,0.82,1,1,1,1,1,1,1,1,1,0,1,10,True,"cost, medical, dietary, nutrition, design, curiosity, coolness, seasonal, eco_friendly, mood"
ARC-2047,Budget Maximiser (cares about almost everything),False,Premium Wellness Enthusiast,2,0.82,1,1,1,1,1,1,1,1,1,1,0,10,True,"cost, medical, dietary, nutrition, design, curiosity, coolness, seasonal, eco_friendly, trendsetter"
ARC-0256,Premium Maximiser (cares about almost everything),False,Premium Wellness Enthusiast,2,0.82,0,0,0,1,1,1,1,1,1,1,1,8,False,"nutrition, design, curiosity, coolness, seasonal, eco_friendly, trendsetter, mood"
ARC-0384,Premium Maximiser (cares about almost everything),False,Premium Wellness Enthusiast,2,0.82,0,0,1,0,1,1,1,1,1,1,1,8,False,"dietary, design, curiosity, coolness, seasonal, eco_friendly, trendsetter, mood"
ARC-0448,Premium Maximiser (cares about almost everything),False,Premium Wellness Enthusiast,2,0.82,0,0,1,1,0,1,1,1,1,1,1,8,False,"dietary, nutrition, curiosity, coolness, seasonal, eco_friendly, trendsetter, mood"
ARC-0480,Premium Maximiser (cares about almost everything),False,Premium Wellness Enthusiast,2,0.82,0,0,1,1,1,0,1,1,1,1,1,8,False,"dietary, nutrition, design, coolness, seasonal, eco_friendly, trendsetter, mood"
ARC-0496,Premium Maximiser (cares about almost everything),False,Premium Wellness Enthusiast,2,0.82,0,0,1,1,1,1,0,1,1,1,1,8,False,"dietary, nutrition, design, curiosity, seasonal, eco_friendly, trendsetter, mood"
ARC-0504,Premium Maximiser (cares about almost everything),False,Premium Wellness Enthusiast,2,0.82,0,0,1,1,1,1,1,0,1,1,1,8,False,"dietary, nutrition, design, curiosity, coolness, eco_friendly, trendsetter, mood"
ARC-0508,Premium Maximiser (cares about almost everything),False,Premium Wellness Enthusiast,2,0.82,0,0,1,1,1,1,1,1,0,1,1,8,False,"dietary, nutrition, design, curiosity, coolness, seasonal, trendsetter, mood"
ARC-0510,Premium Maximiser (cares about almost everything),False,Premium Wellness Enthusiast,2,0.82,0,0,1,1,1,1,1,1,1,0,1,8,False,"dietary, nutrition, design, curiosity, coolness, seasonal, eco_friendly, mood"
ARC-0511,Premium Maximiser (cares about almost everything),False,Premium Wellness Enthusiast,2,0.82,0,0,1,1,1,1,1,1,1,1,0,8,False,"dietary, nutrition, design, curiosity, coolness, seasonal, eco_friendly, trendsetter"
ARC-0640,Premium Maximiser (cares about almost everything),False,Premium Wellness Enthusiast,2,0.82,0,1,0,0,1,1,1,1,1,1,1,8,False,"medical, design, curiosity, coolness, seasonal, eco_friendly, trendsetter, mood"
ARC-0704,Premium Maximiser (cares about almost everything),False,Premium Wellness Enthusiast,2,0.82,0,1,0,1,0,1,1,1,1,1,1,8,False,"medical, nutrition, curiosity, coolness, seasonal, eco_friendly, trendsetter, mood"
ARC-0736,Premium Maximiser (cares about almost everything),False,Premium Wellness Enthusiast,2,0.82,0,1,0,1,1,0,1,1,1,1,1,8,False,"medical, nutrition, design, coolness, seasonal, eco_friendly, trendsetter, mood"
ARC-0752,Premium Maximiser (cares about almost everything),False,Premium Wellness Enthusiast,2,0.82,0,1,0,1,1,1,0,1,1,1,1,8,False,"medical, nutrition, design, curiosity, seasonal, eco_friendly, trendsetter, mood"
ARC-0760,Premium Maximiser (cares about almost everything),False,Premium Wellness Enthusiast,2,0.82,0,1,0,1,1,1,1,0,1,1,1,8,False,"medical, nutrition, design, curiosity, coolness, eco_friendly, trendsetter, mood"
ARC-0764,Premium Maximiser (cares about almost everything),False,Premium Wellness Enthusiast,2,0.82,0,1,0,1,1,1,1,1,0,1,1,8,False,"medical, nutrition, design, curiosity, coolness, seasonal, trendsetter, mood"
ARC-0766,Premium Maximiser (cares about almost everything),False,Premium Wellness Enthusiast,2,0.82,0,1,0,1,1,1,1,1,1,0,1,8,False,"medical, nutrition, design, curiosity, coolness, seasonal, eco_friendly, mood"
ARC-0767,Premium Maximiser (cares about almost everything),False,Premium Wellness Enthusiast,2,0.82,0,1,0,1,1,1,1,1,1,1,0,8,False,"medical, nutrition, design, curiosity, coolness, seasonal, eco_friendly, trendsetter"
ARC-0832,Premium Maximiser (cares about almost everything),False,Premium Wellness Enthusiast,2,0.82,0,1,1,0,0,1,1,1,1,1,1,8,False,"medical, dietary, curiosity, coolness, seasonal, eco_friendly, trendsetter, mood"
ARC-0864,Premium Maximiser (cares about almost everything),False,Premium Wellness Enthusiast,2,0.82,0,1,1,0,1,0,1,1,1,1,1,8,False,"medical, dietary, design, coolness, seasonal, eco_friendly, trendsetter, mood"
ARC-0880,Premium Maximiser (cares about almost everything),False,Premium Wellness Enthusiast,2,0.82,0,1,1,0,1,1,0,1,1,1,1,8,False,"medical, dietary, design, curiosity, seasonal, eco_friendly, trendsetter, mood"
ARC-0888,Premium Maximiser (cares about almost everything),False,Premium Wellness Enthusiast,2,0.82,0,1,1,0,1,1,1,0,1,1,1,8,False,"medical, dietary, design, curiosity, coolness, eco_friendly, trendsetter, mood"
ARC-0892,Premium Maximiser (cares about almost everything),False,Premium Wellness Enthusiast,2,0.82,0,1,1,0,1,1,1,1,0,1,1,8,False,"medical, dietary, design, curiosity, coolness, seasonal, trendsetter, mood"
ARC-0894,Premium Maximiser (cares about almost everything),False,Premium Wellness Enthusiast,2,0.82,0,1,1,0,1,1,1,1,1,0,1,8,False,"medical, dietary, design, curiosity, coolness, seasonal, eco_friendly, mood"
ARC-0895,Premium Maximiser (cares about almost everything),False,Premium Wellness Enthusiast,2,0.82,0,1,1,0,1,1,1,1,1,1,0,8,False,"medical, dietary, design, curiosity, coolness, seasonal, eco_friendly, trendsetter"
ARC-0928,Premium Maximiser (cares about almost everything),False,Premium Wellness Enthusiast,2,0.82,0,1,1,1,0,0,1,1,1,1,1,8,False,"medical, dietary, nutrition, coolness, seasonal, eco_friendly, trendsetter, mood"
ARC-0944,Premium Maximiser (cares about almost everything),False,Premium Wellness Enthusiast,2,0.82,0,1,1,1,0,1,0,1,1,1,1,8,False,"medical, dietary, nutrition, curiosity, seasonal, eco_friendly, trendsetter, mood"
ARC-0952,Premium Maximiser (cares about almost everything),False,Premium Wellness Enthusiast,2,0.82,0,1,1,1,0,1,1,0,1,1,1,8,False,"medical, dietary, nutrition, curiosity, coolness, eco_friendly, trendsetter, mood"
ARC-0956,Premium Maximiser (cares about almost everything),False,Premium Wellness Enthusiast,2,0.82,0,1,1,1,0,1,1,1,0,1,1,8,False,"medical, dietary, nutrition, curiosity, coolness, seasonal, trendsetter, mood"
ARC-0958,Premium Maximiser (cares about almost everything),False,Premium Wellness Enthusiast,2,0.82,0,1,1,1,0,1,1,1,1,0,1,8,False,"medical, dietary, nutrition, curiosity, coolness, seasonal, eco_friendly, mood"
ARC-0959,Premium Maximiser (cares about almost everything),False,Premium Wellness Enthusiast,2,0.82,0,1,1,1,0,1,1,1,1,1,0,8,False,"medical, dietary, nutrition, curiosity, coolness, seasonal, eco_friendly, trendsetter"
ARC-0976,Premium Maximiser (cares about almost everything),False,Premium Wellness Enthusiast,2,0.82,0,1,1,1,1,0,0,1,1,1,1,8,False,"medical, dietary, nutrition, design, seasonal, eco_friendly, trendsetter, mood"
ARC-0984,Premium Maximiser (cares about almost everything),False,Premium Wellness Enthusiast,2,0.82,0,1,1,1,1,0,1,0,1,1,1,8,False,"medical, dietary, nutrition, design, coolness, eco_friendly, trendsetter, mood"
ARC-0988,Premium Maximiser (cares about almost everything),False,Premium Wellness Enthusiast,2,0.82,0,1,1,1,1,0,1,1,0,1,1,8,False,"medical, dietary, nutrition, design, coolness, seasonal, trendsetter, mood"
ARC-0990,Premium Maximiser (cares about almost everything),False,Premium Wellness Enthusiast,2,0.82,0,1,1,1,1,0,1,1,1,0,1,8,False,"medical, dietary, nutrition, design, coolness, seasonal, eco_friendly, mood"
ARC-0991,Premium Maximiser (cares about almost everything),False,Premium Wellness Enthusiast,2,0.82,0,1,1,1,1,0,1,1,1,1,0,8,False,"medical, dietary, nutrition, design, coolness, seasonal, eco_friendly, trendsetter"
ARC-1000,Premium Maximiser (cares about almost everything),False,Premium Wellness Enthusiast,2,0.82,0,1,1,1,1,1,0,0,1,1,1,8,False,"medical, dietary, nutrition, design, curiosity, eco_friendly, trendsetter, mood"
ARC-1004,Premium Maximiser (cares about almost everything),False,Premium Wellness Enthusiast,2,0.82,0,1,1,1,1,1,0,1,0,1,1,8,False,"medical, dietary, nutrition, design, curiosity, seasonal, trendsetter, mood"
ARC-1006,Premium Maximiser (cares about almost everything),False,Premium Wellness Enthusiast,2,0.82,0,1,1,1,1,1,0,1,1,0,1,8,False,"medical, dietary, nutrition, design, curiosity, seasonal, eco_friendly, mood"
ARC-1007,Premium Maximiser (cares about almost everything),False,Premium Wellness Enthusiast,2,0.82,0,1,1,1,1,1,0,1,1,1,0,8,False,"medical, dietary, nutrition, design, curiosity, seasonal, eco_friendly, trendsetter"
ARC-1012,Premium Maximiser (cares about almost everything),False,Premium Wellness Enthusiast,2,0.82,0,1,1,1,1,1,1,0,0,1,1,8,False,"medical, dietary, nutrition, design, curiosity, coolness, trendsetter, mood"
ARC-1014,Premium Maximiser (cares about almost everything),False,Premium Wellness Enthusiast,2,0.82,0,1,1,1,1,1,1,0,1,0,1,8,False,"medical, dietary, nutrition, design, curiosity, coolness, eco_friendly, mood"
ARC-1015,Premium Maximiser (cares about almost everything),False,Premium Wellness Enthusiast,2,0.82,0,1,1,1,1,1,1,0,1,1,0,8,False,"medical, dietary, nutrition, design, curiosity, coolness, eco_friendly, trendsetter"
ARC-1018,Premium Maximiser (cares about almost everything),False,Premium Wellness Enthusiast,2,0.82,0,1,1,1,1,1,1,1,0,0,1,8,False,"medical, dietary, nutrition, design, curiosity, coolness, seasonal, mood"
ARC-1019,Premium Maximiser (cares about almost everything),False,Premium Wellness Enthusiast,2,0.82,0,1,1,1,1,1,1,1,0,1,0,8,False,"medical, dietary, nutrition, design, curiosity, coolness, seasonal, trendsetter"
ARC-1021,Premium Maximiser (cares about almost everything),False,Premium Wellness Enthusiast,2,0.82,0,1,1,1,1,1,1,1,1,0,0,8,False,"medical, dietary, nutrition, design, curiosity, coolness, seasonal, eco_friendly"
ARC-1280,Budget Maximiser (cares about almost everything),False,Premium Wellness Enthusiast,3,0.73,1,0,0,1,1,1,1,1,1,1,1,9,True,"cost, nutrition, design, curiosity, coolness, seasonal, eco_friendly, trendsetter, mood"
ARC-1408,Budget Maximiser (cares about almost everything),False,Premium Wellness Enthusiast,3,0.73,1,0,1,0,1,1,1,1,1,1,1,9,True,"cost, dietary, design, curiosity, coolness, seasonal, eco_friendly, trendsetter, mood"
ARC-1472,Budget Maximiser (cares about almost everything),False,Premium Wellness Enthusiast,3,0.73,1,0,1,1,0,1,1,1,1,1,1,9,True,"cost, dietary, nutrition, curiosity, coolness, seasonal, eco_friendly, trendsetter, mood"
ARC-1504,Budget Maximiser (cares about almost everything),False,Premium Wellness Enthusiast,3,0.73,1,0,1,1,1,0,1,1,1,1,1,9,True,"cost, dietary, nutrition, design, coolness, seasonal, eco_friendly, trendsetter, mood"
ARC-1520,Budget Maximiser (cares about almost everything),False,Premium Wellness Enthusiast,3,0.73,1,0,1,1,1,1,0,1,1,1,1,9,True,"cost, dietary, nutrition, design, curiosity, seasonal, eco_friendly, trendsetter, mood"
ARC-1532,Budget Maximiser (cares about almost everything),False,Premium Wellness Enthusiast,3,0.73,1,0,1,1,1,1,1,1,0,1,1,9,True,"cost, dietary, nutrition, design, curiosity, coolness, seasonal, trendsetter, mood"
ARC-1664,Budget Maximiser (cares about almost everything),False,Premium Wellness Enthusiast,3,0.73,1,1,0,0,1,1,1,1,1,1,1,9,True,"cost, medical, design, curiosity, coolness, seasonal, eco_friendly, trendsetter, mood"
ARC-1728,Budget Maximiser (cares about almost everything),False,Premium Wellness Enthusiast,3,0.73,1,1,0,1,0,1,1,1,1,1,1,9,True,"cost, medical, nutrition, curiosity, coolness, seasonal, eco_friendly, trendsetter, mood"
ARC-1760,Budget Maximiser (cares about almost everything),False,Premium Wellness Enthusiast,3,0.73,1,1,0,1,1,0,1,1,1,1,1,9,True,"cost, medical, nutrition, design, coolness, seasonal, eco_friendly, trendsetter, mood"
ARC-1776,Budget Maximiser (cares about almost everything),False,Premium Wellness Enthusiast,3,0.73,1,1,0,1,1,1,0,1,1,1,1,9,True,"cost, medical, nutrition, design, curiosity, seasonal, eco_friendly, trendsetter, mood"
ARC-1784,Budget Maximiser (cares about almost everything),False,Premium Wellness Enthusiast,3,0.73,1,1,0,1,1,1,1,0,1,1,1,9,True,"cost, medical, nutrition, design, curiosity, coolness, eco_friendly, trendsetter, mood"
ARC-1788,Budget Maximiser (cares about almost everything),False,Premium Wellness Enthusiast,3,0.73,1,1,0,1,1,1,1,1,0,1,1,9,True,"cost, medical, nutrition, design, curiosity, coolness, seasonal, trendsetter, mood"
ARC-1790,Budget Maximiser (cares about almost everything),False,Premium Wellness Enthusiast,3,0.73,1,1,0,1,1,1,1,1,1,0,1,9,True,"cost, medical, nutrition, design, curiosity, coolness, seasonal, eco_friendly, mood"
ARC-1791,Budget Maximiser (cares about almost everything),False,Premium Wellness Enthusiast,3,0.73,1,1,0,1,1,1,1,1,1,1,0,9,True,"cost, medical, nutrition, design, curiosity, coolness, seasonal, eco_friendly, trendsetter"
ARC-1856,Budget Maximiser (cares about almost everything),False,Premium Wellness Enthusiast,3,0.73,1,1,1,0,0,1,1,1,1,1,1,9,True,"cost, medical, dietary, curiosity, coolness, seasonal, eco_friendly, trendsetter, mood"
ARC-1888,Budget Maximiser (cares about almost everything),False,Premium Wellness Enthusiast,3,0.73,1,1,1,0,1,0,1,1,1,1,1,9,True,"cost, medical, dietary, design, coolness, seasonal, eco_friendly, trendsetter, mood"
ARC-1904,Budget Maximiser (cares about almost everything),False,Premium Wellness Enthusiast,3,0.73,1,1,1,0,1,1,0,1,1,1,1,9,True,"cost, medical, dietary, design, curiosity, seasonal, eco_friendly, trendsetter, mood"
ARC-1912,Budget Maximiser (cares about almost everything),False,Premium Wellness Enthusiast,3,0.73,1,1,1,0,1,1,1,0,1,1,1,9,True,"cost, medical, dietary, design, curiosity, coolness, eco_friendly, trendsetter, mood"
ARC-1916,Budget Maximiser (cares about almost everything),False,Premium Wellness Enthusiast,3,0.73,1,1,1,0,1,1,1,1,0,1,1,9,True,"cost, medical, dietary, design, curiosity, coolness, seasonal, trendsetter, mood"
ARC-1918,Budget Maximiser (cares about almost everything),False,Premium Wellness Enthusiast,3,0.73,1,1,1,0,1,1,1,1,1,0,1,9,True,"cost, medical, dietary, design, curiosity, coolness, seasonal, eco_friendly, mood"
ARC-1919,Budget Maximiser (cares about almost everything),False,Premium Wellness Enthusiast,3,0.73,1,1,1,0,1,1,1,1,1,1,0,9,True,"cost, medical, dietary, design, curiosity, coolness, seasonal, eco_friendly, trendsetter"
ARC-1952,Budget Maximiser (cares about almost everything),False,Premium Wellness Enthusiast,3,0.73,1,1,1,1,0,0,1,1,1,1,1,9,True,"cost, medical, dietary, nutrition, coolness, seasonal, eco_friendly, trendsetter, mood"
ARC-1968,Budget Maximiser (cares about almost everything),False,Premium Wellness Enthusiast,3,0.73,1,1,1,1,0,1,0,1,1,1,1,9,True,"cost, medical, dietary, nutrition, curiosity, seasonal, eco_friendly, trendsetter, mood"
ARC-1976,Budget Maximiser (cares about almost everything),False,Premium Wellness Enthusiast,3,0.73,1,1,1,1,0,1,1,0,1,1,1,9,True,"cost, medical, dietary, nutrition, curiosity, coolness, eco_friendly, trendsetter, mood"
ARC-1980,Budget Maximiser (cares about almost everything),False,Premium Wellness Enthusiast,3,0.73,1,1,1,1,0,1,1,1,0,1,1,9,True,"cost, medical, dietary, nutrition, curiosity, coolness, seasonal, trendsetter, mood"
ARC-1982,Budget Maximiser (cares about almost everything),False,Premium Wellness Enthusiast,3,0.73,1,1,1,1,0,1,1,1,1,0,1,9,True,"cost, medical, dietary, nutrition, curiosity, coolness, seasonal, eco_friendly, mood"
ARC-1983,Budget Maximiser (cares about almost everything),False,Premium Wellness Enthusiast,3,0.73,1,1,1,1,0,1,1,1,1,1,0,9,True,"cost, medical, dietary, nutrition, curiosity, coolness, seasonal, eco_friendly, trendsetter"
ARC-2000,Budget Maximiser (cares about almost everything),False,Premium Wellness Enthusiast,3,0.73,1,1,1,1,1,0,0,1,1,1,1,9,True,"cost, medical, dietary, nutrition, design, seasonal, eco_friendly, trendsetter, mood"
ARC-2008,Budget Maximiser (cares about almost everything),False,Premium Wellness Enthusiast,3,0.73,1,1,1,1,1,0,1,0,1,1,1,9,True,"cost, medical, dietary, nutrition, design, coolness, eco_friendly, trendsetter, mood"
ARC-2012,Budget Maximiser (cares about almost everything),False,Premium Wellness Enthusiast,3,0.73,1,1,1,1,1,0,1,1,0,1,1,9,True,"cost, medical, dietary, nutrition, design, coolness, seasonal, trendsetter, mood"
ARC-2014,Budget Maximiser (cares about almost everything),False,Premium Wellness Enthusiast,3,0.73,1,1,1,1,1,0,1,1,1,0,1,9,True,"cost, medical, dietary, nutrition, design, coolness, seasonal, eco_friendly, mood"
ARC-2015,Budget Maximiser (cares about almost everything),False,Premium Wellness Enthusiast,3,0.73,1,1,1,1,1,0,1,1,1,1,0,9,True,"cost, medical, dietary, nutrition, design, coolness, seasonal, eco_friendly, trendsetter"
ARC-2024,Budget Maximiser (cares about almost everything),False,Premium Wellness Enthusiast,3,0.73,1,1,1,1,1,1,0,0,1,1,1,9,True,"cost, medical, dietary, nutrition, design, curiosity, eco_friendly, trendsetter, mood"
ARC-2028,Budget Maximiser (cares about almost everything),False,Premium Wellness Enthusiast,3,0.73,1,1,1,1,1,1,0,1,0,1,1,9,True,"cost, medical, dietary, nutrition, design, curiosity, seasonal, trendsetter, mood"
ARC-2030,Budget Maximiser (cares about almost everything),False,Premium Wellness Enthusiast,3,0.73,1,1,1,1,1,1,0,1,1,0,1,9,True,"cost, medical, dietary, nutrition, design, curiosity, seasonal, eco_friendly, mood"
ARC-2031,Budget Maximiser (cares about almost everything),False,Premium Wellness Enthusiast,3,0.73,1,1,1,1,1,1,0,1,1,1,0,9,True,"cost, medical, dietary, nutrition, design, curiosity, seasonal, eco_friendly, trendsetter"
ARC-2036,Budget Maximiser (cares about almost everything),False,Premium Wellness Enthusiast,3,0.73,1,1,1,1,1,1,1,0,0,1,1,9,True,"cost, medical, dietary, nutrition, design, curiosity, coolness, trendsetter, mood"
ARC-2042,Budget Maximiser (cares about almost everything),False,Premium Wellness Enthusiast,3,0.73,1,1,1,1,1,1,1,1,0,0,1,9,True,"cost, medical, dietary, nutrition, design, curiosity, coolness, seasonal, mood"
ARC-2043,Budget Maximiser (cares about almost everything),False,Premium Wellness Enthusiast,3,0.73,1,1,1,1,1,1,1,1,0,1,0,9,True,"cost, medical, dietary, nutrition, design, curiosity, coolness, seasonal, trendsetter"
ARC-0128,Premium Explorer Follower,False,Premium Wellness Enthusiast,3,0.73,0,0,0,0,1,1,1,1,1,1,1,7,False,"design, curiosity, coolness, seasonal, eco_friendly, trendsetter, mood"
ARC-0192,Premium Nutrition Explorer,False,Premium Wellness Enthusiast,3,0.73,0,0,0,1,0,1,1,1,1,1,1,7,False,"nutrition, curiosity, coolness, seasonal, eco_friendly, trendsetter, mood"
ARC-0224,Premium Nutrition Follower,False,Premium Wellness Enthusiast,3,0.73,0,0,0,1,1,0,1,1,1,1,1,7,False,"nutrition, design, coolness, seasonal, eco_friendly, trendsetter, mood"
ARC-0240,Premium Nutrition Explorer,False,Premium Wellness Enthusiast,3,0.73,0,0,0,1,1,1,0,1,1,1,1,7,False,"nutrition, design, curiosity, seasonal, eco_friendly, trendsetter, mood"
ARC-0248,Premium Nutrition Explorer,False,Premium Wellness Enthusiast,3,0.73,0,0,0,1,1,1,1,0,1,1,1,7,False,"nutrition, design, curiosity, coolness, eco_friendly, trendsetter, mood"
ARC-0252,Premium Nutrition Explorer,False,Premium Wellness Enthusiast,3,0.73,0,0,0,1,1,1,1,1,0,1,1,7,False,"nutrition, design, curiosity, coolness, seasonal, trendsetter, mood"
ARC-0254,Premium Nutrition Explorer,False,Premium Wellness Enthusiast,3,0.73,0,0,0,1,1,1,1,1,1,0,1,7,False,"nutrition, design, curiosity, coolness, seasonal, eco_friendly, mood"
ARC-0255,Premium Nutrition Explorer,False,Premium Wellness Enthusiast,3,0.73,0,0,0,1,1,1,1,1,1,1,0,7,False,"nutrition, design, curiosity, coolness, seasonal, eco_friendly, trendsetter"
ARC-0320,Premium Diet-Led Explorer,False,Premium Wellness Enthusiast,3,0.73,0,0,1,0,0,1,1,1,1,1,1,7,False,"dietary, curiosity, coolness, seasonal, eco_friendly, trendsetter, mood"
ARC-0352,Premium Diet-Led Follower,False,Premium Wellness Enthusiast,3,0.73,0,0,1,0,1,0,1,1,1,1,1,7,False,"dietary, design, coolness, seasonal, eco_friendly, trendsetter, mood"
ARC-0368,Premium Diet-Led Explorer,False,Premium Wellness Enthusiast,3,0.73,0,0,1,0,1,1,0,1,1,1,1,7,False,"dietary, design, curiosity, seasonal, eco_friendly, trendsetter, mood"
ARC-0376,Premium Diet-Led Explorer,False,Premium Wellness Enthusiast,3,0.73,0,0,1,0,1,1,1,0,1,1,1,7,False,"dietary, design, curiosity, coolness, eco_friendly, trendsetter, mood"
ARC-0380,Premium Diet-Led Explorer,False,Premium Wellness Enthusiast,3,0.73,0,0,1,0,1,1,1,1,0,1,1,7,False,"dietary, design, curiosity, coolness, seasonal, trendsetter, mood"
ARC-0382,Premium Diet-Led Explorer,False,Premium Wellness Enthusiast,3,0.73,0,0,1,0,1,1,1,1,1,0,1,7,False,"dietary, design, curiosity, coolness, seasonal, eco_friendly, mood"
ARC-0383,Premium Diet-Led Explorer,False,Premium Wellness Enthusiast,3,0.73,0,0,1,0,1,1,1,1,1,1,0,7,False,"dietary, design, curiosity, coolness, seasonal, eco_friendly, trendsetter"
ARC-0416,Premium Nutrition Label Reader,False,Premium Wellness Enthusiast,3,0.73,0,0,1,1,0,0,1,1,1,1,1,7,False,"dietary, nutrition, coolness, seasonal, eco_friendly, trendsetter, mood"
ARC-0432,Premium Nutrition Label Reader,False,Premium Wellness Enthusiast,3,0.73,0,0,1,1,0,1,0,1,1,1,1,7,False,"dietary, nutrition, curiosity, seasonal, eco_friendly, trendsetter, mood"
ARC-0440,Premium Nutrition Label Reader,False,Premium Wellness Enthusiast,3,0.73,0,0,1,1,0,1,1,0,1,1,1,7,False,"dietary, nutrition, curiosity, coolness, eco_friendly, trendsetter, mood"
ARC-0444,Premium Nutrition Label Reader,False,Premium Wellness Enthusiast,3,0.73,0,0,1,1,0,1,1,1,0,1,1,7,False,"dietary, nutrition, curiosity, coolness, seasonal, trendsetter, mood"
ARC-0446,Premium Nutrition Label Reader,False,Premium Wellness Enthusiast,3,0.73,0,0,1,1,0,1,1,1,1,0,1,7,False,"dietary, nutrition, curiosity, coolness, seasonal, eco_friendly, mood"
ARC-0447,Premium Nutrition Label Reader,False,Premium Wellness Enthusiast,3,0.73,0,0,1,1,0,1,1,1,1,1,0,7,False,"dietary, nutrition, curiosity, coolness, seasonal, eco_friendly, trendsetter"
ARC-0464,Premium Nutrition Label Reader,False,Premium Wellness Enthusiast,3,0.73,0,0,1,1,1,0,0,1,1,1,1,7,False,"dietary, nutrition, design, seasonal, eco_friendly, trendsetter, mood"
ARC-0472,Premium Nutrition Label Reader,False,Premium Wellness Enthusiast,3,0.73,0,0,1,1,1,0,1,0,1,1,1,7,False,"dietary, nutrition, design, coolness, eco_friendly, trendsetter, mood"
ARC-0476,Premium Nutrition Label Reader,False,Premium Wellness Enthusiast,3,0.73,0,0,1,1,1,0,1,1,0,1,1,7,False,"dietary, nutrition, design, coolness, seasonal, trendsetter, mood"
ARC-0478,Premium Nutrition Label Reader,False,Premium Wellness Enthusiast,3,0.73,0,0,1,1,1,0,1,1,1,0,1,7,False,"dietary, nutrition, design, coolness, seasonal, eco_friendly, mood"
ARC-0479,Premium Nutrition Label Reader,False,Premium Wellness Enthusiast,3,0.73,0,0,1,1,1,0,1,1,1,1,0,7,False,"dietary, nutrition, design, coolness, seasonal, eco_friendly, trendsetter"
ARC-0488,Premium Nutrition Label Reader,False,Premium Wellness Enthusiast,3,0.73,0,0,1,1,1,1,0,0,1,1,1,7,False,"dietary, nutrition, design, curiosity, eco_friendly, trendsetter, mood"
ARC-0492,Premium Nutrition Label Reader,False,Premium Wellness Enthusiast,3,0.73,0,0,1,1,1,1,0,1,0,1,1,7,False,"dietary, nutrition, design, curiosity, seasonal, trendsetter, mood"
ARC-0494,Premium Nutrition Label Reader,False,Premium Wellness Enthusiast,3,0.73,0,0,1,1,1,1,0,1,1,0,1,7,False,"dietary, nutrition, design, curiosity, seasonal, eco_friendly, mood"
ARC-0495,Premium Nutrition Label Reader,False,Premium Wellness Enthusiast,3,0.73,0,0,1,1,1,1,0,1,1,1,0,7,False,"dietary, nutrition, design, curiosity, seasonal, eco_friendly, trendsetter"
ARC-0500,Premium Nutrition Label Reader,False,Premium Wellness Enthusiast,3,0.73,0,0,1,1,1,1,1,0,0,1,1,7,False,"dietary, nutrition, design, curiosity, coolness, trendsetter, mood"
ARC-0506,Premium Nutrition Label Reader,False,Premium Wellness Enthusiast,3,0.73,0,0,1,1,1,1,1,1,0,0,1,7,False,"dietary, nutrition, design, curiosity, coolness, seasonal, mood"
ARC-0507,Premium Nutrition Label Reader,False,Premium Wellness Enthusiast,3,0.73,0,0,1,1,1,1,1,1,0,1,0,7,False,"dietary, nutrition, design, curiosity, coolness, seasonal, trendsetter"
ARC-0576,Premium Wellness Explorer,False,Premium Wellness Enthusiast,3,0.73,0,1,0,0,0,1,1,1,1,1,1,7,False,"medical, curiosity, coolness, seasonal, eco_friendly, trendsetter, mood"
ARC-0608,Premium Wellness Follower,False,Premium Wellness Enthusiast,3,0.73,0,1,0,0,1,0,1,1,1,1,1,7,False,"medical, design, coolness, seasonal, eco_friendly, trendsetter, mood"
ARC-0624,Premium Wellness Explorer,False,Premium Wellness Enthusiast,3,0.73,0,1,0,0,1,1,0,1,1,1,1,7,False,"medical, design, curiosity, seasonal, eco_friendly, trendsetter, mood"
ARC-0632,Premium Wellness Explorer,False,Premium Wellness Enthusiast,3,0.73,0,1,0,0,1,1,1,0,1,1,1,7,False,"medical, design, curiosity, coolness, eco_friendly, trendsetter, mood"
ARC-0636,Premium Wellness Explorer,False,Premium Wellness Enthusiast,3,0.73,0,1,0,0,1,1,1,1,0,1,1,7,False,"medical, design, curiosity, coolness, seasonal, trendsetter, mood"
ARC-0638,Premium Wellness Explorer,False,Premium Wellness Enthusiast,3,0.73,0,1,0,0,1,1,1,1,1,0,1,7,False,"medical, design, curiosity, coolness, seasonal, eco_friendly, mood"
ARC-0639,Premium Wellness Explorer,False,Premium Wellness Enthusiast,3,0.73,0,1,0,0,1,1,1,1,1,1,0,7,False,"medical, design, curiosity, coolness, seasonal, eco_friendly, trendsetter"
ARC-0672,Premium Wellness Tracker,False,Premium Wellness Enthusiast,3,0.73,0,1,0,1,0,0,1,1,1,1,1,7,False,"medical, nutrition, coolness, seasonal, eco_friendly, trendsetter, mood"
ARC-0688,Premium Wellness Tracker,False,Premium Wellness Enthusiast,3,0.73,0,1,0,1,0,1,0,1,1,1,1,7,False,"medical, nutrition, curiosity, seasonal, eco_friendly, trendsetter, mood"
ARC-0696,Premium Wellness Tracker,False,Premium Wellness Enthusiast,3,0.73,0,1,0,1,0,1,1,0,1,1,1,7,False,"medical, nutrition, curiosity, coolness, eco_friendly, trendsetter, mood"
ARC-0700,Premium Wellness Tracker,False,Premium Wellness Enthusiast,3,0.73,0,1,0,1,0,1,1,1,0,1,1,7,False,"medical, nutrition, curiosity, coolness, seasonal, trendsetter, mood"
ARC-0702,Premium Wellness Tracker,False,Premium Wellness Enthusiast,3,0.73,0,1,0,1,0,1,1,1,1,0,1,7,False,"medical, nutrition, curiosity, coolness, seasonal, eco_friendly, mood"
ARC-0703,Premium Wellness Tracker,False,Premium Wellness Enthusiast,3,0.73,0,1,0,1,0,1,1,1,1,1,0,7,False,"medical, nutrition, curiosity, coolness, seasonal, eco_friendly, trendsetter"
ARC-0720,Premium Wellness Tracker,False,Premium Wellness Enthusiast,3,0.73,0,1,0,1,1,0,0,1,1,1,1,7,False,"medical, nutrition, design, seasonal, eco_friendly, trendsetter, mood"
ARC-0728,Premium Wellness Tracker,False,Premium Wellness Enthusiast,3,0.73,0,1,0,1,1,0,1,0,1,1,1,7,False,"medical, nutrition, design, coolness, eco_friendly, trendsetter, mood"
ARC-0732,Premium Wellness Tracker,False,Premium Wellness Enthusiast,3,0.73,0,1,0,1,1,0,1,1,0,1,1,7,False,"medical, nutrition, design, coolness, seasonal, trendsetter, mood"
ARC-0734,Premium Wellness Tracker,False,Premium Wellness Enthusiast,3,0.73,0,1,0,1,1,0,1,1,1,0,1,7,False,"medical, nutrition, design, coolness, seasonal, eco_friendly, mood"
ARC-0735,Premium Wellness Tracker,False,Premium Wellness Enthusiast,3,0.73,0,1,0,1,1,0,1,1,1,1,0,7,False,"medical, nutrition, design, coolness, seasonal, eco_friendly, trendsetter"
ARC-0744,Premium Wellness Tracker,False,Premium Wellness Enthusiast,3,0.73,0,1,0,1,1,1,0,0,1,1,1,7,False,"medical, nutrition, design, curiosity, eco_friendly, trendsetter, mood"
ARC-0748,Premium Wellness Tracker,False,Premium Wellness Enthusiast,3,0.73,0,1,0,1,1,1,0,1,0,1,1,7,False,"medical, nutrition, design, curiosity, seasonal, trendsetter, mood"
ARC-0750,Premium Wellness Tracker,False,Premium Wellness Enthusiast,3,0.73,0,1,0,1,1,1,0,1,1,0,1,7,False,"medical, nutrition, design, curiosity, seasonal, eco_friendly, mood"
ARC-0751,Premium Wellness Tracker,False,Premium Wellness Enthusiast,3,0.73,0,1,0,1,1,1,0,1,1,1,0,7,False,"medical, nutrition, design, curiosity, seasonal, eco_friendly, trendsetter"
ARC-0756,Premium Wellness Tracker,False,Premium Wellness Enthusiast,3,0.73,0,1,0,1,1,1,1,0,0,1,1,7,False,"medical, nutrition, design, curiosity, coolness, trendsetter, mood"
ARC-0758,Premium Wellness Tracker,False,Premium Wellness Enthusiast,3,0.73,0,1,0,1,1,1,1,0,1,0,1,7,False,"medical, nutrition, design, curiosity, coolness, eco_friendly, mood"
ARC-0759,Premium Wellness Tracker,False,Premium Wellness Enthusiast,3,0.73,0,1,0,1,1,1,1,0,1,1,0,7,False,"medical, nutrition, design, curiosity, coolness, eco_friendly, trendsetter"
ARC-0762,Premium Wellness Tracker,False,Premium Wellness Enthusiast,3,0.73,0,1,0,1,1,1,1,1,0,0,1,7,False,"medical, nutrition, design, curiosity, coolness, seasonal, mood"
ARC-0763,Premium Wellness Tracker,False,Premium Wellness Enthusiast,3,0.73,0,1,0,1,1,1,1,1,0,1,0,7,False,"medical, nutrition, design, curiosity, coolness, seasonal, trendsetter"
ARC-0765,Premium Wellness Tracker,False,Premium Wellness Enthusiast,3,0.73,0,1,0,1,1,1,1,1,1,0,0,7,False,"medical, nutrition, design, curiosity, coolness, seasonal, eco_friendly"
ARC-0800,Premium Wellness Label Reader,False,Premium Wellness Enthusiast,3,0.73,0,1,1,0,0,0,1,1,1,1,1,7,False,"medical, dietary, coolness, seasonal, eco_friendly, trendsetter, mood"
ARC-0816,Premium Wellness Label Reader,False,Premium Wellness Enthusiast,3,0.73,0,1,1,0,0,1,0,1,1,1,1,7,False,"medical, dietary, curiosity, seasonal, eco_friendly, trendsetter, mood"
ARC-0824,Premium Wellness Label Reader,False,Premium Wellness Enthusiast,3,0.73,0,1,1,0,0,1,1,0,1,1,1,7,False,"medical, dietary, curiosity, coolness, eco_friendly, trendsetter, mood"
ARC-0828,Premium Wellness Label Reader,False,Premium Wellness Enthusiast,3,0.73,0,1,1,0,0,1,1,1,0,1,1,7,False,"medical, dietary, curiosity, coolness, seasonal, trendsetter, mood"
ARC-0830,Premium Wellness Label Reader,False,Premium Wellness Enthusiast,3,0.73,0,1,1,0,0,1,1,1,1,0,1,7,False,"medical, dietary, curiosity, coolness, seasonal, eco_friendly, mood"
ARC-0831,Premium Wellness Label Reader,False,Premium Wellness Enthusiast,3,0.73,0,1,1,0,0,1,1,1,1,1,0,7,False,"medical, dietary, curiosity, coolness, seasonal, eco_friendly, trendsetter"
ARC-0848,Premium Wellness Label Reader,False,Premium Wellness Enthusiast,3,0.73,0,1,1,0,1,0,0,1,1,1,1,7,False,"medical, dietary, design, seasonal, eco_friendly, trendsetter, mood"
ARC-0856,Premium Wellness Label Reader,False,Premium Wellness Enthusiast,3,0.73,0,1,1,0,1,0,1,0,1,1,1,7,False,"medical, dietary, design, coolness, eco_friendly, trendsetter, mood"
ARC-0860,Premium Wellness Label Reader,False,Premium Wellness Enthusiast,3,0.73,0,1,1,0,1,0,1,1,0,1,1,7,False,"medical, dietary, design, coolness, seasonal, trendsetter, mood"
ARC-0862,Premium Wellness Label Reader,False,Premium Wellness Enthusiast,3,0.73,0,1,1,0,1,0,1,1,1,0,1,7,False,"medical, dietary, design, coolness, seasonal, eco_friendly, mood"
ARC-0863,Premium Wellness Label Reader,False,Premium Wellness Enthusiast,3,0.73,0,1,1,0,1,0,1,1,1,1,0,7,False,"medical, dietary, design, coolness, seasonal, eco_friendly, trendsetter"
ARC-0872,Premium Wellness Label Reader,False,Premium Wellness Enthusiast,3,0.73,0,1,1,0,1,1,0,0,1,1,1,7,False,"medical, dietary, design, curiosity, eco_friendly, trendsetter, mood"
ARC-0876,Premium Wellness Label Reader,False,Premium Wellness Enthusiast,3,0.73,0,1,1,0,1,1,0,1,0,1,1,7,False,"medical, dietary, design, curiosity, seasonal, trendsetter, mood"
ARC-0878,Premium Wellness Label Reader,False,Premium Wellness Enthusiast,3,0.73,0,1,1,0,1,1,0,1,1,0,1,7,False,"medical, dietary, design, curiosity, seasonal, eco_friendly, mood"
ARC-0879,Premium Wellness Label Reader,False,Premium Wellness Enthusiast,3,0.73,0,1,1,0,1,1,0,1,1,1,0,7,False,"medical, dietary, design, curiosity, seasonal, eco_friendly, trendsetter"
ARC-0884,Premium Wellness Label Reader,False,Premium Wellness Enthusiast,3,0.73,0,1,1,0,1,1,1,0,0,1,1,7,False,"medical, dietary, design, curiosity, coolness, trendsetter, mood"
ARC-0886,Premium Wellness Label Reader,False,Premium Wellness Enthusiast,3,0.73,0,1,1,0,1,1,1,0,1,0,1,7,False,"medical, dietary, design, curiosity, coolness, eco_friendly, mood"
ARC-0887,Premium Wellness Label Reader,False,Premium Wellness Enthusiast,3,0.73,0,1,1,0,1,1,1,0,1,1,0,7,False,"medical, dietary, design, curiosity, coolness, eco_friendly, trendsetter"
ARC-0890,Premium Wellness Label Reader,False,Premium Wellness Enthusiast,3,0.73,0,1,1,0,1,1,1,1,0,0,1,7,False,"medical, dietary, design, curiosity, coolness, seasonal, mood"
ARC-0891,Premium Wellness Label Reader,False,Premium Wellness Enthusiast,3,0.73,0,1,1,0,1,1,1,1,0,1,0,7,False,"medical, dietary, design, curiosity, coolness, seasonal, trendsetter"
ARC-0893,Premium Wellness Label Reader,False,Premium Wellness Enthusiast,3,0.73,0,1,1,0,1,1,1,1,1,0,0,7,False,"medical, dietary, design, curiosity, coolness, seasonal, eco_friendly"
ARC-0912,Premium Wellness Tracker,False,Premium Wellness Enthusiast,3,0.73,0,1,1,1,0,0,0,1,1,1,1,7,False,"medical, dietary, nutrition, seasonal, eco_friendly, trendsetter, mood"
ARC-0920,Premium Wellness Tracker,False,Premium Wellness Enthusiast,3,0.73,0,1,1,1,0,0,1,0,1,1,1,7,False,"medical, dietary, nutrition, coolness, eco_friendly, trendsetter, mood"
ARC-0924,Premium Wellness Tracker,False,Premium Wellness Enthusiast,3,0.73,0,1,1,1,0,0,1,1,0,1,1,7,False,"medical, dietary, nutrition, coolness, seasonal, trendsetter, mood"
ARC-0926,Premium Wellness Tracker,False,Premium Wellness Enthusiast,3,0.73,0,1,1,1,0,0,1,1,1,0,1,7,False,"medical, dietary, nutrition, coolness, seasonal, eco_friendly, mood"
ARC-0927,Premium Wellness Tracker,False,Premium Wellness Enthusiast,3,0.73,0,1,1,1,0,0,1,1,1,1,0,7,False,"medical, dietary, nutrition, coolness, seasonal, eco_friendly, trendsetter"
ARC-0936,Premium Wellness Tracker,False,Premium Wellness Enthusiast,3,0.73,0,1,1,1,0,1,0,0,1,1,1,7,False,"medical, dietary, nutrition, curiosity, eco_friendly, trendsetter, mood"
ARC-0940,Premium Wellness Tracker,False,Premium Wellness Enthusiast,3,0.73,0,1,1,1,0,1,0,1,0,1,1,7,False,"medical, dietary, nutrition, curiosity, seasonal, trendsetter, mood"
ARC-0942,Premium Wellness Tracker,False,Premium Wellness Enthusiast,3,0.73,0,1,1,1,0,1,0,1,1,0,1,7,False,"medical, dietary, nutrition, curiosity, seasonal, eco_friendly, mood"
ARC-0943,Premium Wellness Tracker,False,Premium Wellness Enthusiast,3,0.73,0,1,1,1,0,1,0,1,1,1,0,7,False,"medical, dietary, nutrition, curiosity, seasonal, eco_friendly, trendsetter"
ARC-0948,Premium Wellness Tracker,False,Premium Wellness Enthusiast,3,0.73,0,1,1,1,0,1,1,0,0,1,1,7,False,"medical, dietary, nutrition, curiosity, coolness, trendsetter, mood"
ARC-0950,Premium Wellness Tracker,False,Premium Wellness Enthusiast,3,0.73,0,1,1,1,0,1,1,0,1,0,1,7,False,"medical, dietary, nutrition, curiosity, coolness, eco_friendly, mood"
ARC-0951,Premium Wellness Tracker,False,Premium Wellness Enthusiast,3,0.73,0,1,1,1,0,1,1,0,1,1,0,7,False,"medical, dietary, nutrition, curiosity, coolness, eco_friendly, trendsetter"
ARC-0954,Premium Wellness Tracker,False,Premium Wellness Enthusiast,3,0.73,0,1,1,1,0,1,1,1,0,0,1,7,False,"medical, dietary, nutrition, curiosity, coolness, seasonal, mood"
ARC-0955,Premium Wellness Tracker,False,Premium Wellness Enthusiast,3,0.73,0,1,1,1,0,1,1,1,0,1,0,7,False,"medical, dietary, nutrition, curiosity, coolness, seasonal, trendsetter"
ARC-0957,Premium Wellness Tracker,False,Premium Wellness Enthusiast,3,0.73,0,1,1,1,0,1,1,1,1,0,0,7,False,"medical, dietary, nutrition, curiosity, coolness, seasonal, eco_friendly"
ARC-0968,Premium Wellness Tracker,False,Premium Wellness Enthusiast,3,0.73,0,1,1,1,1,0,0,0,1,1,1,7,False,"medical, dietary, nutrition, design, eco_friendly, trendsetter, mood"
ARC-0972,Premium Wellness Tracker,False,Premium Wellness Enthusiast,3,0.73,0,1,1,1,1,0,0,1,0,1,1,7,False,"medical, dietary, nutrition, design, seasonal, trendsetter, mood"
ARC-0974,Premium Wellness Tracker,False,Premium Wellness Enthusiast,3,0.73,0,1,1,1,1,0,0,1,1,0,1,7,False,"medical, dietary, nutrition, design, seasonal, eco_friendly, mood"
ARC-0975,Premium Wellness Tracker,False,Premium Wellness Enthusiast,3,0.73,0,1,1,1,1,0,0,1,1,1,0,7,False,"medical, dietary, nutrition, design, seasonal, eco_friendly, trendsetter"
ARC-0980,Premium Wellness Tracker,False,Premium Wellness Enthusiast,3,0.73,0,1,1,1,1,0,1,0,0,1,1,7,False,"medical, dietary, nutrition, design, coolness, trendsetter, mood"
ARC-0982,Premium Wellness Tracker,False,Premium Wellness Enthusiast,3,0.73,0,1,1,1,1,0,1,0,1,0,1,7,False,"medical, dietary, nutrition, design, coolness, eco_friendly, mood"
ARC-0983,Premium Wellness Tracker,False,Premium Wellness Enthusiast,3,0.73,0,1,1,1,1,0,1,0,1,1,0,7,False,"medical, dietary, nutrition, design, coolness, eco_friendly, trendsetter"
ARC-0986,Premium Wellness Tracker,False,Premium Wellness Enthusiast,3,0.73,0,1,1,1,1,0,1,1,0,0,1,7,False,"medical, dietary, nutrition, design, coolness, seasonal, mood"
ARC-0987,Premium Wellness Tracker,False,Premium Wellness Enthusiast,3,0.73,0,1,1,1,1,0,1,1,0,1,0,7,False,"medical, dietary, nutrition, design, coolness, seasonal, trendsetter"
ARC-0989,Premium Wellness Tracker,False,Premium Wellness Enthusiast,3,0.73,0,1,1,1,1,0,1,1,1,0,0,7,False,"medical, dietary, nutrition, design, coolness, seasonal, eco_friendly"
ARC-0996,Premium Wellness Tracker,False,Premium Wellness Enthusiast,3,0.73,0,1,1,1,1,1,0,0,0,1,1,7,False,"medical, dietary, nutrition, design, curiosity, trendsetter, mood"
ARC-0998,Premium Wellness Tracker,False,Premium Wellness Enthusiast,3,0.73,0,1,1,1,1,1,0,0,1,0,1,7,False,"medical, dietary, nutrition, design, curiosity, eco_friendly, mood"
ARC-0999,Premium Wellness Tracker,False,Premium Wellness Enthusiast,3,0.73,0,1,1,1,1,1,0,0,1,1,0,7,False,"medical, dietary, nutrition, design, curiosity, eco_friendly, trendsetter"
ARC-1002,Premium Wellness Tracker,False,Premium Wellness Enthusiast,3,0.73,0,1,1,1,1,1,0,1,0,0,1,7,False,"medical, dietary, nutrition, design, curiosity, seasonal, mood"
ARC-1003,Premium Wellness Tracker,False,Premium Wellness Enthusiast,3,0.73,0,1,1,1,1,1,0,1,0,1,0,7,False,"medical, dietary, nutrition, design, curiosity, seasonal, trendsetter"
ARC-1005,Premium Wellness Tracker,False,Premium Wellness Enthusiast,3,0.73,0,1,1,1,1,1,0,1,1,0,0,7,False,"medical, dietary, nutrition, design, curiosity, seasonal, eco_friendly"
ARC-1010,Premium Wellness Tracker,False,Premium Wellness Enthusiast,3,0.73,0,1,1,1,1,1,1,0,0,0,1,7,False,"medical, dietary, nutrition, design, curiosity, coolness, mood"
ARC-1011,Premium Wellness Tracker,False,Premium Wellness Enthusiast,3,0.73,0,1,1,1,1,1,1,0,0,1,0,7,False,"medical, dietary, nutrition, design, curiosity, coolness, trendsetter"
ARC-1017,Premium Wellness Tracker,False,Premium Wellness Enthusiast,3,0.73,0,1,1,1,1,1,1,1,0,0,0,7,False,"medical, dietary, nutrition, design, curiosity, coolness, seasonal"
ARC-1276,Budget Nutrition Explorer,False,Premium Wellness Enthusiast,4,0.64,1,0,0,1,1,1,1,1,0,1,1,8,True,"cost, nutrition, design, curiosity, coolness, seasonal, trendsetter, mood"
ARC-1404,Budget Diet-Led Explorer,False,Premium Wellness Enthusiast,4,0.64,1,0,1,0,1,1,1,1,0,1,1,8,True,"cost, dietary, design, curiosity, coolness, seasonal, trendsetter, mood"
ARC-1468,Budget Nutrition Label Reader,False,Premium Wellness Enthusiast,4,0.64,1,0,1,1,0,1,1,1,0,1,1,8,True,"cost, dietary, nutrition, curiosity, coolness, seasonal, trendsetter, mood"
ARC-1500,Budget Nutrition Label Reader,False,Premium Wellness Enthusiast,4,0.64,1,0,1,1,1,0,1,1,0,1,1,8,True,"cost, dietary, nutrition, design, coolness, seasonal, trendsetter, mood"
ARC-1516,Budget Nutrition Label Reader,False,Premium Wellness Enthusiast,4,0.64,1,0,1,1,1,1,0,1,0,1,1,8,True,"cost, dietary, nutrition, design, curiosity, seasonal, trendsetter, mood"
ARC-1656,Budget Wellness Explorer,False,Premium Wellness Enthusiast,4,0.64,1,1,0,0,1,1,1,0,1,1,1,8,True,"cost, medical, design, curiosity, coolness, eco_friendly, trendsetter, mood"
ARC-1660,Budget Wellness Explorer,False,Premium Wellness Enthusiast,4,0.64,1,1,0,0,1,1,1,1,0,1,1,8,True,"cost, medical, design, curiosity, coolness, seasonal, trendsetter, mood"
ARC-1662,Budget Wellness Explorer,False,Premium Wellness Enthusiast,4,0.64,1,1,0,0,1,1,1,1,1,0,1,8,True,"cost, medical, design, curiosity, coolness, seasonal, eco_friendly, mood"
ARC-1663,Budget Wellness Explorer,False,Premium Wellness Enthusiast,4,0.64,1,1,0,0,1,1,1,1,1,1,0,8,True,"cost, medical, design, curiosity, coolness, seasonal, eco_friendly, trendsetter"
ARC-1720,Budget Wellness Tracker,False,Premium Wellness Enthusiast,4,0.64,1,1,0,1,0,1,1,0,1,1,1,8,True,"cost, medical, nutrition, curiosity, coolness, eco_friendly, trendsetter, mood"
ARC-1724,Budget Wellness Tracker,False,Premium Wellness Enthusiast,4,0.64,1,1,0,1,0,1,1,1,0,1,1,8,True,"cost, medical, nutrition, curiosity, coolness, seasonal, trendsetter, mood"
ARC-1726,Budget Wellness Tracker,False,Premium Wellness Enthusiast,4,0.64,1,1,0,1,0,1,1,1,1,0,1,8,True,"cost, medical, nutrition, curiosity, coolness, seasonal, eco_friendly, mood"
ARC-1727,Budget Wellness Tracker,False,Premium Wellness Enthusiast,4,0.64,1,1,0,1,0,1,1,1,1,1,0,8,True,"cost, medical, nutrition, curiosity, coolness, seasonal, eco_friendly, trendsetter"
ARC-1752,Budget Wellness Tracker,False,Premium Wellness Enthusiast,4,0.64,1,1,0,1,1,0,1,0,1,1,1,8,True,"cost, medical, nutrition, design, coolness, eco_friendly, trendsetter, mood"
ARC-1756,Budget Wellness Tracker,False,Premium Wellness Enthusiast,4,0.64,1,1,0,1,1,0,1,1,0,1,1,8,True,"cost, medical, nutrition, design, coolness, seasonal, trendsetter, mood"
ARC-1758,Budget Wellness Tracker,False,Premium Wellness Enthusiast,4,0.64,1,1,0,1,1,0,1,1,1,0,1,8,True,"cost, medical, nutrition, design, coolness, seasonal, eco_friendly, mood"
ARC-1759,Budget Wellness Tracker,False,Premium Wellness Enthusiast,4,0.64,1,1,0,1,1,0,1,1,1,1,0,8,True,"cost, medical, nutrition, design, coolness, seasonal, eco_friendly, trendsetter"
ARC-1768,Budget Wellness Tracker,False,Premium Wellness Enthusiast,4,0.64,1,1,0,1,1,1,0,0,1,1,1,8,True,"cost, medical, nutrition, design, curiosity, eco_friendly, trendsetter, mood"
ARC-1772,Budget Wellness Tracker,False,Premium Wellness Enthusiast,4,0.64,1,1,0,1,1,1,0,1,0,1,1,8,True,"cost, medical, nutrition, design, curiosity, seasonal, trendsetter, mood"
ARC-1774,Budget Wellness Tracker,False,Premium Wellness Enthusiast,4,0.64,1,1,0,1,1,1,0,1,1,0,1,8,True,"cost, medical, nutrition, design, curiosity, seasonal, eco_friendly, mood"
ARC-1775,Budget Wellness Tracker,False,Premium Wellness Enthusiast,4,0.64,1,1,0,1,1,1,0,1,1,1,0,8,True,"cost, medical, nutrition, design, curiosity, seasonal, eco_friendly, trendsetter"
ARC-1780,Budget Wellness Tracker,False,Premium Wellness Enthusiast,4,0.64,1,1,0,1,1,1,1,0,0,1,1,8,True,"cost, medical, nutrition, design, curiosity, coolness, trendsetter, mood"
ARC-1786,Budget Wellness Tracker,False,Premium Wellness Enthusiast,4,0.64,1,1,0,1,1,1,1,1,0,0,1,8,True,"cost, medical, nutrition, design, curiosity, coolness, seasonal, mood"
ARC-1787,Budget Wellness Tracker,False,Premium Wellness Enthusiast,4,0.64,1,1,0,1,1,1,1,1,0,1,0,8,True,"cost, medical, nutrition, design, curiosity, coolness, seasonal, trendsetter"
ARC-1848,Budget Wellness Label Reader,False,Premium Wellness Enthusiast,4,0.64,1,1,1,0,0,1,1,0,1,1,1,8,True,"cost, medical, dietary, curiosity, coolness, eco_friendly, trendsetter, mood"
ARC-1852,Budget Wellness Label Reader,False,Premium Wellness Enthusiast,4,0.64,1,1,1,0,0,1,1,1,0,1,1,8,True,"cost, medical, dietary, curiosity, coolness, seasonal, trendsetter, mood"
ARC-1854,Budget Wellness Label Reader,False,Premium Wellness Enthusiast,4,0.64,1,1,1,0,0,1,1,1,1,0,1,8,True,"cost, medical, dietary, curiosity, coolness, seasonal, eco_friendly, mood"
ARC-1855,Budget Wellness Label Reader,False,Premium Wellness Enthusiast,4,0.64,1,1,1,0,0,1,1,1,1,1,0,8,True,"cost, medical, dietary, curiosity, coolness, seasonal, eco_friendly, trendsetter"
ARC-1880,Budget Wellness Label Reader,False,Premium Wellness Enthusiast,4,0.64,1,1,1,0,1,0,1,0,1,1,1,8,True,"cost, medical, dietary, design, coolness, eco_friendly, trendsetter, mood"
ARC-1884,Budget Wellness Label Reader,False,Premium Wellness Enthusiast,4,0.64,1,1,1,0,1,0,1,1,0,1,1,8,True,"cost, medical, dietary, design, coolness, seasonal, trendsetter, mood"
ARC-1886,Budget Wellness Label Reader,False,Premium Wellness Enthusiast,4,0.64,1,1,1,0,1,0,1,1,1,0,1,8,True,"cost, medical, dietary, design, coolness, seasonal, eco_friendly, mood"
ARC-1887,Budget Wellness Label Reader,False,Premium Wellness Enthusiast,4,0.64,1,1,1,0,1,0,1,1,1,1,0,8,True,"cost, medical, dietary, design, coolness, seasonal, eco_friendly, trendsetter"
ARC-1896,Budget Wellness Label Reader,False,Premium Wellness Enthusiast,4,0.64,1,1,1,0,1,1,0,0,1,1,1,8,True,"cost, medical, dietary, design, curiosity, eco_friendly, trendsetter, mood"
ARC-1900,Budget Wellness Label Reader,False,Premium Wellness Enthusiast,4,0.64,1,1,1,0,1,1,0,1,0,1,1,8,True,"cost, medical, dietary, design, curiosity, seasonal, trendsetter, mood"
ARC-1902,Budget Wellness Label Reader,False,Premium Wellness Enthusiast,4,0.64,1,1,1,0,1,1,0,1,1,0,1,8,True,"cost, medical, dietary, design, curiosity, seasonal, eco_friendly, mood"
ARC-1903,Budget Wellness Label Reader,False,Premium Wellness Enthusiast,4,0.64,1,1,1,0,1,1,0,1,1,1,0,8,True,"cost, medical, dietary, design, curiosity, seasonal, eco_friendly, trendsetter"
ARC-1908,Budget Wellness Label Reader,False,Premium Wellness Enthusiast,4,0.64,1,1,1,0,1,1,1,0,0,1,1,8,True,"cost, medical, dietary, design, curiosity, coolness, trendsetter, mood"
ARC-1914,Budget Wellness Label Reader,False,Premium Wellness Enthusiast,4,0.64,1,1,1,0,1,1,1,1,0,0,1,8,True,"cost, medical, dietary, design, curiosity, coolness, seasonal, mood"
ARC-1915,Budget Wellness Label Reader,False,Premium Wellness Enthusiast,4,0.64,1,1,1,0,1,1,1,1,0,1,0,8,True,"cost, medical, dietary, design, curiosity, coolness, seasonal, trendsetter"
ARC-1944,Budget Wellness Tracker,False,Premium Wellness Enthusiast,4,0.64,1,1,1,1,0,0,1,0,1,1,1,8,True,"cost, medical, dietary, nutrition, coolness, eco_friendly, trendsetter, mood"
ARC-1948,Budget Wellness Tracker,False,Premium Wellness Enthusiast,4,0.64,1,1,1,1,0,0,1,1,0,1,1,8,True,"cost, medical, dietary, nutrition, coolness, seasonal, trendsetter, mood"
ARC-1950,Budget Wellness Tracker,False,Premium Wellness Enthusiast,4,0.64,1,1,1,1,0,0,1,1,1,0,1,8,True,"cost, medical, dietary, nutrition, coolness, seasonal, eco_friendly, mood"
ARC-1951,Budget Wellness Tracker,False,Premium Wellness Enthusiast,4,0.64,1,1,1,1,0,0,1,1,1,1,0,8,True,"cost, medical, dietary, nutrition, coolness, seasonal, eco_friendly, trendsetter"
ARC-1960,Budget Wellness Tracker,False,Premium Wellness Enthusiast,4,0.64,1,1,1,1,0,1,0,0,1,1,1,8,True,"cost, medical, dietary, nutrition, curiosity, eco_friendly, trendsetter, mood"
ARC-1964,Budget Wellness Tracker,False,Premium Wellness Enthusiast,4,0.64,1,1,1,1,0,1,0,1,0,1,1,8,True,"cost, medical, dietary, nutrition, curiosity, seasonal, trendsetter, mood"
ARC-1966,Budget Wellness Tracker,False,Premium Wellness Enthusiast,4,0.64,1,1,1,1,0,1,0,1,1,0,1,8,True,"cost, medical, dietary, nutrition, curiosity, seasonal, eco_friendly, mood"
ARC-1967,Budget Wellness Tracker,False,Premium Wellness Enthusiast,4,0.64,1,1,1,1,0,1,0,1,1,1,0,8,True,"cost, medical, dietary, nutrition, curiosity, seasonal, eco_friendly, trendsetter"
ARC-1972,Budget Wellness Tracker,False,Premium Wellness Enthusiast,4,0.64,1,1,1,1,0,1,1,0,0,1,1,8,True,"cost, medical, dietary, nutrition, curiosity, coolness, trendsetter, mood"
ARC-1978,Budget Wellness Tracker,False,Premium Wellness Enthusiast,4,0.64,1,1,1,1,0,1,1,1,0,0,1,8,True,"cost, medical, dietary, nutrition, curiosity, coolness, seasonal, mood"
ARC-1979,Budget Wellness Tracker,False,Premium Wellness Enthusiast,4,0.64,1,1,1,1,0,1,1,1,0,1,0,8,True,"cost, medical, dietary, nutrition, curiosity, coolness, seasonal, trendsetter"
ARC-1992,Budget Wellness Tracker,False,Premium Wellness Enthusiast,4,0.64,1,1,1,1,1,0,0,0,1,1,1,8,True,"cost, medical, dietary, nutrition, design, eco_friendly, trendsetter, mood"
ARC-1996,Budget Wellness Tracker,False,Premium Wellness Enthusiast,4,0.64,1,1,1,1,1,0,0,1,0,1,1,8,True,"cost, medical, dietary, nutrition, design, seasonal, trendsetter, mood"
ARC-1998,Budget Wellness Tracker,False,Premium Wellness Enthusiast,4,0.64,1,1,1,1,1,0,0,1,1,0,1,8,True,"cost, medical, dietary, nutrition, design, seasonal, eco_friendly, mood"
ARC-1999,Budget Wellness Tracker,False,Premium Wellness Enthusiast,4,0.64,1,1,1,1,1,0,0,1,1,1,0,8,True,"cost, medical, dietary, nutrition, design, seasonal, eco_friendly, trendsetter"
ARC-2004,Budget Wellness Tracker,False,Premium Wellness Enthusiast,4,0.64,1,1,1,1,1,0,1,0,0,1,1,8,True,"cost, medical, dietary, nutrition, design, coolness, trendsetter, mood"
ARC-2010,Budget Wellness Tracker,False,Premium Wellness Enthusiast,4,0.64,1,1,1,1,1,0,1,1,0,0,1,8,True,"cost, medical, dietary, nutrition, design, coolness, seasonal, mood"
ARC-2011,Budget Wellness Tracker,False,Premium Wellness Enthusiast,4,0.64,1,1,1,1,1,0,1,1,0,1,0,8,True,"cost, medical, dietary, nutrition, design, coolness, seasonal, trendsetter"
ARC-2020,Budget Wellness Tracker,False,Premium Wellness Enthusiast,4,0.64,1,1,1,1,1,1,0,0,0,1,1,8,True,"cost, medical, dietary, nutrition, design, curiosity, trendsetter, mood"
ARC-2026,Budget Wellness Tracker,False,Premium Wellness Enthusiast,4,0.64,1,1,1,1,1,1,0,1,0,0,1,8,True,"cost, medical, dietary, nutrition, design, curiosity, seasonal, mood"
ARC-2027,Budget Wellness Tracker,False,Premium Wellness Enthusiast,4,0.64,1,1,1,1,1,1,0,1,0,1,0,8,True,"cost, medical, dietary, nutrition, design, curiosity, seasonal, trendsetter"
ARC-0120,Premium Explorer Follower,False,Premium Wellness Enthusiast,4,0.64,0,0,0,0,1,1,1,0,1,1,1,6,False,"design, curiosity, coolness, eco_friendly, trendsetter, mood"
ARC-0124,Premium Explorer Follower,False,Premium Wellness Enthusiast,4,0.64,0,0,0,0,1,1,1,1,0,1,1,6,False,"design, curiosity, coolness, seasonal, trendsetter, mood"
ARC-0126,Premium Explorer Mood Buyer,False,Premium Wellness Enthusiast,4,0.64,0,0,0,0,1,1,1,1,1,0,1,6,False,"design, curiosity, coolness, seasonal, eco_friendly, mood"
ARC-0127,Premium Explorer Follower,False,Premium Wellness Enthusiast,4,0.64,0,0,0,0,1,1,1,1,1,1,0,6,False,"design, curiosity, coolness, seasonal, eco_friendly, trendsetter"
ARC-0184,Premium Nutrition Explorer,False,Premium Wellness Enthusiast,4,0.64,0,0,0,1,0,1,1,0,1,1,1,6,False,"nutrition, curiosity, coolness, eco_friendly, trendsetter, mood"
ARC-0188,Premium Nutrition Explorer,False,Premium Wellness Enthusiast,4,0.64,0,0,0,1,0,1,1,1,0,1,1,6,False,"nutrition, curiosity, coolness, seasonal, trendsetter, mood"
ARC-0190,Premium Nutrition Explorer,False,Premium Wellness Enthusiast,4,0.64,0,0,0,1,0,1,1,1,1,0,1,6,False,"nutrition, curiosity, coolness, seasonal, eco_friendly, mood"
ARC-0191,Premium Nutrition Explorer,False,Premium Wellness Enthusiast,4,0.64,0,0,0,1,0,1,1,1,1,1,0,6,False,"nutrition, curiosity, coolness, seasonal, eco_friendly, trendsetter"
ARC-0216,Premium Nutrition Follower,False,Premium Wellness Enthusiast,4,0.64,0,0,0,1,1,0,1,0,1,1,1,6,False,"nutrition, design, coolness, eco_friendly, trendsetter, mood"
ARC-0220,Premium Nutrition Follower,False,Premium Wellness Enthusiast,4,0.64,0,0,0,1,1,0,1,1,0,1,1,6,False,"nutrition, design, coolness, seasonal, trendsetter, mood"
ARC-0222,Premium Nutrition Mood Buyer,False,Premium Wellness Enthusiast,4,0.64,0,0,0,1,1,0,1,1,1,0,1,6,False,"nutrition, design, coolness, seasonal, eco_friendly, mood"
ARC-0223,Premium Nutrition Follower,False,Premium Wellness Enthusiast,4,0.64,0,0,0,1,1,0,1,1,1,1,0,6,False,"nutrition, design, coolness, seasonal, eco_friendly, trendsetter"
ARC-0232,Premium Nutrition Explorer,False,Premium Wellness Enthusiast,4,0.64,0,0,0,1,1,1,0,0,1,1,1,6,False,"nutrition, design, curiosity, eco_friendly, trendsetter, mood"
ARC-0236,Premium Nutrition Explorer,False,Premium Wellness Enthusiast,4,0.64,0,0,0,1,1,1,0,1,0,1,1,6,False,"nutrition, design, curiosity, seasonal, trendsetter, mood"
ARC-0238,Premium Nutrition Explorer,False,Premium Wellness Enthusiast,4,0.64,0,0,0,1,1,1,0,1,1,0,1,6,False,"nutrition, design, curiosity, seasonal, eco_friendly, mood"
ARC-0239,Premium Nutrition Explorer,False,Premium Wellness Enthusiast,4,0.64,0,0,0,1,1,1,0,1,1,1,0,6,False,"nutrition, design, curiosity, seasonal, eco_friendly, trendsetter"
ARC-0244,Premium Nutrition Explorer,False,Premium Wellness Enthusiast,4,0.64,0,0,0,1,1,1,1,0,0,1,1,6,False,"nutrition, design, curiosity, coolness, trendsetter, mood"
ARC-0250,Premium Nutrition Explorer,False,Premium Wellness Enthusiast,4,0.64,0,0,0,1,1,1,1,1,0,0,1,6,False,"nutrition, design, curiosity, coolness, seasonal, mood"
ARC-0251,Premium Nutrition Explorer,False,Premium Wellness Enthusiast,4,0.64,0,0,0,1,1,1,1,1,0,1,0,6,False,"nutrition, design, curiosity, coolness, seasonal, trendsetter"
ARC-0312,Premium Diet-Led Explorer,False,Premium Wellness Enthusiast,4,0.64,0,0,1,0,0,1,1,0,1,1,1,6,False,"dietary, curiosity, coolness, eco_friendly, trendsetter, mood"
ARC-0316,Premium Diet-Led Explorer,False,Premium Wellness Enthusiast,4,0.64,0,0,1,0,0,1,1,1,0,1,1,6,False,"dietary, curiosity, coolness, seasonal, trendsetter, mood"
ARC-0318,Premium Diet-Led Explorer,False,Premium Wellness Enthusiast,4,0.64,0,0,1,0,0,1,1,1,1,0,1,6,False,"dietary, curiosity, coolness, seasonal, eco_friendly, mood"
ARC-0319,Premium Diet-Led Explorer,False,Premium Wellness Enthusiast,4,0.64,0,0,1,0,0,1,1,1,1,1,0,6,False,"dietary, curiosity, coolness, seasonal, eco_friendly, trendsetter"
ARC-0344,Premium Diet-Led Follower,False,Premium Wellness Enthusiast,4,0.64,0,0,1,0,1,0,1,0,1,1,1,6,False,"dietary, design, coolness, eco_friendly, trendsetter, mood"
ARC-0348,Premium Diet-Led Follower,False,Premium Wellness Enthusiast,4,0.64,0,0,1,0,1,0,1,1,0,1,1,6,False,"dietary, design, coolness, seasonal, trendsetter, mood"
ARC-0350,Premium Diet-Led Mood Buyer,False,Premium Wellness Enthusiast,4,0.64,0,0,1,0,1,0,1,1,1,0,1,6,False,"dietary, design, coolness, seasonal, eco_friendly, mood"
ARC-0351,Premium Diet-Led Follower,False,Premium Wellness Enthusiast,4,0.64,0,0,1,0,1,0,1,1,1,1,0,6,False,"dietary, design, coolness, seasonal, eco_friendly, trendsetter"
ARC-0360,Premium Diet-Led Explorer,False,Premium Wellness Enthusiast,4,0.64,0,0,1,0,1,1,0,0,1,1,1,6,False,"dietary, design, curiosity, eco_friendly, trendsetter, mood"
ARC-0364,Premium Diet-Led Explorer,False,Premium Wellness Enthusiast,4,0.64,0,0,1,0,1,1,0,1,0,1,1,6,False,"dietary, design, curiosity, seasonal, trendsetter, mood"
ARC-0366,Premium Diet-Led Explorer,False,Premium Wellness Enthusiast,4,0.64,0,0,1,0,1,1,0,1,1,0,1,6,False,"dietary, design, curiosity, seasonal, eco_friendly, mood"
ARC-0367,Premium Diet-Led Explorer,False,Premium Wellness Enthusiast,4,0.64,0,0,1,0,1,1,0,1,1,1,0,6,False,"dietary, design, curiosity, seasonal, eco_friendly, trendsetter"
ARC-0372,Premium Diet-Led Explorer,False,Premium Wellness Enthusiast,4,0.64,0,0,1,0,1,1,1,0,0,1,1,6,False,"dietary, design, curiosity, coolness, trendsetter, mood"
ARC-0378,Premium Diet-Led Explorer,False,Premium Wellness Enthusiast,4,0.64,0,0,1,0,1,1,1,1,0,0,1,6,False,"dietary, design, curiosity, coolness, seasonal, mood"
ARC-0379,Premium Diet-Led Explorer,False,Premium Wellness Enthusiast,4,0.64,0,0,1,0,1,1,1,1,0,1,0,6,False,"dietary, design, curiosity, coolness, seasonal, trendsetter"
ARC-0408,Premium Nutrition Label Reader,False,Premium Wellness Enthusiast,4,0.64,0,0,1,1,0,0,1,0,1,1,1,6,False,"dietary, nutrition, coolness, eco_friendly, trendsetter, mood"
ARC-0412,Premium Nutrition Label Reader,False,Premium Wellness Enthusiast,4,0.64,0,0,1,1,0,0,1,1,0,1,1,6,False,"dietary, nutrition, coolness, seasonal, trendsetter, mood"
ARC-0414,Premium Nutrition Label Reader,False,Premium Wellness Enthusiast,4,0.64,0,0,1,1,0,0,1,1,1,0,1,6,False,"dietary, nutrition, coolness, seasonal, eco_friendly, mood"
ARC-0415,Premium Nutrition Label Reader,False,Premium Wellness Enthusiast,4,0.64,0,0,1,1,0,0,1,1,1,1,0,6,False,"dietary, nutrition, coolness, seasonal, eco_friendly, trendsetter"
ARC-0424,Premium Nutrition Label Reader,False,Premium Wellness Enthusiast,4,0.64,0,0,1,1,0,1,0,0,1,1,1,6,False,"dietary, nutrition, curiosity, eco_friendly, trendsetter, mood"
ARC-0428,Premium Nutrition Label Reader,False,Premium Wellness Enthusiast,4,0.64,0,0,1,1,0,1,0,1,0,1,1,6,False,"dietary, nutrition, curiosity, seasonal, trendsetter, mood"
ARC-0430,Premium Nutrition Label Reader,False,Premium Wellness Enthusiast,4,0.64,0,0,1,1,0,1,0,1,1,0,1,6,False,"dietary, nutrition, curiosity, seasonal, eco_friendly, mood"
ARC-0431,Premium Nutrition Label Reader,False,Premium Wellness Enthusiast,4,0.64,0,0,1,1,0,1,0,1,1,1,0,6,False,"dietary, nutrition, curiosity, seasonal, eco_friendly, trendsetter"
ARC-0436,Premium Nutrition Label Reader,False,Premium Wellness Enthusiast,4,0.64,0,0,1,1,0,1,1,0,0,1,1,6,False,"dietary, nutrition, curiosity, coolness, trendsetter, mood"
ARC-0442,Premium Nutrition Label Reader,False,Premium Wellness Enthusiast,4,0.64,0,0,1,1,0,1,1,1,0,0,1,6,False,"dietary, nutrition, curiosity, coolness, seasonal, mood"
ARC-0443,Premium Nutrition Label Reader,False,Premium Wellness Enthusiast,4,0.64,0,0,1,1,0,1,1,1,0,1,0,6,False,"dietary, nutrition, curiosity, coolness, seasonal, trendsetter"
ARC-0456,Premium Nutrition Label Reader,False,Premium Wellness Enthusiast,4,0.64,0,0,1,1,1,0,0,0,1,1,1,6,False,"dietary, nutrition, design, eco_friendly, trendsetter, mood"
ARC-0460,Premium Nutrition Label Reader,False,Premium Wellness Enthusiast,4,0.64,0,0,1,1,1,0,0,1,0,1,1,6,False,"dietary, nutrition, design, seasonal, trendsetter, mood"
ARC-0462,Premium Nutrition Label Reader,False,Premium Wellness Enthusiast,4,0.64,0,0,1,1,1,0,0,1,1,0,1,6,False,"dietary, nutrition, design, seasonal, eco_friendly, mood"
ARC-0463,Premium Nutrition Label Reader,False,Premium Wellness Enthusiast,4,0.64,0,0,1,1,1,0,0,1,1,1,0,6,False,"dietary, nutrition, design, seasonal, eco_friendly, trendsetter"
ARC-0468,Premium Nutrition Label Reader,False,Premium Wellness Enthusiast,4,0.64,0,0,1,1,1,0,1,0,0,1,1,6,False,"dietary, nutrition, design, coolness, trendsetter, mood"
ARC-0474,Premium Nutrition Label Reader,False,Premium Wellness Enthusiast,4,0.64,0,0,1,1,1,0,1,1,0,0,1,6,False,"dietary, nutrition, design, coolness, seasonal, mood"
ARC-0475,Premium Nutrition Label Reader,False,Premium Wellness Enthusiast,4,0.64,0,0,1,1,1,0,1,1,0,1,0,6,False,"dietary, nutrition, design, coolness, seasonal, trendsetter"
ARC-0484,Premium Nutrition Label Reader,False,Premium Wellness Enthusiast,4,0.64,0,0,1,1,1,1,0,0,0,1,1,6,False,"dietary, nutrition, design, curiosity, trendsetter, mood"
ARC-0490,Premium Nutrition Label Reader,False,Premium Wellness Enthusiast,4,0.64,0,0,1,1,1,1,0,1,0,0,1,6,False,"dietary, nutrition, design, curiosity, seasonal, mood"
ARC-0491,Premium Nutrition Label Reader,False,Premium Wellness Enthusiast,4,0.64,0,0,1,1,1,1,0,1,0,1,0,6,False,"dietary, nutrition, design, curiosity, seasonal, trendsetter"
ARC-0568,Premium Wellness Explorer,False,Premium Wellness Enthusiast,4,0.64,0,1,0,0,0,1,1,0,1,1,1,6,False,"medical, curiosity, coolness, eco_friendly, trendsetter, mood"
ARC-0572,Premium Wellness Explorer,False,Premium Wellness Enthusiast,4,0.64,0,1,0,0,0,1,1,1,0,1,1,6,False,"medical, curiosity, coolness, seasonal, trendsetter, mood"
ARC-0574,Premium Wellness Explorer,False,Premium Wellness Enthusiast,4,0.64,0,1,0,0,0,1,1,1,1,0,1,6,False,"medical, curiosity, coolness, seasonal, eco_friendly, mood"
ARC-0575,Premium Wellness Explorer,False,Premium Wellness Enthusiast,4,0.64,0,1,0,0,0,1,1,1,1,1,0,6,False,"medical, curiosity, coolness, seasonal, eco_friendly, trendsetter"
ARC-0600,Premium Wellness Follower,False,Premium Wellness Enthusiast,4,0.64,0,1,0,0,1,0,1,0,1,1,1,6,False,"medical, design, coolness, eco_friendly, trendsetter, mood"
ARC-0604,Premium Wellness Follower,False,Premium Wellness Enthusiast,4,0.64,0,1,0,0,1,0,1,1,0,1,1,6,False,"medical, design, coolness, seasonal, trendsetter, mood"
ARC-0606,Premium Wellness Mood Buyer,False,Premium Wellness Enthusiast,4,0.64,0,1,0,0,1,0,1,1,1,0,1,6,False,"medical, design, coolness, seasonal, eco_friendly, mood"
ARC-0607,Premium Wellness Follower,False,Premium Wellness Enthusiast,4,0.64,0,1,0,0,1,0,1,1,1,1,0,6,False,"medical, design, coolness, seasonal, eco_friendly, trendsetter"
ARC-0616,Premium Wellness Explorer,False,Premium Wellness Enthusiast,4,0.64,0,1,0,0,1,1,0,0,1,1,1,6,False,"medical, design, curiosity, eco_friendly, trendsetter, mood"
ARC-0620,Premium Wellness Explorer,False,Premium Wellness Enthusiast,4,0.64,0,1,0,0,1,1,0,1,0,1,1,6,False,"medical, design, curiosity, seasonal, trendsetter, mood"
ARC-0622,Premium Wellness Explorer,False,Premium Wellness Enthusiast,4,0.64,0,1,0,0,1,1,0,1,1,0,1,6,False,"medical, design, curiosity, seasonal, eco_friendly, mood"
ARC-0623,Premium Wellness Explorer,False,Premium Wellness Enthusiast,4,0.64,0,1,0,0,1,1,0,1,1,1,0,6,False,"medical, design, curiosity, seasonal, eco_friendly, trendsetter"
ARC-0628,Premium Wellness Explorer,False,Premium Wellness Enthusiast,4,0.64,0,1,0,0,1,1,1,0,0,1,1,6,False,"medical, design, curiosity, coolness, trendsetter, mood"
ARC-0630,Premium Wellness Explorer,False,Premium Wellness Enthusiast,4,0.64,0,1,0,0,1,1,1,0,1,0,1,6,False,"medical, design, curiosity, coolness, eco_friendly, mood"
ARC-0631,Premium Wellness Explorer,False,Premium Wellness Enthusiast,4,0.64,0,1,0,0,1,1,1,0,1,1,0,6,False,"medical, design, curiosity, coolness, eco_friendly, trendsetter"
ARC-0634,Premium Wellness Explorer,False,Premium Wellness Enthusiast,4,0.64,0,1,0,0,1,1,1,1,0,0,1,6,False,"medical, design, curiosity, coolness, seasonal, mood"
ARC-0635,Premium Wellness Explorer,False,Premium Wellness Enthusiast,4,0.64,0,1,0,0,1,1,1,1,0,1,0,6,False,"medical, design, curiosity, coolness, seasonal, trendsetter"
ARC-0637,Premium Wellness Explorer,False,Premium Wellness Enthusiast,4,0.64,0,1,0,0,1,1,1,1,1,0,0,6,False,"medical, design, curiosity, coolness, seasonal, eco_friendly"
ARC-0664,Premium Wellness Tracker,False,Premium Wellness Enthusiast,4,0.64,0,1,0,1,0,0,1,0,1,1,1,6,False,"medical, nutrition, coolness, eco_friendly, trendsetter, mood"
ARC-0668,Premium Wellness Tracker,False,Premium Wellness Enthusiast,4,0.64,0,1,0,1,0,0,1,1,0,1,1,6,False,"medical, nutrition, coolness, seasonal, trendsetter, mood"
ARC-0670,Premium Wellness Tracker,False,Premium Wellness Enthusiast,4,0.64,0,1,0,1,0,0,1,1,1,0,1,6,False,"medical, nutrition, coolness, seasonal, eco_friendly, mood"
ARC-0671,Premium Wellness Tracker,False,Premium Wellness Enthusiast,4,0.64,0,1,0,1,0,0,1,1,1,1,0,6,False,"medical, nutrition, coolness, seasonal, eco_friendly, trendsetter"
ARC-0680,Premium Wellness Tracker,False,Premium Wellness Enthusiast,4,0.64,0,1,0,1,0,1,0,0,1,1,1,6,False,"medical, nutrition, curiosity, eco_friendly, trendsetter, mood"
ARC-0684,Premium Wellness Tracker,False,Premium Wellness Enthusiast,4,0.64,0,1,0,1,0,1,0,1,0,1,1,6,False,"medical, nutrition, curiosity, seasonal, trendsetter, mood"
ARC-0686,Premium Wellness Tracker,False,Premium Wellness Enthusiast,4,0.64,0,1,0,1,0,1,0,1,1,0,1,6,False,"medical, nutrition, curiosity, seasonal, eco_friendly, mood"
ARC-0687,Premium Wellness Tracker,False,Premium Wellness Enthusiast,4,0.64,0,1,0,1,0,1,0,1,1,1,0,6,False,"medical, nutrition, curiosity, seasonal, eco_friendly, trendsetter"
ARC-0692,Premium Wellness Tracker,False,Premium Wellness Enthusiast,4,0.64,0,1,0,1,0,1,1,0,0,1,1,6,False,"medical, nutrition, curiosity, coolness, trendsetter, mood"
ARC-0694,Premium Wellness Tracker,False,Premium Wellness Enthusiast,4,0.64,0,1,0,1,0,1,1,0,1,0,1,6,False,"medical, nutrition, curiosity, coolness, eco_friendly, mood"
ARC-0695,Premium Wellness Tracker,False,Premium Wellness Enthusiast,4,0.64,0,1,0,1,0,1,1,0,1,1,0,6,False,"medical, nutrition, curiosity, coolness, eco_friendly, trendsetter"
ARC-0698,Premium Wellness Tracker,False,Premium Wellness Enthusiast,4,0.64,0,1,0,1,0,1,1,1,0,0,1,6,False,"medical, nutrition, curiosity, coolness, seasonal, mood"
ARC-0699,Premium Wellness Tracker,False,Premium Wellness Enthusiast,4,0.64,0,1,0,1,0,1,1,1,0,1,0,6,False,"medical, nutrition, curiosity, coolness, seasonal, trendsetter"
ARC-0701,Premium Wellness Tracker,False,Premium Wellness Enthusiast,4,0.64,0,1,0,1,0,1,1,1,1,0,0,6,False,"medical, nutrition, curiosity, coolness, seasonal, eco_friendly"
ARC-0712,Premium Wellness Tracker,False,Premium Wellness Enthusiast,4,0.64,0,1,0,1,1,0,0,0,1,1,1,6,False,"medical, nutrition, design, eco_friendly, trendsetter, mood"
ARC-0716,Premium Wellness Tracker,False,Premium Wellness Enthusiast,4,0.64,0,1,0,1,1,0,0,1,0,1,1,6,False,"medical, nutrition, design, seasonal, trendsetter, mood"
ARC-0718,Premium Wellness Tracker,False,Premium Wellness Enthusiast,4,0.64,0,1,0,1,1,0,0,1,1,0,1,6,False,"medical, nutrition, design, seasonal, eco_friendly, mood"
ARC-0719,Premium Wellness Tracker,False,Premium Wellness Enthusiast,4,0.64,0,1,0,1,1,0,0,1,1,1,0,6,False,"medical, nutrition, design, seasonal, eco_friendly, trendsetter"
ARC-0724,Premium Wellness Tracker,False,Premium Wellness Enthusiast,4,0.64,0,1,0,1,1,0,1,0,0,1,1,6,False,"medical, nutrition, design, coolness, trendsetter, mood"
ARC-0726,Premium Wellness Tracker,False,Premium Wellness Enthusiast,4,0.64,0,1,0,1,1,0,1,0,1,0,1,6,False,"medical, nutrition, design, coolness, eco_friendly, mood"
ARC-0727,Premium Wellness Tracker,False,Premium Wellness Enthusiast,4,0.64,0,1,0,1,1,0,1,0,1,1,0,6,False,"medical, nutrition, design, coolness, eco_friendly, trendsetter"
ARC-0730,Premium Wellness Tracker,False,Premium Wellness Enthusiast,4,0.64,0,1,0,1,1,0,1,1,0,0,1,6,False,"medical, nutrition, design, coolness, seasonal, mood"
ARC-0731,Premium Wellness Tracker,False,Premium Wellness Enthusiast,4,0.64,0,1,0,1,1,0,1,1,0,1,0,6,False,"medical, nutrition, design, coolness, seasonal, trendsetter"
ARC-0733,Premium Wellness Tracker,False,Premium Wellness Enthusiast,4,0.64,0,1,0,1,1,0,1,1,1,0,0,6,False,"medical, nutrition, design, coolness, seasonal, eco_friendly"
ARC-0740,Premium Wellness Tracker,False,Premium Wellness Enthusiast,4,0.64,0,1,0,1,1,1,0,0,0,1,1,6,False,"medical, nutrition, design, curiosity, trendsetter, mood"
ARC-0742,Premium Wellness Tracker,False,Premium Wellness Enthusiast,4,0.64,0,1,0,1,1,1,0,0,1,0,1,6,False,"medical, nutrition, design, curiosity, eco_friendly, mood"
ARC-0743,Premium Wellness Tracker,False,Premium Wellness Enthusiast,4,0.64,0,1,0,1,1,1,0,0,1,1,0,6,False,"medical, nutrition, design, curiosity, eco_friendly, trendsetter"
ARC-0746,Premium Wellness Tracker,False,Premium Wellness Enthusiast,4,0.64,0,1,0,1,1,1,0,1,0,0,1,6,False,"medical, nutrition, design, curiosity, seasonal, mood"
ARC-0747,Premium Wellness Tracker,False,Premium Wellness Enthusiast,4,0.64,0,1,0,1,1,1,0,1,0,1,0,6,False,"medical, nutrition, design, curiosity, seasonal, trendsetter"
ARC-0749,Premium Wellness Tracker,False,Premium Wellness Enthusiast,4,0.64,0,1,0,1,1,1,0,1,1,0,0,6,False,"medical, nutrition, design, curiosity, seasonal, eco_friendly"
ARC-0754,Premium Wellness Tracker,False,Premium Wellness Enthusiast,4,0.64,0,1,0,1,1,1,1,0,0,0,1,6,False,"medical, nutrition, design, curiosity, coolness, mood"
ARC-0755,Premium Wellness Tracker,False,Premium Wellness Enthusiast,4,0.64,0,1,0,1,1,1,1,0,0,1,0,6,False,"medical, nutrition, design, curiosity, coolness, trendsetter"
ARC-0761,Premium Wellness Tracker,False,Premium Wellness Enthusiast,4,0.64,0,1,0,1,1,1,1,1,0,0,0,6,False,"medical, nutrition, design, curiosity, coolness, seasonal"
ARC-0792,Premium Wellness Label Reader,False,Premium Wellness Enthusiast,4,0.64,0,1,1,0,0,0,1,0,1,1,1,6,False,"medical, dietary, coolness, eco_friendly, trendsetter, mood"
ARC-0796,Premium Wellness Label Reader,False,Premium Wellness Enthusiast,4,0.64,0,1,1,0,0,0,1,1,0,1,1,6,False,"medical, dietary, coolness, seasonal, trendsetter, mood"
ARC-0798,Premium Wellness Label Reader,False,Premium Wellness Enthusiast,4,0.64,0,1,1,0,0,0,1,1,1,0,1,6,False,"medical, dietary, coolness, seasonal, eco_friendly, mood"
ARC-0799,Premium Wellness Label Reader,False,Premium Wellness Enthusiast,4,0.64,0,1,1,0,0,0,1,1,1,1,0,6,False,"medical, dietary, coolness, seasonal, eco_friendly, trendsetter"
ARC-0808,Premium Wellness Label Reader,False,Premium Wellness Enthusiast,4,0.64,0,1,1,0,0,1,0,0,1,1,1,6,False,"medical, dietary, curiosity, eco_friendly, trendsetter, mood"
ARC-0812,Premium Wellness Label Reader,False,Premium Wellness Enthusiast,4,0.64,0,1,1,0,0,1,0,1,0,1,1,6,False,"medical, dietary, curiosity, seasonal, trendsetter, mood"
ARC-0814,Premium Wellness Label Reader,False,Premium Wellness Enthusiast,4,0.64,0,1,1,0,0,1,0,1,1,0,1,6,False,"medical, dietary, curiosity, seasonal, eco_friendly, mood"
ARC-0815,Premium Wellness Label Reader,False,Premium Wellness Enthusiast,4,0.64,0,1,1,0,0,1,0,1,1,1,0,6,False,"medical, dietary, curiosity, seasonal, eco_friendly, trendsetter"
ARC-0820,Premium Wellness Label Reader,False,Premium Wellness Enthusiast,4,0.64,0,1,1,0,0,1,1,0,0,1,1,6,False,"medical, dietary, curiosity, coolness, trendsetter, mood"
ARC-0822,Premium Wellness Label Reader,False,Premium Wellness Enthusiast,4,0.64,0,1,1,0,0,1,1,0,1,0,1,6,False,"medical, dietary, curiosity, coolness, eco_friendly, mood"
ARC-0823,Premium Wellness Label Reader,False,Premium Wellness Enthusiast,4,0.64,0,1,1,0,0,1,1,0,1,1,0,6,False,"medical, dietary, curiosity, coolness, eco_friendly, trendsetter"
ARC-0826,Premium Wellness Label Reader,False,Premium Wellness Enthusiast,4,0.64,0,1,1,0,0,1,1,1,0,0,1,6,False,"medical, dietary, curiosity, coolness, seasonal, mood"
ARC-0827,Premium Wellness Label Reader,False,Premium Wellness Enthusiast,4,0.64,0,1,1,0,0,1,1,1,0,1,0,6,False,"medical, dietary, curiosity, coolness, seasonal, trendsetter"
ARC-0829,Premium Wellness Label Reader,False,Premium Wellness Enthusiast,4,0.64,0,1,1,0,0,1,1,1,1,0,0,6,False,"medical, dietary, curiosity, coolness, seasonal, eco_friendly"
ARC-0840,Premium Wellness Label Reader,False,Premium Wellness Enthusiast,4,0.64,0,1,1,0,1,0,0,0,1,1,1,6,False,"medical, dietary, design, eco_friendly, trendsetter, mood"
ARC-0844,Premium Wellness Label Reader,False,Premium Wellness Enthusiast,4,0.64,0,1,1,0,1,0,0,1,0,1,1,6,False,"medical, dietary, design, seasonal, trendsetter, mood"
ARC-0846,Premium Wellness Label Reader,False,Premium Wellness Enthusiast,4,0.64,0,1,1,0,1,0,0,1,1,0,1,6,False,"medical, dietary, design, seasonal, eco_friendly, mood"
ARC-0847,Premium Wellness Label Reader,False,Premium Wellness Enthusiast,4,0.64,0,1,1,0,1,0,0,1,1,1,0,6,False,"medical, dietary, design, seasonal, eco_friendly, trendsetter"
ARC-0852,Premium Wellness Label Reader,False,Premium Wellness Enthusiast,4,0.64,0,1,1,0,1,0,1,0,0,1,1,6,False,"medical, dietary, design, coolness, trendsetter, mood"
ARC-0854,Premium Wellness Label Reader,False,Premium Wellness Enthusiast,4,0.64,0,1,1,0,1,0,1,0,1,0,1,6,False,"medical, dietary, design, coolness, eco_friendly, mood"
ARC-0855,Premium Wellness Label Reader,False,Premium Wellness Enthusiast,4,0.64,0,1,1,0,1,0,1,0,1,1,0,6,False,"medical, dietary, design, coolness, eco_friendly, trendsetter"
ARC-0858,Premium Wellness Label Reader,False,Premium Wellness Enthusiast,4,0.64,0,1,1,0,1,0,1,1,0,0,1,6,False,"medical, dietary, design, coolness, seasonal, mood"
ARC-0859,Premium Wellness Label Reader,False,Premium Wellness Enthusiast,4,0.64,0,1,1,0,1,0,1,1,0,1,0,6,False,"medical, dietary, design, coolness, seasonal, trendsetter"
ARC-0861,Premium Wellness Label Reader,False,Premium Wellness Enthusiast,4,0.64,0,1,1,0,1,0,1,1,1,0,0,6,False,"medical, dietary, design, coolness, seasonal, eco_friendly"
ARC-0868,Premium Wellness Label Reader,False,Premium Wellness Enthusiast,4,0.64,0,1,1,0,1,1,0,0,0,1,1,6,False,"medical, dietary, design, curiosity, trendsetter, mood"
ARC-0870,Premium Wellness Label Reader,False,Premium Wellness Enthusiast,4,0.64,0,1,1,0,1,1,0,0,1,0,1,6,False,"medical, dietary, design, curiosity, eco_friendly, mood"
ARC-0871,Premium Wellness Label Reader,False,Premium Wellness Enthusiast,4,0.64,0,1,1,0,1,1,0,0,1,1,0,6,False,"medical, dietary, design, curiosity, eco_friendly, trendsetter"
ARC-0874,Premium Wellness Label Reader,False,Premium Wellness Enthusiast,4,0.64,0,1,1,0,1,1,0,1,0,0,1,6,False,"medical, dietary, design, curiosity, seasonal, mood"
ARC-0875,Premium Wellness Label Reader,False,Premium Wellness Enthusiast,4,0.64,0,1,1,0,1,1,0,1,0,1,0,6,False,"medical, dietary, design, curiosity, seasonal, trendsetter"
ARC-0877,Premium Wellness Label Reader,False,Premium Wellness Enthusiast,4,0.64,0,1,1,0,1,1,0,1,1,0,0,6,False,"medical, dietary, design, curiosity, seasonal, eco_friendly"
ARC-0882,Premium Wellness Label Reader,False,Premium Wellness Enthusiast,4,0.64,0,1,1,0,1,1,1,0,0,0,1,6,False,"medical, dietary, design, curiosity, coolness, mood"
ARC-0883,Premium Wellness Label Reader,False,Premium Wellness Enthusiast,4,0.64,0,1,1,0,1,1,1,0,0,1,0,6,False,"medical, dietary, design, curiosity, coolness, trendsetter"
ARC-0889,Premium Wellness Label Reader,False,Premium Wellness Enthusiast,4,0.64,0,1,1,0,1,1,1,1,0,0,0,6,False,"medical, dietary, design, curiosity, coolness, seasonal"
ARC-0904,Premium Wellness Tracker,False,Premium Wellness Enthusiast,4,0.64,0,1,1,1,0,0,0,0,1,1,1,6,False,"medical, dietary, nutrition, eco_friendly, trendsetter, mood"
ARC-0908,Premium Wellness Tracker,False,Premium Wellness Enthusiast,4,0.64,0,1,1,1,0,0,0,1,0,1,1,6,False,"medical, dietary, nutrition, seasonal, trendsetter, mood"
ARC-0910,Premium Wellness Tracker,False,Premium Wellness Enthusiast,4,0.64,0,1,1,1,0,0,0,1,1,0,1,6,False,"medical, dietary, nutrition, seasonal, eco_friendly, mood"
ARC-0911,Premium Wellness Tracker,False,Premium Wellness Enthusiast,4,0.64,0,1,1,1,0,0,0,1,1,1,0,6,False,"medical, dietary, nutrition, seasonal, eco_friendly, trendsetter"
ARC-0916,Premium Wellness Tracker,False,Premium Wellness Enthusiast,4,0.64,0,1,1,1,0,0,1,0,0,1,1,6,False,"medical, dietary, nutrition, coolness, trendsetter, mood"
ARC-0918,Premium Wellness Tracker,False,Premium Wellness Enthusiast,4,0.64,0,1,1,1,0,0,1,0,1,0,1,6,False,"medical, dietary, nutrition, coolness, eco_friendly, mood"
ARC-0919,Premium Wellness Tracker,False,Premium Wellness Enthusiast,4,0.64,0,1,1,1,0,0,1,0,1,1,0,6,False,"medical, dietary, nutrition, coolness, eco_friendly, trendsetter"
ARC-0922,Premium Wellness Tracker,False,Premium Wellness Enthusiast,4,0.64,0,1,1,1,0,0,1,1,0,0,1,6,False,"medical, dietary, nutrition, coolness, seasonal, mood"
ARC-0923,Premium Wellness Tracker,False,Premium Wellness Enthusiast,4,0.64,0,1,1,1,0,0,1,1,0,1,0,6,False,"medical, dietary, nutrition, coolness, seasonal, trendsetter"
ARC-0925,Premium Wellness Tracker,False,Premium Wellness Enthusiast,4,0.64,0,1,1,1,0,0,1,1,1,0,0,6,False,"medical, dietary, nutrition, coolness, seasonal, eco_friendly"
ARC-0932,Premium Wellness Tracker,False,Premium Wellness Enthusiast,4,0.64,0,1,1,1,0,1,0,0,0,1,1,6,False,"medical, dietary, nutrition, curiosity, trendsetter, mood"
ARC-0934,Premium Wellness Tracker,False,Premium Wellness Enthusiast,4,0.64,0,1,1,1,0,1,0,0,1,0,1,6,False,"medical, dietary, nutrition, curiosity, eco_friendly, mood"
ARC-0935,Premium Wellness Tracker,False,Premium Wellness Enthusiast,4,0.64,0,1,1,1,0,1,0,0,1,1,0,6,False,"medical, dietary, nutrition, curiosity, eco_friendly, trendsetter"
ARC-0938,Premium Wellness Tracker,False,Premium Wellness Enthusiast,4,0.64,0,1,1,1,0,1,0,1,0,0,1,6,False,"medical, dietary, nutrition, curiosity, seasonal, mood"
ARC-0939,Premium Wellness Tracker,False,Premium Wellness Enthusiast,4,0.64,0,1,1,1,0,1,0,1,0,1,0,6,False,"medical, dietary, nutrition, curiosity, seasonal, trendsetter"
ARC-0941,Premium Wellness Tracker,False,Premium Wellness Enthusiast,4,0.64,0,1,1,1,0,1,0,1,1,0,0,6,False,"medical, dietary, nutrition, curiosity, seasonal, eco_friendly"
ARC-0946,Premium Wellness Tracker,False,Premium Wellness Enthusiast,4,0.64,0,1,1,1,0,1,1,0,0,0,1,6,False,"medical, dietary, nutrition, curiosity, coolness, mood"
ARC-0947,Premium Wellness Tracker,False,Premium Wellness Enthusiast,4,0.64,0,1,1,1,0,1,1,0,0,1,0,6,False,"medical, dietary, nutrition, curiosity, coolness, trendsetter"
ARC-0953,Premium Wellness Tracker,False,Premium Wellness Enthusiast,4,0.64,0,1,1,1,0,1,1,1,0,0,0,6,False,"medical, dietary, nutrition, curiosity, coolness, seasonal"
ARC-0964,Premium Wellness Tracker,False,Premium Wellness Enthusiast,4,0.64,0,1,1,1,1,0,0,0,0,1,1,6,False,"medical, dietary, nutrition, design, trendsetter, mood"
ARC-0966,Premium Wellness Tracker,False,Premium Wellness Enthusiast,4,0.64,0,1,1,1,1,0,0,0,1,0,1,6,False,"medical, dietary, nutrition, design, eco_friendly, mood"
ARC-0967,Premium Wellness Tracker,False,Premium Wellness Enthusiast,4,0.64,0,1,1,1,1,0,0,0,1,1,0,6,False,"medical, dietary, nutrition, design, eco_friendly, trendsetter"
ARC-0970,Premium Wellness Tracker,False,Premium Wellness Enthusiast,4,0.64,0,1,1,1,1,0,0,1,0,0,1,6,False,"medical, dietary, nutrition, design, seasonal, mood"
ARC-0971,Premium Wellness Tracker,False,Premium Wellness Enthusiast,4,0.64,0,1,1,1,1,0,0,1,0,1,0,6,False,"medical, dietary, nutrition, design, seasonal, trendsetter"
ARC-0973,Premium Wellness Tracker,False,Premium Wellness Enthusiast,4,0.64,0,1,1,1,1,0,0,1,1,0,0,6,False,"medical, dietary, nutrition, design, seasonal, eco_friendly"
ARC-0978,Premium Wellness Tracker,False,Premium Wellness Enthusiast,4,0.64,0,1,1,1,1,0,1,0,0,0,1,6,False,"medical, dietary, nutrition, design, coolness, mood"
ARC-0979,Premium Wellness Tracker,False,Premium Wellness Enthusiast,4,0.64,0,1,1,1,1,0,1,0,0,1,0,6,False,"medical, dietary, nutrition, design, coolness, trendsetter"
ARC-0985,Premium Wellness Tracker,False,Premium Wellness Enthusiast,4,0.64,0,1,1,1,1,0,1,1,0,0,0,6,False,"medical, dietary, nutrition, design, coolness, seasonal"
ARC-0994,Premium Wellness Tracker,False,Premium Wellness Enthusiast,4,0.64,0,1,1,1,1,1,0,0,0,0,1,6,False,"medical, dietary, nutrition, design, curiosity, mood"
ARC-0995,Premium Wellness Tracker,False,Premium Wellness Enthusiast,4,0.64,0,1,1,1,1,1,0,0,0,1,0,6,False,"medical, dietary, nutrition, design, curiosity, trendsetter"
ARC-1001,Premium Wellness Tracker,False,Premium Wellness Enthusiast,4,0.64,0,1,1,1,1,1,0,1,0,0,0,6,False,"medical, dietary, nutrition, design, curiosity, seasonal"
ARC-1652,Budget Wellness Explorer,False,Premium Wellness Enthusiast,5,0.55,1,1,0,0,1,1,1,0,0,1,1,7,True,"cost, medical, design, curiosity, coolness, trendsetter, mood"
ARC-1658,Budget Wellness Explorer,False,Premium Wellness Enthusiast,5,0.55,1,1,0,0,1,1,1,1,0,0,1,7,True,"cost, medical, design, curiosity, coolness, seasonal, mood"
ARC-1659,Budget Wellness Explorer,False,Premium Wellness Enthusiast,5,0.55,1,1,0,0,1,1,1,1,0,1,0,7,True,"cost, medical, design, curiosity, coolness, seasonal, trendsetter"
ARC-1716,Budget Wellness Tracker,False,Premium Wellness Enthusiast,5,0.55,1,1,0,1,0,1,1,0,0,1,1,7,True,"cost, medical, nutrition, curiosity, coolness, trendsetter, mood"
ARC-1722,Budget Wellness Tracker,False,Premium Wellness Enthusiast,5,0.55,1,1,0,1,0,1,1,1,0,0,1,7,True,"cost, medical, nutrition, curiosity, coolness, seasonal, mood"
ARC-1723,Budget Wellness Tracker,False,Premium Wellness Enthusiast,5,0.55,1,1,0,1,0,1,1,1,0,1,0,7,True,"cost, medical, nutrition, curiosity, coolness, seasonal, trendsetter"
ARC-1748,Budget Wellness Tracker,False,Premium Wellness Enthusiast,5,0.55,1,1,0,1,1,0,1,0,0,1,1,7,True,"cost, medical, nutrition, design, coolness, trendsetter, mood"
ARC-1754,Budget Wellness Tracker,False,Premium Wellness Enthusiast,5,0.55,1,1,0,1,1,0,1,1,0,0,1,7,True,"cost, medical, nutrition, design, coolness, seasonal, mood"
ARC-1755,Budget Wellness Tracker,False,Premium Wellness Enthusiast,5,0.55,1,1,0,1,1,0,1,1,0,1,0,7,True,"cost, medical, nutrition, design, coolness, seasonal, trendsetter"
ARC-1764,Budget Wellness Tracker,False,Premium Wellness Enthusiast,5,0.55,1,1,0,1,1,1,0,0,0,1,1,7,True,"cost, medical, nutrition, design, curiosity, trendsetter, mood"
ARC-1770,Budget Wellness Tracker,False,Premium Wellness Enthusiast,5,0.55,1,1,0,1,1,1,0,1,0,0,1,7,True,"cost, medical, nutrition, design, curiosity, seasonal, mood"
ARC-1771,Budget Wellness Tracker,False,Premium Wellness Enthusiast,5,0.55,1,1,0,1,1,1,0,1,0,1,0,7,True,"cost, medical, nutrition, design, curiosity, seasonal, trendsetter"
ARC-1844,Budget Wellness Label Reader,False,Premium Wellness Enthusiast,5,0.55,1,1,1,0,0,1,1,0,0,1,1,7,True,"cost, medical, dietary, curiosity, coolness, trendsetter, mood"
ARC-1850,Budget Wellness Label Reader,False,Premium Wellness Enthusiast,5,0.55,1,1,1,0,0,1,1,1,0,0,1,7,True,"cost, medical, dietary, curiosity, coolness, seasonal, mood"
ARC-1851,Budget Wellness Label Reader,False,Premium Wellness Enthusiast,5,0.55,1,1,1,0,0,1,1,1,0,1,0,7,True,"cost, medical, dietary, curiosity, coolness, seasonal, trendsetter"
ARC-1876,Budget Wellness Label Reader,False,Premium Wellness Enthusiast,5,0.55,1,1,1,0,1,0,1,0,0,1,1,7,True,"cost, medical, dietary, design, coolness, trendsetter, mood"
ARC-1882,Budget Wellness Label Reader,False,Premium Wellness Enthusiast,5,0.55,1,1,1,0,1,0,1,1,0,0,1,7,True,"cost, medical, dietary, design, coolness, seasonal, mood"
ARC-1883,Budget Wellness Label Reader,False,Premium Wellness Enthusiast,5,0.55,1,1,1,0,1,0,1,1,0,1,0,7,True,"cost, medical, dietary, design, coolness, seasonal, trendsetter"
ARC-1892,Budget Wellness Label Reader,False,Premium Wellness Enthusiast,5,0.55,1,1,1,0,1,1,0,0,0,1,1,7,True,"cost, medical, dietary, design, curiosity, trendsetter, mood"
ARC-1898,Budget Wellness Label Reader,False,Premium Wellness Enthusiast,5,0.55,1,1,1,0,1,1,0,1,0,0,1,7,True,"cost, medical, dietary, design, curiosity, seasonal, mood"
ARC-1899,Budget Wellness Label Reader,False,Premium Wellness Enthusiast,5,0.55,1,1,1,0,1,1,0,1,0,1,0,7,True,"cost, medical, dietary, design, curiosity, seasonal, trendsetter"
ARC-1940,Budget Wellness Tracker,False,Premium Wellness Enthusiast,5,0.55,1,1,1,1,0,0,1,0,0,1,1,7,True,"cost, medical, dietary, nutrition, coolness, trendsetter, mood"
ARC-1946,Budget Wellness Tracker,False,Premium Wellness Enthusiast,5,0.55,1,1,1,1,0,0,1,1,0,0,1,7,True,"cost, medical, dietary, nutrition, coolness, seasonal, mood"
ARC-1947,Budget Wellness Tracker,False,Premium Wellness Enthusiast,5,0.55,1,1,1,1,0,0,1,1,0,1,0,7,True,"cost, medical, dietary, nutrition, coolness, seasonal, trendsetter"
ARC-1956,Budget Wellness Tracker,False,Premium Wellness Enthusiast,5,0.55,1,1,1,1,0,1,0,0,0,1,1,7,True,"cost, medical, dietary, nutrition, curiosity, trendsetter, mood"
ARC-1962,Budget Wellness Tracker,False,Premium Wellness Enthusiast,5,0.55,1,1,1,1,0,1,0,1,0,0,1,7,True,"cost, medical, dietary, nutrition, curiosity, seasonal, mood"
ARC-1963,Budget Wellness Tracker,False,Premium Wellness Enthusiast,5,0.55,1,1,1,1,0,1,0,1,0,1,0,7,True,"cost, medical, dietary, nutrition, curiosity, seasonal, trendsetter"
ARC-1988,Budget Wellness Tracker,False,Premium Wellness Enthusiast,5,0.55,1,1,1,1,1,0,0,0,0,1,1,7,True,"cost, medical, dietary, nutrition, design, trendsetter, mood"
ARC-1994,Budget Wellness Tracker,False,Premium Wellness Enthusiast,5,0.55,1,1,1,1,1,0,0,1,0,0,1,7,True,"cost, medical, dietary, nutrition, design, seasonal, mood"
ARC-1995,Budget Wellness Tracker,False,Premium Wellness Enthusiast,5,0.55,1,1,1,1,1,0,0,1,0,1,0,7,True,"cost, medical, dietary, nutrition, design, seasonal, trendsetter"
ARC-0116,Premium Explorer Follower,False,Premium Wellness Enthusiast,5,0.55,0,0,0,0,1,1,1,0,0,1,1,5,False,"design, curiosity, coolness, trendsetter, mood"
ARC-0122,Premium Explorer Mood Buyer,False,Premium Wellness Enthusiast,5,0.55,0,0,0,0,1,1,1,1,0,0,1,5,False,"design, curiosity, coolness, seasonal, mood"
ARC-0123,Premium Explorer Follower,False,Premium Wellness Enthusiast,5,0.55,0,0,0,0,1,1,1,1,0,1,0,5,False,"design, curiosity, coolness, seasonal, trendsetter"
ARC-0180,Premium Nutrition Explorer,False,Premium Wellness Enthusiast,5,0.55,0,0,0,1,0,1,1,0,0,1,1,5,False,"nutrition, curiosity, coolness, trendsetter, mood"
ARC-0186,Premium Nutrition Explorer,False,Premium Wellness Enthusiast,5,0.55,0,0,0,1,0,1,1,1,0,0,1,5,False,"nutrition, curiosity, coolness, seasonal, mood"
ARC-0187,Premium Nutrition Explorer,False,Premium Wellness Enthusiast,5,0.55,0,0,0,1,0,1,1,1,0,1,0,5,False,"nutrition, curiosity, coolness, seasonal, trendsetter"
ARC-0212,Premium Nutrition Follower,False,Premium Wellness Enthusiast,5,0.55,0,0,0,1,1,0,1,0,0,1,1,5,False,"nutrition, design, coolness, trendsetter, mood"
ARC-0218,Premium Nutrition Mood Buyer,False,Premium Wellness Enthusiast,5,0.55,0,0,0,1,1,0,1,1,0,0,1,5,False,"nutrition, design, coolness, seasonal, mood"
ARC-0219,Premium Nutrition Follower,False,Premium Wellness Enthusiast,5,0.55,0,0,0,1,1,0,1,1,0,1,0,5,False,"nutrition, design, coolness, seasonal, trendsetter"
ARC-0228,Premium Nutrition Explorer,False,Premium Wellness Enthusiast,5,0.55,0,0,0,1,1,1,0,0,0,1,1,5,False,"nutrition, design, curiosity, trendsetter, mood"
ARC-0234,Premium Nutrition Explorer,False,Premium Wellness Enthusiast,5,0.55,0,0,0,1,1,1,0,1,0,0,1,5,False,"nutrition, design, curiosity, seasonal, mood"
ARC-0235,Premium Nutrition Explorer,False,Premium Wellness Enthusiast,5,0.55,0,0,0,1,1,1,0,1,0,1,0,5,False,"nutrition, design, curiosity, seasonal, trendsetter"
ARC-0308,Premium Diet-Led Explorer,False,Premium Wellness Enthusiast,5,0.55,0,0,1,0,0,1,1,0,0,1,1,5,False,"dietary, curiosity, coolness, trendsetter, mood"
ARC-0314,Premium Diet-Led Explorer,False,Premium Wellness Enthusiast,5,0.55,0,0,1,0,0,1,1,1,0,0,1,5,False,"dietary, curiosity, coolness, seasonal, mood"
ARC-0315,Premium Diet-Led Explorer,False,Premium Wellness Enthusiast,5,0.55,0,0,1,0,0,1,1,1,0,1,0,5,False,"dietary, curiosity, coolness, seasonal, trendsetter"
ARC-0340,Premium Diet-Led Follower,False,Premium Wellness Enthusiast,5,0.55,0,0,1,0,1,0,1,0,0,1,1,5,False,"dietary, design, coolness, trendsetter, mood"
ARC-0346,Premium Diet-Led Mood Buyer,False,Premium Wellness Enthusiast,5,0.55,0,0,1,0,1,0,1,1,0,0,1,5,False,"dietary, design, coolness, seasonal, mood"
ARC-0347,Premium Diet-Led Follower,False,Premium Wellness Enthusiast,5,0.55,0,0,1,0,1,0,1,1,0,1,0,5,False,"dietary, design, coolness, seasonal, trendsetter"
ARC-0356,Premium Diet-Led Explorer,False,Premium Wellness Enthusiast,5,0.55,0,0,1,0,1,1,0,0,0,1,1,5,False,"dietary, design, curiosity, trendsetter, mood"
ARC-0362,Premium Diet-Led Explorer,False,Premium Wellness Enthusiast,5,0.55,0,0,1,0,1,1,0,1,0,0,1,5,False,"dietary, design, curiosity, seasonal, mood"
ARC-0363,Premium Diet-Led Explorer,False,Premium Wellness Enthusiast,5,0.55,0,0,1,0,1,1,0,1,0,1,0,5,False,"dietary, design, curiosity, seasonal, trendsetter"
ARC-0404,Premium Nutrition Label Reader,False,Premium Wellness Enthusiast,5,0.55,0,0,1,1,0,0,1,0,0,1,1,5,False,"dietary, nutrition, coolness, trendsetter, mood"
ARC-0410,Premium Nutrition Label Reader,False,Premium Wellness Enthusiast,5,0.55,0,0,1,1,0,0,1,1,0,0,1,5,False,"dietary, nutrition, coolness, seasonal, mood"
ARC-0411,Premium Nutrition Label Reader,False,Premium Wellness Enthusiast,5,0.55,0,0,1,1,0,0,1,1,0,1,0,5,False,"dietary, nutrition, coolness, seasonal, trendsetter"
ARC-0420,Premium Nutrition Label Reader,False,Premium Wellness Enthusiast,5,0.55,0,0,1,1,0,1,0,0,0,1,1,5,False,"dietary, nutrition, curiosity, trendsetter, mood"
ARC-0426,Premium Nutrition Label Reader,False,Premium Wellness Enthusiast,5,0.55,0,0,1,1,0,1,0,1,0,0,1,5,False,"dietary, nutrition, curiosity, seasonal, mood"
ARC-0427,Premium Nutrition Label Reader,False,Premium Wellness Enthusiast,5,0.55,0,0,1,1,0,1,0,1,0,1,0,5,False,"dietary, nutrition, curiosity, seasonal, trendsetter"
ARC-0452,Premium Nutrition Label Reader,False,Premium Wellness Enthusiast,5,0.55,0,0,1,1,1,0,0,0,0,1,1,5,False,"dietary, nutrition, design, trendsetter, mood"
ARC-0458,Premium Nutrition Label Reader,False,Premium Wellness Enthusiast,5,0.55,0,0,1,1,1,0,0,1,0,0,1,5,False,"dietary, nutrition, design, seasonal, mood"
ARC-0459,Premium Nutrition Label Reader,False,Premium Wellness Enthusiast,5,0.55,0,0,1,1,1,0,0,1,0,1,0,5,False,"dietary, nutrition, design, seasonal, trendsetter"
ARC-0564,Premium Wellness Explorer,False,Premium Wellness Enthusiast,5,0.55,0,1,0,0,0,1,1,0,0,1,1,5,False,"medical, curiosity, coolness, trendsetter, mood"
ARC-0566,Premium Wellness Explorer,False,Premium Wellness Enthusiast,5,0.55,0,1,0,0,0,1,1,0,1,0,1,5,False,"medical, curiosity, coolness, eco_friendly, mood"
ARC-0567,Premium Wellness Explorer,False,Premium Wellness Enthusiast,5,0.55,0,1,0,0,0,1,1,0,1,1,0,5,False,"medical, curiosity, coolness, eco_friendly, trendsetter"
ARC-0570,Premium Wellness Explorer,False,Premium Wellness Enthusiast,5,0.55,0,1,0,0,0,1,1,1,0,0,1,5,False,"medical, curiosity, coolness, seasonal, mood"
ARC-0571,Premium Wellness Explorer,False,Premium Wellness Enthusiast,5,0.55,0,1,0,0,0,1,1,1,0,1,0,5,False,"medical, curiosity, coolness, seasonal, trendsetter"
ARC-0573,Premium Wellness Explorer,False,Premium Wellness Enthusiast,5,0.55,0,1,0,0,0,1,1,1,1,0,0,5,False,"medical, curiosity, coolness, seasonal, eco_friendly"
ARC-0596,Premium Wellness Follower,False,Premium Wellness Enthusiast,5,0.55,0,1,0,0,1,0,1,0,0,1,1,5,False,"medical, design, coolness, trendsetter, mood"
ARC-0598,Premium Wellness Mood Buyer,False,Premium Wellness Enthusiast,5,0.55,0,1,0,0,1,0,1,0,1,0,1,5,False,"medical, design, coolness, eco_friendly, mood"
ARC-0599,Premium Wellness Follower,False,Premium Wellness Enthusiast,5,0.55,0,1,0,0,1,0,1,0,1,1,0,5,False,"medical, design, coolness, eco_friendly, trendsetter"
ARC-0602,Premium Wellness Mood Buyer,False,Premium Wellness Enthusiast,5,0.55,0,1,0,0,1,0,1,1,0,0,1,5,False,"medical, design, coolness, seasonal, mood"
ARC-0603,Premium Wellness Follower,False,Premium Wellness Enthusiast,5,0.55,0,1,0,0,1,0,1,1,0,1,0,5,False,"medical, design, coolness, seasonal, trendsetter"
ARC-0605,Premium Wellness Conscious Buyer,False,Premium Wellness Enthusiast,5,0.55,0,1,0,0,1,0,1,1,1,0,0,5,False,"medical, design, coolness, seasonal, eco_friendly"
ARC-0612,Premium Wellness Explorer,False,Premium Wellness Enthusiast,5,0.55,0,1,0,0,1,1,0,0,0,1,1,5,False,"medical, design, curiosity, trendsetter, mood"
ARC-0614,Premium Wellness Explorer,False,Premium Wellness Enthusiast,5,0.55,0,1,0,0,1,1,0,0,1,0,1,5,False,"medical, design, curiosity, eco_friendly, mood"
ARC-0615,Premium Wellness Explorer,False,Premium Wellness Enthusiast,5,0.55,0,1,0,0,1,1,0,0,1,1,0,5,False,"medical, design, curiosity, eco_friendly, trendsetter"
ARC-0618,Premium Wellness Explorer,False,Premium Wellness Enthusiast,5,0.55,0,1,0,0,1,1,0,1,0,0,1,5,False,"medical, design, curiosity, seasonal, mood"
ARC-0619,Premium Wellness Explorer,False,Premium Wellness Enthusiast,5,0.55,0,1,0,0,1,1,0,1,0,1,0,5,False,"medical, design, curiosity, seasonal, trendsetter"
ARC-0621,Premium Wellness Explorer,False,Premium Wellness Enthusiast,5,0.55,0,1,0,0,1,1,0,1,1,0,0,5,False,"medical, design, curiosity, seasonal, eco_friendly"
ARC-0626,Premium Wellness Explorer,False,Premium Wellness Enthusiast,5,0.55,0,1,0,0,1,1,1,0,0,0,1,5,False,"medical, design, curiosity, coolness, mood"
ARC-0627,Premium Wellness Explorer,False,Premium Wellness Enthusiast,5,0.55,0,1,0,0,1,1,1,0,0,1,0,5,False,"medical, design, curiosity, coolness, trendsetter"
ARC-0633,Premium Wellness Explorer,False,Premium Wellness Enthusiast,5,0.55,0,1,0,0,1,1,1,1,0,0,0,5,False,"medical, design, curiosity, coolness, seasonal"
ARC-0660,Premium Wellness Tracker,False,Premium Wellness Enthusiast,5,0.55,0,1,0,1,0,0,1,0,0,1,1,5,False,"medical, nutrition, coolness, trendsetter, mood"
ARC-0662,Premium Wellness Tracker,False,Premium Wellness Enthusiast,5,0.55,0,1,0,1,0,0,1,0,1,0,1,5,False,"medical, nutrition, coolness, eco_friendly, mood"
ARC-0663,Premium Wellness Tracker,False,Premium Wellness Enthusiast,5,0.55,0,1,0,1,0,0,1,0,1,1,0,5,False,"medical, nutrition, coolness, eco_friendly, trendsetter"
ARC-0666,Premium Wellness Tracker,False,Premium Wellness Enthusiast,5,0.55,0,1,0,1,0,0,1,1,0,0,1,5,False,"medical, nutrition, coolness, seasonal, mood"
ARC-0667,Premium Wellness Tracker,False,Premium Wellness Enthusiast,5,0.55,0,1,0,1,0,0,1,1,0,1,0,5,False,"medical, nutrition, coolness, seasonal, trendsetter"
ARC-0669,Premium Wellness Tracker,False,Premium Wellness Enthusiast,5,0.55,0,1,0,1,0,0,1,1,1,0,0,5,False,"medical, nutrition, coolness, seasonal, eco_friendly"
ARC-0676,Premium Wellness Tracker,False,Premium Wellness Enthusiast,5,0.55,0,1,0,1,0,1,0,0,0,1,1,5,False,"medical, nutrition, curiosity, trendsetter, mood"
ARC-0678,Premium Wellness Tracker,False,Premium Wellness Enthusiast,5,0.55,0,1,0,1,0,1,0,0,1,0,1,5,False,"medical, nutrition, curiosity, eco_friendly, mood"
ARC-0679,Premium Wellness Tracker,False,Premium Wellness Enthusiast,5,0.55,0,1,0,1,0,1,0,0,1,1,0,5,False,"medical, nutrition, curiosity, eco_friendly, trendsetter"
ARC-0682,Premium Wellness Tracker,False,Premium Wellness Enthusiast,5,0.55,0,1,0,1,0,1,0,1,0,0,1,5,False,"medical, nutrition, curiosity, seasonal, mood"
ARC-0683,Premium Wellness Tracker,False,Premium Wellness Enthusiast,5,0.55,0,1,0,1,0,1,0,1,0,1,0,5,False,"medical, nutrition, curiosity, seasonal, trendsetter"
ARC-0685,Premium Wellness Tracker,False,Premium Wellness Enthusiast,5,0.55,0,1,0,1,0,1,0,1,1,0,0,5,False,"medical, nutrition, curiosity, seasonal, eco_friendly"
ARC-0690,Premium Wellness Tracker,False,Premium Wellness Enthusiast,5,0.55,0,1,0,1,0,1,1,0,0,0,1,5,False,"medical, nutrition, curiosity, coolness, mood"
ARC-0691,Premium Wellness Tracker,False,Premium Wellness Enthusiast,5,0.55,0,1,0,1,0,1,1,0,0,1,0,5,False,"medical, nutrition, curiosity, coolness, trendsetter"
ARC-0697,Premium Wellness Tracker,False,Premium Wellness Enthusiast,5,0.55,0,1,0,1,0,1,1,1,0,0,0,5,False,"medical, nutrition, curiosity, coolness, seasonal"
ARC-0708,Premium Wellness Tracker,False,Premium Wellness Enthusiast,5,0.55,0,1,0,1,1,0,0,0,0,1,1,5,False,"medical, nutrition, design, trendsetter, mood"
ARC-0710,Premium Wellness Tracker,False,Premium Wellness Enthusiast,5,0.55,0,1,0,1,1,0,0,0,1,0,1,5,False,"medical, nutrition, design, eco_friendly, mood"
ARC-0711,Premium Wellness Tracker,False,Premium Wellness Enthusiast,5,0.55,0,1,0,1,1,0,0,0,1,1,0,5,False,"medical, nutrition, design, eco_friendly, trendsetter"
ARC-0714,Premium Wellness Tracker,False,Premium Wellness Enthusiast,5,0.55,0,1,0,1,1,0,0,1,0,0,1,5,False,"medical, nutrition, design, seasonal, mood"
ARC-0715,Premium Wellness Tracker,False,Premium Wellness Enthusiast,5,0.55,0,1,0,1,1,0,0,1,0,1,0,5,False,"medical, nutrition, design, seasonal, trendsetter"
ARC-0717,Premium Wellness Tracker,False,Premium Wellness Enthusiast,5,0.55,0,1,0,1,1,0,0,1,1,0,0,5,False,"medical, nutrition, design, seasonal, eco_friendly"
ARC-0722,Premium Wellness Tracker,False,Premium Wellness Enthusiast,5,0.55,0,1,0,1,1,0,1,0,0,0,1,5,False,"medical, nutrition, design, coolness, mood"
ARC-0723,Premium Wellness Tracker,False,Premium Wellness Enthusiast,5,0.55,0,1,0,1,1,0,1,0,0,1,0,5,False,"medical, nutrition, design, coolness, trendsetter"
ARC-0729,Premium Wellness Tracker,False,Premium Wellness Enthusiast,5,0.55,0,1,0,1,1,0,1,1,0,0,0,5,False,"medical, nutrition, design, coolness, seasonal"
ARC-0738,Premium Wellness Tracker,False,Premium Wellness Enthusiast,5,0.55,0,1,0,1,1,1,0,0,0,0,1,5,False,"medical, nutrition, design, curiosity, mood"
ARC-0739,Premium Wellness Tracker,False,Premium Wellness Enthusiast,5,0.55,0,1,0,1,1,1,0,0,0,1,0,5,False,"medical, nutrition, design, curiosity, trendsetter"
ARC-0745,Premium Wellness Tracker,False,Premium Wellness Enthusiast,5,0.55,0,1,0,1,1,1,0,1,0,0,0,5,False,"medical, nutrition, design, curiosity, seasonal"
ARC-0788,Premium Wellness Label Reader,False,Premium Wellness Enthusiast,5,0.55,0,1,1,0,0,0,1,0,0,1,1,5,False,"medical, dietary, coolness, trendsetter, mood"
ARC-0790,Premium Wellness Label Reader,False,Premium Wellness Enthusiast,5,0.55,0,1,1,0,0,0,1,0,1,0,1,5,False,"medical, dietary, coolness, eco_friendly, mood"
ARC-0791,Premium Wellness Label Reader,False,Premium Wellness Enthusiast,5,0.55,0,1,1,0,0,0,1,0,1,1,0,5,False,"medical, dietary, coolness, eco_friendly, trendsetter"
ARC-0794,Premium Wellness Label Reader,False,Premium Wellness Enthusiast,5,0.55,0,1,1,0,0,0,1,1,0,0,1,5,False,"medical, dietary, coolness, seasonal, mood"
ARC-0795,Premium Wellness Label Reader,False,Premium Wellness Enthusiast,5,0.55,0,1,1,0,0,0,1,1,0,1,0,5,False,"medical, dietary, coolness, seasonal, trendsetter"
ARC-0797,Premium Wellness Label Reader,False,Premium Wellness Enthusiast,5,0.55,0,1,1,0,0,0,1,1,1,0,0,5,False,"medical, dietary, coolness, seasonal, eco_friendly"
ARC-0804,Premium Wellness Label Reader,False,Premium Wellness Enthusiast,5,0.55,0,1,1,0,0,1,0,0,0,1,1,5,False,"medical, dietary, curiosity, trendsetter, mood"
ARC-0806,Premium Wellness Label Reader,False,Premium Wellness Enthusiast,5,0.55,0,1,1,0,0,1,0,0,1,0,1,5,False,"medical, dietary, curiosity, eco_friendly, mood"
ARC-0807,Premium Wellness Label Reader,False,Premium Wellness Enthusiast,5,0.55,0,1,1,0,0,1,0,0,1,1,0,5,False,"medical, dietary, curiosity, eco_friendly, trendsetter"
ARC-0810,Premium Wellness Label Reader,False,Premium Wellness Enthusiast,5,0.55,0,1,1,0,0,1,0,1,0,0,1,5,False,"medical, dietary, curiosity, seasonal, mood"
ARC-0811,Premium Wellness Label Reader,False,Premium Wellness Enthusiast,5,0.55,0,1,1,0,0,1,0,1,0,1,0,5,False,"medical, dietary, curiosity, seasonal, trendsetter"
ARC-0813,Premium Wellness Label Reader,False,Premium Wellness Enthusiast,5,0.55,0,1,1,0,0,1,0,1,1,0,0,5,False,"medical, dietary, curiosity, seasonal, eco_friendly"
ARC-0818,Premium Wellness Label Reader,False,Premium Wellness Enthusiast,5,0.55,0,1,1,0,0,1,1,0,0,0,1,5,False,"medical, dietary, curiosity, coolness, mood"
ARC-0819,Premium Wellness Label Reader,False,Premium Wellness Enthusiast,5,0.55,0,1,1,0,0,1,1,0,0,1,0,5,False,"medical, dietary, curiosity, coolness, trendsetter"
ARC-0825,Premium Wellness Label Reader,False,Premium Wellness Enthusiast,5,0.55,0,1,1,0,0,1,1,1,0,0,0,5,False,"medical, dietary, curiosity, coolness, seasonal"
ARC-0836,Premium Wellness Label Reader,False,Premium Wellness Enthusiast,5,0.55,0,1,1,0,1,0,0,0,0,1,1,5,False,"medical, dietary, design, trendsetter, mood"
ARC-0838,Premium Wellness Label Reader,False,Premium Wellness Enthusiast,5,0.55,0,1,1,0,1,0,0,0,1,0,1,5,False,"medical, dietary, design, eco_friendly, mood"
ARC-0839,Premium Wellness Label Reader,False,Premium Wellness Enthusiast,5,0.55,0,1,1,0,1,0,0,0,1,1,0,5,False,"medical, dietary, design, eco_friendly, trendsetter"
ARC-0842,Premium Wellness Label Reader,False,Premium Wellness Enthusiast,5,0.55,0,1,1,0,1,0,0,1,0,0,1,5,False,"medical, dietary, design, seasonal, mood"
ARC-0843,Premium Wellness Label Reader,False,Premium Wellness Enthusiast,5,0.55,0,1,1,0,1,0,0,1,0,1,0,5,False,"medical, dietary, design, seasonal, trendsetter"
ARC-0845,Premium Wellness Label Reader,False,Premium Wellness Enthusiast,5,0.55,0,1,1,0,1,0,0,1,1,0,0,5,False,"medical, dietary, design, seasonal, eco_friendly"
ARC-0850,Premium Wellness Label Reader,False,Premium Wellness Enthusiast,5,0.55,0,1,1,0,1,0,1,0,0,0,1,5,False,"medical, dietary, design, coolness, mood"
ARC-0851,Premium Wellness Label Reader,False,Premium Wellness Enthusiast,5,0.55,0,1,1,0,1,0,1,0,0,1,0,5,False,"medical, dietary, design, coolness, trendsetter"
ARC-0857,Premium Wellness Label Reader,False,Premium Wellness Enthusiast,5,0.55,0,1,1,0,1,0,1,1,0,0,0,5,False,"medical, dietary, design, coolness, seasonal"
ARC-0866,Premium Wellness Label Reader,False,Premium Wellness Enthusiast,5,0.55,0,1,1,0,1,1,0,0,0,0,1,5,False,"medical, dietary, design, curiosity, mood"
ARC-0867,Premium Wellness Label Reader,False,Premium Wellness Enthusiast,5,0.55,0,1,1,0,1,1,0,0,0,1,0,5,False,"medical, dietary, design, curiosity, trendsetter"
ARC-0873,Premium Wellness Label Reader,False,Premium Wellness Enthusiast,5,0.55,0,1,1,0,1,1,0,1,0,0,0,5,False,"medical, dietary, design, curiosity, seasonal"
ARC-0900,Premium Wellness Tracker,False,Premium Wellness Enthusiast,5,0.55,0,1,1,1,0,0,0,0,0,1,1,5,False,"medical, dietary, nutrition, trendsetter, mood"
ARC-0902,Premium Wellness Tracker,False,Premium Wellness Enthusiast,5,0.55,0,1,1,1,0,0,0,0,1,0,1,5,False,"medical, dietary, nutrition, eco_friendly, mood"
ARC-0903,Premium Wellness Tracker,False,Premium Wellness Enthusiast,5,0.55,0,1,1,1,0,0,0,0,1,1,0,5,False,"medical, dietary, nutrition, eco_friendly, trendsetter"
ARC-0906,Premium Wellness Tracker,False,Premium Wellness Enthusiast,5,0.55,0,1,1,1,0,0,0,1,0,0,1,5,False,"medical, dietary, nutrition, seasonal, mood"
ARC-0907,Premium Wellness Tracker,False,Premium Wellness Enthusiast,5,0.55,0,1,1,1,0,0,0,1,0,1,0,5,False,"medical, dietary, nutrition, seasonal, trendsetter"
ARC-0909,Premium Wellness Tracker,False,Premium Wellness Enthusiast,5,0.55,0,1,1,1,0,0,0,1,1,0,0,5,False,"medical, dietary, nutrition, seasonal, eco_friendly"
ARC-0914,Premium Wellness Tracker,False,Premium Wellness Enthusiast,5,0.55,0,1,1,1,0,0,1,0,0,0,1,5,False,"medical, dietary, nutrition, coolness, mood"
ARC-0915,Premium Wellness Tracker,False,Premium Wellness Enthusiast,5,0.55,0,1,1,1,0,0,1,0,0,1,0,5,False,"medical, dietary, nutrition, coolness, trendsetter"
ARC-0921,Premium Wellness Tracker,False,Premium Wellness Enthusiast,5,0.55,0,1,1,1,0,0,1,1,0,0,0,5,False,"medical, dietary, nutrition, coolness, seasonal"
ARC-0930,Premium Wellness Tracker,False,Premium Wellness Enthusiast,5,0.55,0,1,1,1,0,1,0,0,0,0,1,5,False,"medical, dietary, nutrition, curiosity, mood"
ARC-0931,Premium Wellness Tracker,False,Premium Wellness Enthusiast,5,0.55,0,1,1,1,0,1,0,0,0,1,0,5,False,"medical, dietary, nutrition, curiosity, trendsetter"
ARC-0937,Premium Wellness Tracker,False,Premium Wellness Enthusiast,5,0.55,0,1,1,1,0,1,0,1,0,0,0,5,False,"medical, dietary, nutrition, curiosity, seasonal"
ARC-0962,Premium Wellness Tracker,False,Premium Wellness Enthusiast,5,0.55,0,1,1,1,1,0,0,0,0,0,1,5,False,"medical, dietary, nutrition, design, mood"
ARC-0963,Premium Wellness Tracker,False,Premium Wellness Enthusiast,5,0.55,0,1,1,1,1,0,0,0,0,1,0,5,False,"medical, dietary, nutrition, design, trendsetter"
ARC-0969,Premium Wellness Tracker,False,Premium Wellness Enthusiast,5,0.55,0,1,1,1,1,0,0,1,0,0,0,5,False,"medical, dietary, nutrition, design, seasonal"
ARC-0562,Premium Wellness Explorer,False,Premium Wellness Enthusiast,6,0.45,0,1,0,0,0,1,1,0,0,0,1,4,False,"medical, curiosity, coolness, mood"
ARC-0563,Premium Wellness Explorer,False,Premium Wellness Enthusiast,6,0.45,0,1,0,0,0,1,1,0,0,1,0,4,False,"medical, curiosity, coolness, trendsetter"
ARC-0569,Premium Wellness Explorer,False,Premium Wellness Enthusiast,6,0.45,0,1,0,0,0,1,1,1,0,0,0,4,False,"medical, curiosity, coolness, seasonal"
ARC-0594,Premium Wellness Mood Buyer,False,Premium Wellness Enthusiast,6,0.45,0,1,0,0,1,0,1,0,0,0,1,4,False,"medical, design, coolness, mood"
ARC-0595,Premium Wellness Follower,False,Premium Wellness Enthusiast,6,0.45,0,1,0,0,1,0,1,0,0,1,0,4,False,"medical, design, coolness, trendsetter"
ARC-0601,Premium Wellness Occasion Buyer,False,Premium Wellness Enthusiast,6,0.45,0,1,0,0,1,0,1,1,0,0,0,4,False,"medical, design, coolness, seasonal"
ARC-0610,Premium Wellness Explorer,False,Premium Wellness Enthusiast,6,0.45,0,1,0,0,1,1,0,0,0,0,1,4,False,"medical, design, curiosity, mood"
ARC-0611,Premium Wellness Explorer,False,Premium Wellness Enthusiast,6,0.45,0,1,0,0,1,1,0,0,0,1,0,4,False,"medical, design, curiosity, trendsetter"
ARC-0617,Premium Wellness Explorer,False,Premium Wellness Enthusiast,6,0.45,0,1,0,0,1,1,0,1,0,0,0,4,False,"medical, design, curiosity, seasonal"
ARC-0658,Premium Wellness Tracker,False,Premium Wellness Enthusiast,6,0.45,0,1,0,1,0,0,1,0,0,0,1,4,False,"medical, nutrition, coolness, mood"
ARC-0659,Premium Wellness Tracker,False,Premium Wellness Enthusiast,6,0.45,0,1,0,1,0,0,1,0,0,1,0,4,False,"medical, nutrition, coolness, trendsetter"
ARC-0665,Premium Wellness Tracker,False,Premium Wellness Enthusiast,6,0.45,0,1,0,1,0,0,1,1,0,0,0,4,False,"medical, nutrition, coolness, seasonal"
ARC-0674,Premium Wellness Tracker,False,Premium Wellness Enthusiast,6,0.45,0,1,0,1,0,1,0,0,0,0,1,4,False,"medical, nutrition, curiosity, mood"
ARC-0675,Premium Wellness Tracker,False,Premium Wellness Enthusiast,6,0.45,0,1,0,1,0,1,0,0,0,1,0,4,False,"medical, nutrition, curiosity, trendsetter"
ARC-0681,Premium Wellness Tracker,False,Premium Wellness Enthusiast,6,0.45,0,1,0,1,0,1,0,1,0,0,0,4,False,"medical, nutrition, curiosity, seasonal"
ARC-0706,Premium Wellness Tracker,False,Premium Wellness Enthusiast,6,0.45,0,1,0,1,1,0,0,0,0,0,1,4,False,"medical, nutrition, design, mood"
ARC-0707,Premium Wellness Tracker,False,Premium Wellness Enthusiast,6,0.45,0,1,0,1,1,0,0,0,0,1,0,4,False,"medical, nutrition, design, trendsetter"
ARC-0713,Premium Wellness Tracker,False,Premium Wellness Enthusiast,6,0.45,0,1,0,1,1,0,0,1,0,0,0,4,False,"medical, nutrition, design, seasonal"
ARC-0786,Premium Wellness Label Reader,False,Premium Wellness Enthusiast,6,0.45,0,1,1,0,0,0,1,0,0,0,1,4,False,"medical, dietary, coolness, mood"
ARC-0787,Premium Wellness Label Reader,False,Premium Wellness Enthusiast,6,0.45,0,1,1,0,0,0,1,0,0,1,0,4,False,"medical, dietary, coolness, trendsetter"
ARC-0793,Premium Wellness Label Reader,False,Premium Wellness Enthusiast,6,0.45,0,1,1,0,0,0,1,1,0,0,0,4,False,"medical, dietary, coolness, seasonal"
ARC-0802,Premium Wellness Label Reader,False,Premium Wellness Enthusiast,6,0.45,0,1,1,0,0,1,0,0,0,0,1,4,False,"medical, dietary, curiosity, mood"
ARC-0803,Premium Wellness Label Reader,False,Premium Wellness Enthusiast,6,0.45,0,1,1,0,0,1,0,0,0,1,0,4,False,"medical, dietary, curiosity, trendsetter"
ARC-0809,Premium Wellness Label Reader,False,Premium Wellness Enthusiast,6,0.45,0,1,1,0,0,1,0,1,0,0,0,4,False,"medical, dietary, curiosity, seasonal"
ARC-0834,Premium Wellness Label Reader,False,Premium Wellness Enthusiast,6,0.45,0,1,1,0,1,0,0,0,0,0,1,4,False,"medical, dietary, design, mood"
ARC-0835,Premium Wellness Label Reader,False,Premium Wellness Enthusiast,6,0.45,0,1,1,0,1,0,0,0,0,1,0,4,False,"medical, dietary, design, trendsetter"
ARC-0841,Premium Wellness Label Reader,False,Premium Wellness Enthusiast,6,0.45,0,1,1,0,1,0,0,1,0,0,0,4,False,"medical, dietary, design, seasonal"
ARC-0898,Premium Wellness Tracker,False,Premium Wellness Enthusiast,6,0.45,0,1,1,1,0,0,0,0,0,0,1,4,False,"medical, dietary, nutrition, mood"
ARC-0899,Premium Wellness Tracker,False,Premium Wellness Enthusiast,6,0.45,0,1,1,1,0,0,0,0,0,1,0,4,False,"medical, dietary, nutrition, trendsetter"
ARC-0905,Premium Wellness Tracker,False,Premium Wellness Enthusiast,6,0.45,0,1,1,1,0,0,0,1,0,0,0,4,False,"medical, dietary, nutrition, seasonal"
ARC-1056,Budget Trend Mood Buyer,False,Seasonal Mood Shopper,1,0.91,1,0,0,0,0,0,1,1,1,1,1,6,True,"cost, coolness, seasonal, eco_friendly, trendsetter, mood"
ARC-1072,Budget Explorer Follower,False,Seasonal Mood Shopper,1,0.91,1,0,0,0,0,1,0,1,1,1,1,6,True,"cost, curiosity, seasonal, eco_friendly, trendsetter, mood"
ARC-1104,Budget Trend Mood Buyer,False,Seasonal Mood Shopper,1,0.91,1,0,0,0,1,0,0,1,1,1,1,6,True,"cost, design, seasonal, eco_friendly, trendsetter, mood"
ARC-1168,Budget Nutrition Follower,False,Seasonal Mood Shopper,1,0.91,1,0,0,1,0,0,0,1,1,1,1,6,True,"cost, nutrition, seasonal, eco_friendly, trendsetter, mood"
ARC-1296,Budget Diet-Led Follower,False,Seasonal Mood Shopper,1,0.91,1,0,1,0,0,0,0,1,1,1,1,6,True,"cost, dietary, seasonal, eco_friendly, trendsetter, mood"
ARC-1552,Budget Wellness Follower,False,Seasonal Mood Shopper,1,0.91,1,1,0,0,0,0,0,1,1,1,1,6,True,"cost, medical, seasonal, eco_friendly, trendsetter, mood"
ARC-0016,Premium Trend Mood Buyer,False,Seasonal Mood Shopper,1,0.91,0,0,0,0,0,0,0,1,1,1,1,4,False,"seasonal, eco_friendly, trendsetter, mood"
ARC-1032,Budget Trend Mood Buyer,False,Seasonal Mood Shopper,1,0.91,1,0,0,0,0,0,0,0,1,1,1,4,True,"cost, eco_friendly, trendsetter, mood"
ARC-1036,Budget Trend Mood Buyer,False,Seasonal Mood Shopper,1,0.91,1,0,0,0,0,0,0,1,0,1,1,4,True,"cost, seasonal, trendsetter, mood"
ARC-1038,Budget Mood Conscious Buyer,False,Seasonal Mood Shopper,1,0.91,1,0,0,0,0,0,0,1,1,0,1,4,True,"cost, seasonal, eco_friendly, mood"
ARC-1039,Budget Trend Conscious Buyer,False,Seasonal Mood Shopper,1,0.91,1,0,0,0,0,0,0,1,1,1,0,4,True,"cost, seasonal, eco_friendly, trendsetter"
ARC-1088,Budget Explorer Follower,False,Seasonal Mood Shopper,2,0.82,1,0,0,0,0,1,1,1,1,1,1,7,True,"cost, curiosity, coolness, seasonal, eco_friendly, trendsetter, mood"
ARC-1120,Budget Trend Mood Buyer,False,Seasonal Mood Shopper,2,0.82,1,0,0,0,1,0,1,1,1,1,1,7,True,"cost, design, coolness, seasonal, eco_friendly, trendsetter, mood"
ARC-1136,Budget Explorer Follower,False,Seasonal Mood Shopper,2,0.82,1,0,0,0,1,1,0,1,1,1,1,7,True,"cost, design, curiosity, seasonal, eco_friendly, trendsetter, mood"
ARC-1184,Budget Nutrition Follower,False,Seasonal Mood Shopper,2,0.82,1,0,0,1,0,0,1,1,1,1,1,7,True,"cost, nutrition, coolness, seasonal, eco_friendly, trendsetter, mood"
ARC-1200,Budget Nutrition Explorer,False,Seasonal Mood Shopper,2,0.82,1,0,0,1,0,1,0,1,1,1,1,7,True,"cost, nutrition, curiosity, seasonal, eco_friendly, trendsetter, mood"
ARC-1232,Budget Nutrition Follower,False,Seasonal Mood Shopper,2,0.82,1,0,0,1,1,0,0,1,1,1,1,7,True,"cost, nutrition, design, seasonal, eco_friendly, trendsetter, mood"
ARC-1312,Budget Diet-Led Follower,False,Seasonal Mood Shopper,2,0.82,1,0,1,0,0,0,1,1,1,1,1,7,True,"cost, dietary, coolness, seasonal, eco_friendly, trendsetter, mood"
ARC-1328,Budget Diet-Led Explorer,False,Seasonal Mood Shopper,2,0.82,1,0,1,0,0,1,0,1,1,1,1,7,True,"cost, dietary, curiosity, seasonal, eco_friendly, trendsetter, mood"
ARC-1360,Budget Diet-Led Follower,False,Seasonal Mood Shopper,2,0.82,1,0,1,0,1,0,0,1,1,1,1,7,True,"cost, dietary, design, seasonal, eco_friendly, trendsetter, mood"
ARC-1424,Budget Nutrition Label Reader,False,Seasonal Mood Shopper,2,0.82,1,0,1,1,0,0,0,1,1,1,1,7,True,"cost, dietary, nutrition, seasonal, eco_friendly, trendsetter, mood"
ARC-1568,Budget Wellness Follower,False,Seasonal Mood Shopper,2,0.82,1,1,0,0,0,0,1,1,1,1,1,7,True,"cost, medical, coolness, seasonal, eco_friendly, trendsetter, mood"
ARC-1584,Budget Wellness Explorer,False,Seasonal Mood Shopper,2,0.82,1,1,0,0,0,1,0,1,1,1,1,7,True,"cost, medical, curiosity, seasonal, eco_friendly, trendsetter, mood"
ARC-1616,Budget Wellness Follower,False,Seasonal Mood Shopper,2,0.82,1,1,0,0,1,0,0,1,1,1,1,7,True,"cost, medical, design, seasonal, eco_friendly, trendsetter, mood"
ARC-1680,Budget Wellness Tracker,False,Seasonal Mood Shopper,2,0.82,1,1,0,1,0,0,0,1,1,1,1,7,True,"cost, medical, nutrition, seasonal, eco_friendly, trendsetter, mood"
ARC-1808,Budget Wellness Label Reader,False,Seasonal Mood Shopper,2,0.82,1,1,1,0,0,0,0,1,1,1,1,7,True,"cost, medical, dietary, seasonal, eco_friendly, trendsetter, mood"
ARC-0032,Premium Trend Mood Buyer,False,Seasonal Mood Shopper,2,0.82,0,0,0,0,0,0,1,1,1,1,1,5,False,"coolness, seasonal, eco_friendly, trendsetter, mood"
ARC-0048,Premium Explorer Follower,False,Seasonal Mood Shopper,2,0.82,0,0,0,0,0,1,0,1,1,1,1,5,False,"curiosity, seasonal, eco_friendly, trendsetter, mood"
ARC-0080,Premium Trend Mood Buyer,False,Seasonal Mood Shopper,2,0.82,0,0,0,0,1,0,0,1,1,1,1,5,False,"design, seasonal, eco_friendly, trendsetter, mood"
ARC-0144,Premium Nutrition Follower,False,Seasonal Mood Shopper,2,0.82,0,0,0,1,0,0,0,1,1,1,1,5,False,"nutrition, seasonal, eco_friendly, trendsetter, mood"
ARC-0272,Premium Diet-Led Follower,False,Seasonal Mood Shopper,2,0.82,0,0,1,0,0,0,0,1,1,1,1,5,False,"dietary, seasonal, eco_friendly, trendsetter, mood"
ARC-0528,Premium Wellness Follower,False,Seasonal Mood Shopper,2,0.82,0,1,0,0,0,0,0,1,1,1,1,5,False,"medical, seasonal, eco_friendly, trendsetter, mood"
ARC-1048,Budget Trend Mood Buyer,False,Seasonal Mood Shopper,2,0.82,1,0,0,0,0,0,1,0,1,1,1,5,True,"cost, coolness, eco_friendly, trendsetter, mood"
ARC-1052,Budget Trend Mood Buyer,False,Seasonal Mood Shopper,2,0.82,1,0,0,0,0,0,1,1,0,1,1,5,True,"cost, coolness, seasonal, trendsetter, mood"
ARC-1054,Budget Mood Conscious Buyer,False,Seasonal Mood Shopper,2,0.82,1,0,0,0,0,0,1,1,1,0,1,5,True,"cost, coolness, seasonal, eco_friendly, mood"
ARC-1055,Budget Trend Conscious Buyer,False,Seasonal Mood Shopper,2,0.82,1,0,0,0,0,0,1,1,1,1,0,5,True,"cost, coolness, seasonal, eco_friendly, trendsetter"
ARC-1064,Budget Explorer Follower,False,Seasonal Mood Shopper,2,0.82,1,0,0,0,0,1,0,0,1,1,1,5,True,"cost, curiosity, eco_friendly, trendsetter, mood"
ARC-1068,Budget Explorer Follower,False,Seasonal Mood Shopper,2,0.82,1,0,0,0,0,1,0,1,0,1,1,5,True,"cost, curiosity, seasonal, trendsetter, mood"
ARC-1070,Budget Explorer Mood Buyer,False,Seasonal Mood Shopper,2,0.82,1,0,0,0,0,1,0,1,1,0,1,5,True,"cost, curiosity, seasonal, eco_friendly, mood"
ARC-1071,Budget Explorer Follower,False,Seasonal Mood Shopper,2,0.82,1,0,0,0,0,1,0,1,1,1,0,5,True,"cost, curiosity, seasonal, eco_friendly, trendsetter"
ARC-1096,Budget Trend Mood Buyer,False,Seasonal Mood Shopper,2,0.82,1,0,0,0,1,0,0,0,1,1,1,5,True,"cost, design, eco_friendly, trendsetter, mood"
ARC-1100,Budget Trend Mood Buyer,False,Seasonal Mood Shopper,2,0.82,1,0,0,0,1,0,0,1,0,1,1,5,True,"cost, design, seasonal, trendsetter, mood"
ARC-1102,Budget Mood Conscious Buyer,False,Seasonal Mood Shopper,2,0.82,1,0,0,0,1,0,0,1,1,0,1,5,True,"cost, design, seasonal, eco_friendly, mood"
ARC-1103,Budget Trend Conscious Buyer,False,Seasonal Mood Shopper,2,0.82,1,0,0,0,1,0,0,1,1,1,0,5,True,"cost, design, seasonal, eco_friendly, trendsetter"
ARC-1160,Budget Nutrition Follower,False,Seasonal Mood Shopper,2,0.82,1,0,0,1,0,0,0,0,1,1,1,5,True,"cost, nutrition, eco_friendly, trendsetter, mood"
ARC-1164,Budget Nutrition Follower,False,Seasonal Mood Shopper,2,0.82,1,0,0,1,0,0,0,1,0,1,1,5,True,"cost, nutrition, seasonal, trendsetter, mood"
ARC-1166,Budget Nutrition Mood Buyer,False,Seasonal Mood Shopper,2,0.82,1,0,0,1,0,0,0,1,1,0,1,5,True,"cost, nutrition, seasonal, eco_friendly, mood"
ARC-1167,Budget Nutrition Follower,False,Seasonal Mood Shopper,2,0.82,1,0,0,1,0,0,0,1,1,1,0,5,True,"cost, nutrition, seasonal, eco_friendly, trendsetter"
ARC-1288,Budget Diet-Led Follower,False,Seasonal Mood Shopper,2,0.82,1,0,1,0,0,0,0,0,1,1,1,5,True,"cost, dietary, eco_friendly, trendsetter, mood"
ARC-1292,Budget Diet-Led Follower,False,Seasonal Mood Shopper,2,0.82,1,0,1,0,0,0,0,1,0,1,1,5,True,"cost, dietary, seasonal, trendsetter, mood"
ARC-1294,Budget Diet-Led Mood Buyer,False,Seasonal Mood Shopper,2,0.82,1,0,1,0,0,0,0,1,1,0,1,5,True,"cost, dietary, seasonal, eco_friendly, mood"
ARC-1295,Budget Diet-Led Follower,False,Seasonal Mood Shopper,2,0.82,1,0,1,0,0,0,0,1,1,1,0,5,True,"cost, dietary, seasonal, eco_friendly, trendsetter"
ARC-1544,Budget Wellness Follower,False,Seasonal Mood Shopper,2,0.82,1,1,0,0,0,0,0,0,1,1,1,5,True,"cost, medical, eco_friendly, trendsetter, mood"
ARC-1548,Budget Wellness Follower,False,Seasonal Mood Shopper,2,0.82,1,1,0,0,0,0,0,1,0,1,1,5,True,"cost, medical, seasonal, trendsetter, mood"
ARC-1550,Budget Wellness Mood Buyer,False,Seasonal Mood Shopper,2,0.82,1,1,0,0,0,0,0,1,1,0,1,5,True,"cost, medical, seasonal, eco_friendly, mood"
ARC-1551,Budget Wellness Follower,False,Seasonal Mood Shopper,2,0.82,1,1,0,0,0,0,0,1,1,1,0,5,True,"cost, medical, seasonal, eco_friendly, trendsetter"
ARC-0008,Premium Trend Mood Buyer,False,Seasonal Mood Shopper,2,0.82,0,0,0,0,0,0,0,0,1,1,1,3,False,"eco_friendly, trendsetter, mood"
ARC-0012,Premium Trend Mood Buyer,False,Seasonal Mood Shopper,2,0.82,0,0,0,0,0,0,0,1,0,1,1,3,False,"seasonal, trendsetter, mood"
ARC-0014,Premium Mood Conscious Buyer,False,Seasonal Mood Shopper,2,0.82,0,0,0,0,0,0,0,1,1,0,1,3,False,"seasonal, eco_friendly, mood"
ARC-0015,Premium Trend Conscious Buyer,False,Seasonal Mood Shopper,2,0.82,0,0,0,0,0,0,0,1,1,1,0,3,False,"seasonal, eco_friendly, trendsetter"
ARC-1028,Budget Trend Mood Buyer,False,Seasonal Mood Shopper,2,0.82,1,0,0,0,0,0,0,0,0,1,1,3,True,"cost, trendsetter, mood"
ARC-1030,Budget Mood Conscious Buyer,False,Seasonal Mood Shopper,2,0.82,1,0,0,0,0,0,0,0,1,0,1,3,True,"cost, eco_friendly, mood"
ARC-1031,Budget Trend Conscious Buyer,False,Seasonal Mood Shopper,2,0.82,1,0,0,0,0,0,0,0,1,1,0,3,True,"cost, eco_friendly, trendsetter"
ARC-1034,Budget Mood Occasion Buyer,False,Seasonal Mood Shopper,2,0.82,1,0,0,0,0,0,0,1,0,0,1,3,True,"cost, seasonal, mood"
ARC-1035,Budget Trend Occasion Buyer,False,Seasonal Mood Shopper,2,0.82,1,0,0,0,0,0,0,1,0,1,0,3,True,"cost, seasonal, trendsetter"
ARC-1037,Budget Eco Occasion Buyer,False,Seasonal Mood Shopper,2,0.82,1,0,0,0,0,0,0,1,1,0,0,3,True,"cost, seasonal, eco_friendly"
ARC-1152,Budget Explorer Follower,False,Seasonal Mood Shopper,3,0.73,1,0,0,0,1,1,1,1,1,1,1,8,True,"cost, design, curiosity, coolness, seasonal, eco_friendly, trendsetter, mood"
ARC-1216,Budget Nutrition Explorer,False,Seasonal Mood Shopper,3,0.73,1,0,0,1,0,1,1,1,1,1,1,8,True,"cost, nutrition, curiosity, coolness, seasonal, eco_friendly, trendsetter, mood"
ARC-1248,Budget Nutrition Follower,False,Seasonal Mood Shopper,3,0.73,1,0,0,1,1,0,1,1,1,1,1,8,True,"cost, nutrition, design, coolness, seasonal, eco_friendly, trendsetter, mood"
ARC-1264,Budget Nutrition Explorer,False,Seasonal Mood Shopper,3,0.73,1,0,0,1,1,1,0,1,1,1,1,8,True,"cost, nutrition, design, curiosity, seasonal, eco_friendly, trendsetter, mood"
ARC-1344,Budget Diet-Led Explorer,False,Seasonal Mood Shopper,3,0.73,1,0,1,0,0,1,1,1,1,1,1,8,True,"cost, dietary, curiosity, coolness, seasonal, eco_friendly, trendsetter, mood"
ARC-1376,Budget Diet-Led Follower,False,Seasonal Mood Shopper,3,0.73,1,0,1,0,1,0,1,1,1,1,1,8,True,"cost, dietary, design, coolness, seasonal, eco_friendly, trendsetter, mood"
ARC-1392,Budget Diet-Led Explorer,False,Seasonal Mood Shopper,3,0.73,1,0,1,0,1,1,0,1,1,1,1,8,True,"cost, dietary, design, curiosity, seasonal, eco_friendly, trendsetter, mood"
ARC-1440,Budget Nutrition Label Reader,False,Seasonal Mood Shopper,3,0.73,1,0,1,1,0,0,1,1,1,1,1,8,True,"cost, dietary, nutrition, coolness, seasonal, eco_friendly, trendsetter, mood"
ARC-1456,Budget Nutrition Label Reader,False,Seasonal Mood Shopper,3,0.73,1,0,1,1,0,1,0,1,1,1,1,8,True,"cost, dietary, nutrition, curiosity, seasonal, eco_friendly, trendsetter, mood"
ARC-1488,Budget Nutrition Label Reader,False,Seasonal Mood Shopper,3,0.73,1,0,1,1,1,0,0,1,1,1,1,8,True,"cost, dietary, nutrition, design, seasonal, eco_friendly, trendsetter, mood"
ARC-1600,Budget Wellness Explorer,False,Seasonal Mood Shopper,3,0.73,1,1,0,0,0,1,1,1,1,1,1,8,True,"cost, medical, curiosity, coolness, seasonal, eco_friendly, trendsetter, mood"
ARC-1632,Budget Wellness Follower,False,Seasonal Mood Shopper,3,0.73,1,1,0,0,1,0,1,1,1,1,1,8,True,"cost, medical, design, coolness, seasonal, eco_friendly, trendsetter, mood"
ARC-1648,Budget Wellness Explorer,False,Seasonal Mood Shopper,3,0.73,1,1,0,0,1,1,0,1,1,1,1,8,True,"cost, medical, design, curiosity, seasonal, eco_friendly, trendsetter, mood"
ARC-1696,Budget Wellness Tracker,False,Seasonal Mood Shopper,3,0.73,1,1,0,1,0,0,1,1,1,1,1,8,True,"cost, medical, nutrition, coolness, seasonal, eco_friendly, trendsetter, mood"
ARC-1712,Budget Wellness Tracker,False,Seasonal Mood Shopper,3,0.73,1,1,0,1,0,1,0,1,1,1,1,8,True,"cost, medical, nutrition, curiosity, seasonal, eco_friendly, trendsetter, mood"
ARC-1744,Budget Wellness Tracker,False,Seasonal Mood Shopper,3,0.73,1,1,0,1,1,0,0,1,1,1,1,8,True,"cost, medical, nutrition, design, seasonal, eco_friendly, trendsetter, mood"
ARC-1824,Budget Wellness Label Reader,False,Seasonal Mood Shopper,3,0.73,1,1,1,0,0,0,1,1,1,1,1,8,True,"cost, medical, dietary, coolness, seasonal, eco_friendly, trendsetter, mood"
ARC-1840,Budget Wellness Label Reader,False,Seasonal Mood Shopper,3,0.73,1,1,1,0,0,1,0,1,1,1,1,8,True,"cost, medical, dietary, curiosity, seasonal, eco_friendly, trendsetter, mood"
ARC-1872,Budget Wellness Label Reader,False,Seasonal Mood Shopper,3,0.73,1,1,1,0,1,0,0,1,1,1,1,8,True,"cost, medical, dietary, design, seasonal, eco_friendly, trendsetter, mood"
ARC-1936,Budget Wellness Tracker,False,Seasonal Mood Shopper,3,0.73,1,1,1,1,0,0,0,1,1,1,1,8,True,"cost, medical, dietary, nutrition, seasonal, eco_friendly, trendsetter, mood"
ARC-0064,Premium Explorer Follower,False,Seasonal Mood Shopper,3,0.73,0,0,0,0,0,1,1,1,1,1,1,6,False,"curiosity, coolness, seasonal, eco_friendly, trendsetter, mood"
ARC-0096,Premium Trend Mood Buyer,False,Seasonal Mood Shopper,3,0.73,0,0,0,0,1,0,1,1,1,1,1,6,False,"design, coolness, seasonal, eco_friendly, trendsetter, mood"
ARC-0112,Premium Explorer Follower,False,Seasonal Mood Shopper,3,0.73,0,0,0,0,1,1,0,1,1,1,1,6,False,"design, curiosity, seasonal, eco_friendly, trendsetter, mood"
ARC-0160,Premium Nutrition Follower,False,Seasonal Mood Shopper,3,0.73,0,0,0,1,0,0,1,1,1,1,1,6,False,"nutrition, coolness, seasonal, eco_friendly, trendsetter, mood"
ARC-0176,Premium Nutrition Explorer,False,Seasonal Mood Shopper,3,0.73,0,0,0,1,0,1,0,1,1,1,1,6,False,"nutrition, curiosity, seasonal, eco_friendly, trendsetter, mood"
ARC-0208,Premium Nutrition Follower,False,Seasonal Mood Shopper,3,0.73,0,0,0,1,1,0,0,1,1,1,1,6,False,"nutrition, design, seasonal, eco_friendly, trendsetter, mood"
ARC-0288,Premium Diet-Led Follower,False,Seasonal Mood Shopper,3,0.73,0,0,1,0,0,0,1,1,1,1,1,6,False,"dietary, coolness, seasonal, eco_friendly, trendsetter, mood"
ARC-0304,Premium Diet-Led Explorer,False,Seasonal Mood Shopper,3,0.73,0,0,1,0,0,1,0,1,1,1,1,6,False,"dietary, curiosity, seasonal, eco_friendly, trendsetter, mood"
ARC-0336,Premium Diet-Led Follower,False,Seasonal Mood Shopper,3,0.73,0,0,1,0,1,0,0,1,1,1,1,6,False,"dietary, design, seasonal, eco_friendly, trendsetter, mood"
ARC-0400,Premium Nutrition Label Reader,False,Seasonal Mood Shopper,3,0.73,0,0,1,1,0,0,0,1,1,1,1,6,False,"dietary, nutrition, seasonal, eco_friendly, trendsetter, mood"
ARC-0544,Premium Wellness Follower,False,Seasonal Mood Shopper,3,0.73,0,1,0,0,0,0,1,1,1,1,1,6,False,"medical, coolness, seasonal, eco_friendly, trendsetter, mood"
ARC-0560,Premium Wellness Explorer,False,Seasonal Mood Shopper,3,0.73,0,1,0,0,0,1,0,1,1,1,1,6,False,"medical, curiosity, seasonal, eco_friendly, trendsetter, mood"
ARC-0592,Premium Wellness Follower,False,Seasonal Mood Shopper,3,0.73,0,1,0,0,1,0,0,1,1,1,1,6,False,"medical, design, seasonal, eco_friendly, trendsetter, mood"
ARC-0656,Premium Wellness Tracker,False,Seasonal Mood Shopper,3,0.73,0,1,0,1,0,0,0,1,1,1,1,6,False,"medical, nutrition, seasonal, eco_friendly, trendsetter, mood"
ARC-0784,Premium Wellness Label Reader,False,Seasonal Mood Shopper,3,0.73,0,1,1,0,0,0,0,1,1,1,1,6,False,"medical, dietary, seasonal, eco_friendly, trendsetter, mood"
ARC-1080,Budget Explorer Follower,False,Seasonal Mood Shopper,3,0.73,1,0,0,0,0,1,1,0,1,1,1,6,True,"cost, curiosity, coolness, eco_friendly, trendsetter, mood"
ARC-1084,Budget Explorer Follower,False,Seasonal Mood Shopper,3,0.73,1,0,0,0,0,1,1,1,0,1,1,6,True,"cost, curiosity, coolness, seasonal, trendsetter, mood"
ARC-1086,Budget Explorer Mood Buyer,False,Seasonal Mood Shopper,3,0.73,1,0,0,0,0,1,1,1,1,0,1,6,True,"cost, curiosity, coolness, seasonal, eco_friendly, mood"
ARC-1087,Budget Explorer Follower,False,Seasonal Mood Shopper,3,0.73,1,0,0,0,0,1,1,1,1,1,0,6,True,"cost, curiosity, coolness, seasonal, eco_friendly, trendsetter"
ARC-1112,Budget Trend Mood Buyer,False,Seasonal Mood Shopper,3,0.73,1,0,0,0,1,0,1,0,1,1,1,6,True,"cost, design, coolness, eco_friendly, trendsetter, mood"
ARC-1116,Budget Trend Mood Buyer,False,Seasonal Mood Shopper,3,0.73,1,0,0,0,1,0,1,1,0,1,1,6,True,"cost, design, coolness, seasonal, trendsetter, mood"
ARC-1118,Budget Mood Conscious Buyer,False,Seasonal Mood Shopper,3,0.73,1,0,0,0,1,0,1,1,1,0,1,6,True,"cost, design, coolness, seasonal, eco_friendly, mood"
ARC-1119,Budget Trend Conscious Buyer,False,Seasonal Mood Shopper,3,0.73,1,0,0,0,1,0,1,1,1,1,0,6,True,"cost, design, coolness, seasonal, eco_friendly, trendsetter"
ARC-1128,Budget Explorer Follower,False,Seasonal Mood Shopper,3,0.73,1,0,0,0,1,1,0,0,1,1,1,6,True,"cost, design, curiosity, eco_friendly, trendsetter, mood"
ARC-1132,Budget Explorer Follower,False,Seasonal Mood Shopper,3,0.73,1,0,0,0,1,1,0,1,0,1,1,6,True,"cost, design, curiosity, seasonal, trendsetter, mood"
ARC-1134,Budget Explorer Mood Buyer,False,Seasonal Mood Shopper,3,0.73,1,0,0,0,1,1,0,1,1,0,1,6,True,"cost, design, curiosity, seasonal, eco_friendly, mood"
ARC-1135,Budget Explorer Follower,False,Seasonal Mood Shopper,3,0.73,1,0,0,0,1,1,0,1,1,1,0,6,True,"cost, design, curiosity, seasonal, eco_friendly, trendsetter"
ARC-1176,Budget Nutrition Follower,False,Seasonal Mood Shopper,3,0.73,1,0,0,1,0,0,1,0,1,1,1,6,True,"cost, nutrition, coolness, eco_friendly, trendsetter, mood"
ARC-1180,Budget Nutrition Follower,False,Seasonal Mood Shopper,3,0.73,1,0,0,1,0,0,1,1,0,1,1,6,True,"cost, nutrition, coolness, seasonal, trendsetter, mood"
ARC-1182,Budget Nutrition Mood Buyer,False,Seasonal Mood Shopper,3,0.73,1,0,0,1,0,0,1,1,1,0,1,6,True,"cost, nutrition, coolness, seasonal, eco_friendly, mood"
ARC-1183,Budget Nutrition Follower,False,Seasonal Mood Shopper,3,0.73,1,0,0,1,0,0,1,1,1,1,0,6,True,"cost, nutrition, coolness, seasonal, eco_friendly, trendsetter"
ARC-1192,Budget Nutrition Explorer,False,Seasonal Mood Shopper,3,0.73,1,0,0,1,0,1,0,0,1,1,1,6,True,"cost, nutrition, curiosity, eco_friendly, trendsetter, mood"
ARC-1196,Budget Nutrition Explorer,False,Seasonal Mood Shopper,3,0.73,1,0,0,1,0,1,0,1,0,1,1,6,True,"cost, nutrition, curiosity, seasonal, trendsetter, mood"
ARC-1198,Budget Nutrition Explorer,False,Seasonal Mood Shopper,3,0.73,1,0,0,1,0,1,0,1,1,0,1,6,True,"cost, nutrition, curiosity, seasonal, eco_friendly, mood"
ARC-1199,Budget Nutrition Explorer,False,Seasonal Mood Shopper,3,0.73,1,0,0,1,0,1,0,1,1,1,0,6,True,"cost, nutrition, curiosity, seasonal, eco_friendly, trendsetter"
ARC-1224,Budget Nutrition Follower,False,Seasonal Mood Shopper,3,0.73,1,0,0,1,1,0,0,0,1,1,1,6,True,"cost, nutrition, design, eco_friendly, trendsetter, mood"
ARC-1228,Budget Nutrition Follower,False,Seasonal Mood Shopper,3,0.73,1,0,0,1,1,0,0,1,0,1,1,6,True,"cost, nutrition, design, seasonal, trendsetter, mood"
ARC-1230,Budget Nutrition Mood Buyer,False,Seasonal Mood Shopper,3,0.73,1,0,0,1,1,0,0,1,1,0,1,6,True,"cost, nutrition, design, seasonal, eco_friendly, mood"
ARC-1231,Budget Nutrition Follower,False,Seasonal Mood Shopper,3,0.73,1,0,0,1,1,0,0,1,1,1,0,6,True,"cost, nutrition, design, seasonal, eco_friendly, trendsetter"
ARC-1304,Budget Diet-Led Follower,False,Seasonal Mood Shopper,3,0.73,1,0,1,0,0,0,1,0,1,1,1,6,True,"cost, dietary, coolness, eco_friendly, trendsetter, mood"
ARC-1308,Budget Diet-Led Follower,False,Seasonal Mood Shopper,3,0.73,1,0,1,0,0,0,1,1,0,1,1,6,True,"cost, dietary, coolness, seasonal, trendsetter, mood"
ARC-1310,Budget Diet-Led Mood Buyer,False,Seasonal Mood Shopper,3,0.73,1,0,1,0,0,0,1,1,1,0,1,6,True,"cost, dietary, coolness, seasonal, eco_friendly, mood"
ARC-1311,Budget Diet-Led Follower,False,Seasonal Mood Shopper,3,0.73,1,0,1,0,0,0,1,1,1,1,0,6,True,"cost, dietary, coolness, seasonal, eco_friendly, trendsetter"
ARC-1320,Budget Diet-Led Explorer,False,Seasonal Mood Shopper,3,0.73,1,0,1,0,0,1,0,0,1,1,1,6,True,"cost, dietary, curiosity, eco_friendly, trendsetter, mood"
ARC-1324,Budget Diet-Led Explorer,False,Seasonal Mood Shopper,3,0.73,1,0,1,0,0,1,0,1,0,1,1,6,True,"cost, dietary, curiosity, seasonal, trendsetter, mood"
ARC-1326,Budget Diet-Led Explorer,False,Seasonal Mood Shopper,3,0.73,1,0,1,0,0,1,0,1,1,0,1,6,True,"cost, dietary, curiosity, seasonal, eco_friendly, mood"
ARC-1327,Budget Diet-Led Explorer,False,Seasonal Mood Shopper,3,0.73,1,0,1,0,0,1,0,1,1,1,0,6,True,"cost, dietary, curiosity, seasonal, eco_friendly, trendsetter"
ARC-1352,Budget Diet-Led Follower,False,Seasonal Mood Shopper,3,0.73,1,0,1,0,1,0,0,0,1,1,1,6,True,"cost, dietary, design, eco_friendly, trendsetter, mood"
ARC-1356,Budget Diet-Led Follower,False,Seasonal Mood Shopper,3,0.73,1,0,1,0,1,0,0,1,0,1,1,6,True,"cost, dietary, design, seasonal, trendsetter, mood"
ARC-1358,Budget Diet-Led Mood Buyer,False,Seasonal Mood Shopper,3,0.73,1,0,1,0,1,0,0,1,1,0,1,6,True,"cost, dietary, design, seasonal, eco_friendly, mood"
ARC-1359,Budget Diet-Led Follower,False,Seasonal Mood Shopper,3,0.73,1,0,1,0,1,0,0,1,1,1,0,6,True,"cost, dietary, design, seasonal, eco_friendly, trendsetter"
ARC-1416,Budget Nutrition Label Reader,False,Seasonal Mood Shopper,3,0.73,1,0,1,1,0,0,0,0,1,1,1,6,True,"cost, dietary, nutrition, eco_friendly, trendsetter, mood"
ARC-1420,Budget Nutrition Label Reader,False,Seasonal Mood Shopper,3,0.73,1,0,1,1,0,0,0,1,0,1,1,6,True,"cost, dietary, nutrition, seasonal, trendsetter, mood"
ARC-1422,Budget Nutrition Label Reader,False,Seasonal Mood Shopper,3,0.73,1,0,1,1,0,0,0,1,1,0,1,6,True,"cost, dietary, nutrition, seasonal, eco_friendly, mood"
ARC-1423,Budget Nutrition Label Reader,False,Seasonal Mood Shopper,3,0.73,1,0,1,1,0,0,0,1,1,1,0,6,True,"cost, dietary, nutrition, seasonal, eco_friendly, trendsetter"
ARC-1560,Budget Wellness Follower,False,Seasonal Mood Shopper,3,0.73,1,1,0,0,0,0,1,0,1,1,1,6,True,"cost, medical, coolness, eco_friendly, trendsetter, mood"
ARC-1564,Budget Wellness Follower,False,Seasonal Mood Shopper,3,0.73,1,1,0,0,0,0,1,1,0,1,1,6,True,"cost, medical, coolness, seasonal, trendsetter, mood"
ARC-1566,Budget Wellness Mood Buyer,False,Seasonal Mood Shopper,3,0.73,1,1,0,0,0,0,1,1,1,0,1,6,True,"cost, medical, coolness, seasonal, eco_friendly, mood"
ARC-1567,Budget Wellness Follower,False,Seasonal Mood Shopper,3,0.73,1,1,0,0,0,0,1,1,1,1,0,6,True,"cost, medical, coolness, seasonal, eco_friendly, trendsetter"
ARC-1576,Budget Wellness Explorer,False,Seasonal Mood Shopper,3,0.73,1,1,0,0,0,1,0,0,1,1,1,6,True,"cost, medical, curiosity, eco_friendly, trendsetter, mood"
ARC-1580,Budget Wellness Explorer,False,Seasonal Mood Shopper,3,0.73,1,1,0,0,0,1,0,1,0,1,1,6,True,"cost, medical, curiosity, seasonal, trendsetter, mood"
ARC-1582,Budget Wellness Explorer,False,Seasonal Mood Shopper,3,0.73,1,1,0,0,0,1,0,1,1,0,1,6,True,"cost, medical, curiosity, seasonal, eco_friendly, mood"
ARC-1583,Budget Wellness Explorer,False,Seasonal Mood Shopper,3,0.73,1,1,0,0,0,1,0,1,1,1,0,6,True,"cost, medical, curiosity, seasonal, eco_friendly, trendsetter"
ARC-1608,Budget Wellness Follower,False,Seasonal Mood Shopper,3,0.73,1,1,0,0,1,0,0,0,1,1,1,6,True,"cost, medical, design, eco_friendly, trendsetter, mood"
ARC-1612,Budget Wellness Follower,False,Seasonal Mood Shopper,3,0.73,1,1,0,0,1,0,0,1,0,1,1,6,True,"cost, medical, design, seasonal, trendsetter, mood"
ARC-1614,Budget Wellness Mood Buyer,False,Seasonal Mood Shopper,3,0.73,1,1,0,0,1,0,0,1,1,0,1,6,True,"cost, medical, design, seasonal, eco_friendly, mood"
ARC-1615,Budget Wellness Follower,False,Seasonal Mood Shopper,3,0.73,1,1,0,0,1,0,0,1,1,1,0,6,True,"cost, medical, design, seasonal, eco_friendly, trendsetter"
ARC-1672,Budget Wellness Tracker,False,Seasonal Mood Shopper,3,0.73,1,1,0,1,0,0,0,0,1,1,1,6,True,"cost, medical, nutrition, eco_friendly, trendsetter, mood"
ARC-1676,Budget Wellness Tracker,False,Seasonal Mood Shopper,3,0.73,1,1,0,1,0,0,0,1,0,1,1,6,True,"cost, medical, nutrition, seasonal, trendsetter, mood"
ARC-1678,Budget Wellness Tracker,False,Seasonal Mood Shopper,3,0.73,1,1,0,1,0,0,0,1,1,0,1,6,True,"cost, medical, nutrition, seasonal, eco_friendly, mood"
ARC-1679,Budget Wellness Tracker,False,Seasonal Mood Shopper,3,0.73,1,1,0,1,0,0,0,1,1,1,0,6,True,"cost, medical, nutrition, seasonal, eco_friendly, trendsetter"
ARC-1800,Budget Wellness Label Reader,False,Seasonal Mood Shopper,3,0.73,1,1,1,0,0,0,0,0,1,1,1,6,True,"cost, medical, dietary, eco_friendly, trendsetter, mood"
ARC-1804,Budget Wellness Label Reader,False,Seasonal Mood Shopper,3,0.73,1,1,1,0,0,0,0,1,0,1,1,6,True,"cost, medical, dietary, seasonal, trendsetter, mood"
ARC-1806,Budget Wellness Label Reader,False,Seasonal Mood Shopper,3,0.73,1,1,1,0,0,0,0,1,1,0,1,6,True,"cost, medical, dietary, seasonal, eco_friendly, mood"
ARC-1807,Budget Wellness Label Reader,False,Seasonal Mood Shopper,3,0.73,1,1,1,0,0,0,0,1,1,1,0,6,True,"cost, medical, dietary, seasonal, eco_friendly, trendsetter"
ARC-0024,Premium Trend Mood Buyer,False,Seasonal Mood Shopper,3,0.73,0,0,0,0,0,0,1,0,1,1,1,4,False,"coolness, eco_friendly, trendsetter, mood"
ARC-0028,Premium Trend Mood Buyer,False,Seasonal Mood Shopper,3,0.73,0,0,0,0,0,0,1,1,0,1,1,4,False,"coolness, seasonal, trendsetter, mood"
ARC-0030,Premium Mood Conscious Buyer,False,Seasonal Mood Shopper,3,0.73,0,0,0,0,0,0,1,1,1,0,1,4,False,"coolness, seasonal, eco_friendly, mood"
ARC-0031,Premium Trend Conscious Buyer,False,Seasonal Mood Shopper,3,0.73,0,0,0,0,0,0,1,1,1,1,0,4,False,"coolness, seasonal, eco_friendly, trendsetter"
ARC-0040,Premium Explorer Follower,False,Seasonal Mood Shopper,3,0.73,0,0,0,0,0,1,0,0,1,1,1,4,False,"curiosity, eco_friendly, trendsetter, mood"
ARC-0044,Premium Explorer Follower,False,Seasonal Mood Shopper,3,0.73,0,0,0,0,0,1,0,1,0,1,1,4,False,"curiosity, seasonal, trendsetter, mood"
ARC-0046,Premium Explorer Mood Buyer,False,Seasonal Mood Shopper,3,0.73,0,0,0,0,0,1,0,1,1,0,1,4,False,"curiosity, seasonal, eco_friendly, mood"
ARC-0047,Premium Explorer Follower,False,Seasonal Mood Shopper,3,0.73,0,0,0,0,0,1,0,1,1,1,0,4,False,"curiosity, seasonal, eco_friendly, trendsetter"
ARC-0072,Premium Trend Mood Buyer,False,Seasonal Mood Shopper,3,0.73,0,0,0,0,1,0,0,0,1,1,1,4,False,"design, eco_friendly, trendsetter, mood"
ARC-0076,Premium Trend Mood Buyer,False,Seasonal Mood Shopper,3,0.73,0,0,0,0,1,0,0,1,0,1,1,4,False,"design, seasonal, trendsetter, mood"
ARC-0078,Premium Mood Conscious Buyer,False,Seasonal Mood Shopper,3,0.73,0,0,0,0,1,0,0,1,1,0,1,4,False,"design, seasonal, eco_friendly, mood"
ARC-0079,Premium Trend Conscious Buyer,False,Seasonal Mood Shopper,3,0.73,0,0,0,0,1,0,0,1,1,1,0,4,False,"design, seasonal, eco_friendly, trendsetter"
ARC-0136,Premium Nutrition Follower,False,Seasonal Mood Shopper,3,0.73,0,0,0,1,0,0,0,0,1,1,1,4,False,"nutrition, eco_friendly, trendsetter, mood"
ARC-0140,Premium Nutrition Follower,False,Seasonal Mood Shopper,3,0.73,0,0,0,1,0,0,0,1,0,1,1,4,False,"nutrition, seasonal, trendsetter, mood"
ARC-0142,Premium Nutrition Mood Buyer,False,Seasonal Mood Shopper,3,0.73,0,0,0,1,0,0,0,1,1,0,1,4,False,"nutrition, seasonal, eco_friendly, mood"
ARC-0143,Premium Nutrition Follower,False,Seasonal Mood Shopper,3,0.73,0,0,0,1,0,0,0,1,1,1,0,4,False,"nutrition, seasonal, eco_friendly, trendsetter"
ARC-0264,Premium Diet-Led Follower,False,Seasonal Mood Shopper,3,0.73,0,0,1,0,0,0,0,0,1,1,1,4,False,"dietary, eco_friendly, trendsetter, mood"
ARC-0268,Premium Diet-Led Follower,False,Seasonal Mood Shopper,3,0.73,0,0,1,0,0,0,0,1,0,1,1,4,False,"dietary, seasonal, trendsetter, mood"
ARC-0270,Premium Diet-Led Mood Buyer,False,Seasonal Mood Shopper,3,0.73,0,0,1,0,0,0,0,1,1,0,1,4,False,"dietary, seasonal, eco_friendly, mood"
ARC-0271,Premium Diet-Led Follower,False,Seasonal Mood Shopper,3,0.73,0,0,1,0,0,0,0,1,1,1,0,4,False,"dietary, seasonal, eco_friendly, trendsetter"
ARC-0520,Premium Wellness Follower,False,Seasonal Mood Shopper,3,0.73,0,1,0,0,0,0,0,0,1,1,1,4,False,"medical, eco_friendly, trendsetter, mood"
ARC-0524,Premium Wellness Follower,False,Seasonal Mood Shopper,3,0.73,0,1,0,0,0,0,0,1,0,1,1,4,False,"medical, seasonal, trendsetter, mood"
ARC-0526,Premium Wellness Mood Buyer,False,Seasonal Mood Shopper,3,0.73,0,1,0,0,0,0,0,1,1,0,1,4,False,"medical, seasonal, eco_friendly, mood"
ARC-0527,Premium Wellness Follower,False,Seasonal Mood Shopper,3,0.73,0,1,0,0,0,0,0,1,1,1,0,4,False,"medical, seasonal, eco_friendly, trendsetter"
ARC-1044,Budget Trend Mood Buyer,False,Seasonal Mood Shopper,3,0.73,1,0,0,0,0,0,1,0,0,1,1,4,True,"cost, coolness, trendsetter, mood"
ARC-1046,Budget Mood Conscious Buyer,False,Seasonal Mood Shopper,3,0.73,1,0,0,0,0,0,1,0,1,0,1,4,True,"cost, coolness, eco_friendly, mood"
ARC-1047,Budget Trend Conscious Buyer,False,Seasonal Mood Shopper,3,0.73,1,0,0,0,0,0,1,0,1,1,0,4,True,"cost, coolness, eco_friendly, trendsetter"
ARC-1050,Budget Mood Occasion Buyer,False,Seasonal Mood Shopper,3,0.73,1,0,0,0,0,0,1,1,0,0,1,4,True,"cost, coolness, seasonal, mood"
ARC-1051,Budget Trend Occasion Buyer,False,Seasonal Mood Shopper,3,0.73,1,0,0,0,0,0,1,1,0,1,0,4,True,"cost, coolness, seasonal, trendsetter"
ARC-1053,Budget Eco Occasion Buyer,False,Seasonal Mood Shopper,3,0.73,1,0,0,0,0,0,1,1,1,0,0,4,True,"cost, coolness, seasonal, eco_friendly"
ARC-1060,Budget Explorer Follower,False,Seasonal Mood Shopper,3,0.73,1,0,0,0,0,1,0,0,0,1,1,4,True,"cost, curiosity, trendsetter, mood"
ARC-1062,Budget Explorer Mood Buyer,False,Seasonal Mood Shopper,3,0.73,1,0,0,0,0,1,0,0,1,0,1,4,True,"cost, curiosity, eco_friendly, mood"
ARC-1063,Budget Explorer Follower,False,Seasonal Mood Shopper,3,0.73,1,0,0,0,0,1,0,0,1,1,0,4,True,"cost, curiosity, eco_friendly, trendsetter"
ARC-1066,Budget Explorer Mood Buyer,False,Seasonal Mood Shopper,3,0.73,1,0,0,0,0,1,0,1,0,0,1,4,True,"cost, curiosity, seasonal, mood"
ARC-1067,Budget Explorer Follower,False,Seasonal Mood Shopper,3,0.73,1,0,0,0,0,1,0,1,0,1,0,4,True,"cost, curiosity, seasonal, trendsetter"
ARC-1069,Budget Explorer Conscious Buyer,False,Seasonal Mood Shopper,3,0.73,1,0,0,0,0,1,0,1,1,0,0,4,True,"cost, curiosity, seasonal, eco_friendly"
ARC-1092,Budget Trend Mood Buyer,False,Seasonal Mood Shopper,3,0.73,1,0,0,0,1,0,0,0,0,1,1,4,True,"cost, design, trendsetter, mood"
ARC-1094,Budget Mood Conscious Buyer,False,Seasonal Mood Shopper,3,0.73,1,0,0,0,1,0,0,0,1,0,1,4,True,"cost, design, eco_friendly, mood"
ARC-1095,Budget Trend Conscious Buyer,False,Seasonal Mood Shopper,3,0.73,1,0,0,0,1,0,0,0,1,1,0,4,True,"cost, design, eco_friendly, trendsetter"
ARC-1098,Budget Mood Occasion Buyer,False,Seasonal Mood Shopper,3,0.73,1,0,0,0,1,0,0,1,0,0,1,4,True,"cost, design, seasonal, mood"
ARC-1099,Budget Trend Occasion Buyer,False,Seasonal Mood Shopper,3,0.73,1,0,0,0,1,0,0,1,0,1,0,4,True,"cost, design, seasonal, trendsetter"
ARC-1101,Budget Eco Occasion Buyer,False,Seasonal Mood Shopper,3,0.73,1,0,0,0,1,0,0,1,1,0,0,4,True,"cost, design, seasonal, eco_friendly"
ARC-1156,Budget Nutrition Follower,False,Seasonal Mood Shopper,3,0.73,1,0,0,1,0,0,0,0,0,1,1,4,True,"cost, nutrition, trendsetter, mood"
ARC-1158,Budget Nutrition Mood Buyer,False,Seasonal Mood Shopper,3,0.73,1,0,0,1,0,0,0,0,1,0,1,4,True,"cost, nutrition, eco_friendly, mood"
ARC-1159,Budget Nutrition Follower,False,Seasonal Mood Shopper,3,0.73,1,0,0,1,0,0,0,0,1,1,0,4,True,"cost, nutrition, eco_friendly, trendsetter"
ARC-1162,Budget Nutrition Mood Buyer,False,Seasonal Mood Shopper,3,0.73,1,0,0,1,0,0,0,1,0,0,1,4,True,"cost, nutrition, seasonal, mood"
ARC-1163,Budget Nutrition Follower,False,Seasonal Mood Shopper,3,0.73,1,0,0,1,0,0,0,1,0,1,0,4,True,"cost, nutrition, seasonal, trendsetter"
ARC-1165,Budget Nutrition Conscious Buyer,False,Seasonal Mood Shopper,3,0.73,1,0,0,1,0,0,0,1,1,0,0,4,True,"cost, nutrition, seasonal, eco_friendly"
ARC-1284,Budget Diet-Led Follower,False,Seasonal Mood Shopper,3,0.73,1,0,1,0,0,0,0,0,0,1,1,4,True,"cost, dietary, trendsetter, mood"
ARC-1286,Budget Diet-Led Mood Buyer,False,Seasonal Mood Shopper,3,0.73,1,0,1,0,0,0,0,0,1,0,1,4,True,"cost, dietary, eco_friendly, mood"
ARC-1287,Budget Diet-Led Follower,False,Seasonal Mood Shopper,3,0.73,1,0,1,0,0,0,0,0,1,1,0,4,True,"cost, dietary, eco_friendly, trendsetter"
ARC-1290,Budget Diet-Led Mood Buyer,False,Seasonal Mood Shopper,3,0.73,1,0,1,0,0,0,0,1,0,0,1,4,True,"cost, dietary, seasonal, mood"
ARC-1291,Budget Diet-Led Follower,False,Seasonal Mood Shopper,3,0.73,1,0,1,0,0,0,0,1,0,1,0,4,True,"cost, dietary, seasonal, trendsetter"
ARC-1293,Budget Diet-Led Conscious Buyer,False,Seasonal Mood Shopper,3,0.73,1,0,1,0,0,0,0,1,1,0,0,4,True,"cost, dietary, seasonal, eco_friendly"
ARC-1540,Budget Wellness Follower,False,Seasonal Mood Shopper,3,0.73,1,1,0,0,0,0,0,0,0,1,1,4,True,"cost, medical, trendsetter, mood"
ARC-1542,Budget Wellness Mood Buyer,False,Seasonal Mood Shopper,3,0.73,1,1,0,0,0,0,0,0,1,0,1,4,True,"cost, medical, eco_friendly, mood"
ARC-1543,Budget Wellness Follower,False,Seasonal Mood Shopper,3,0.73,1,1,0,0,0,0,0,0,1,1,0,4,True,"cost, medical, eco_friendly, trendsetter"
ARC-1546,Budget Wellness Mood Buyer,False,Seasonal Mood Shopper,3,0.73,1,1,0,0,0,0,0,1,0,0,1,4,True,"cost, medical, seasonal, mood"
ARC-1547,Budget Wellness Follower,False,Seasonal Mood Shopper,3,0.73,1,1,0,0,0,0,0,1,0,1,0,4,True,"cost, medical, seasonal, trendsetter"
ARC-1549,Budget Wellness Conscious Buyer,False,Seasonal Mood Shopper,3,0.73,1,1,0,0,0,0,0,1,1,0,0,4,True,"cost, medical, seasonal, eco_friendly"
ARC-0004,Premium Trend Mood Buyer,False,Seasonal Mood Shopper,3,0.73,0,0,0,0,0,0,0,0,0,1,1,2,False,"trendsetter, mood"
ARC-0006,Premium Mood Conscious Buyer,False,Seasonal Mood Shopper,3,0.73,0,0,0,0,0,0,0,0,1,0,1,2,False,"eco_friendly, mood"
ARC-0007,Premium Trend Conscious Buyer,False,Seasonal Mood Shopper,3,0.73,0,0,0,0,0,0,0,0,1,1,0,2,False,"eco_friendly, trendsetter"
ARC-0010,Premium Mood Occasion Buyer,False,Seasonal Mood Shopper,3,0.73,0,0,0,0,0,0,0,1,0,0,1,2,False,"seasonal, mood"
ARC-0011,Premium Trend Occasion Buyer,False,Seasonal Mood Shopper,3,0.73,0,0,0,0,0,0,0,1,0,1,0,2,False,"seasonal, trendsetter"
ARC-0013,Premium Eco Occasion Buyer,False,Seasonal Mood Shopper,3,0.73,0,0,0,0,0,0,0,1,1,0,0,2,False,"seasonal, eco_friendly"
ARC-1026,Budget Mood Buyer,False,Seasonal Mood Shopper,3,0.73,1,0,0,0,0,0,0,0,0,0,1,2,True,"cost, mood"
ARC-1027,Budget Follower,False,Seasonal Mood Shopper,3,0.73,1,0,0,0,0,0,0,0,0,1,0,2,True,"cost, trendsetter"
ARC-1029,Budget Conscious Buyer,False,Seasonal Mood Shopper,3,0.73,1,0,0,0,0,0,0,0,1,0,0,2,True,"cost, eco_friendly"
ARC-1033,Budget Occasion Buyer,False,Seasonal Mood Shopper,3,0.73,1,0,0,0,0,0,0,1,0,0,0,2,True,"cost, seasonal"
ARC-1148,Budget Explorer Follower,False,Seasonal Mood Shopper,4,0.64,1,0,0,0,1,1,1,1,0,1,1,7,True,"cost, design, curiosity, coolness, seasonal, trendsetter, mood"
ARC-1212,Budget Nutrition Explorer,False,Seasonal Mood Shopper,4,0.64,1,0,0,1,0,1,1,1,0,1,1,7,True,"cost, nutrition, curiosity, coolness, seasonal, trendsetter, mood"
ARC-1244,Budget Nutrition Follower,False,Seasonal Mood Shopper,4,0.64,1,0,0,1,1,0,1,1,0,1,1,7,True,"cost, nutrition, design, coolness, seasonal, trendsetter, mood"
ARC-1260,Budget Nutrition Explorer,False,Seasonal Mood Shopper,4,0.64,1,0,0,1,1,1,0,1,0,1,1,7,True,"cost, nutrition, design, curiosity, seasonal, trendsetter, mood"
ARC-1340,Budget Diet-Led Explorer,False,Seasonal Mood Shopper,4,0.64,1,0,1,0,0,1,1,1,0,1,1,7,True,"cost, dietary, curiosity, coolness, seasonal, trendsetter, mood"
ARC-1372,Budget Diet-Led Follower,False,Seasonal Mood Shopper,4,0.64,1,0,1,0,1,0,1,1,0,1,1,7,True,"cost, dietary, design, coolness, seasonal, trendsetter, mood"
ARC-1388,Budget Diet-Led Explorer,False,Seasonal Mood Shopper,4,0.64,1,0,1,0,1,1,0,1,0,1,1,7,True,"cost, dietary, design, curiosity, seasonal, trendsetter, mood"
ARC-1436,Budget Nutrition Label Reader,False,Seasonal Mood Shopper,4,0.64,1,0,1,1,0,0,1,1,0,1,1,7,True,"cost, dietary, nutrition, coolness, seasonal, trendsetter, mood"
ARC-1452,Budget Nutrition Label Reader,False,Seasonal Mood Shopper,4,0.64,1,0,1,1,0,1,0,1,0,1,1,7,True,"cost, dietary, nutrition, curiosity, seasonal, trendsetter, mood"
ARC-1484,Budget Nutrition Label Reader,False,Seasonal Mood Shopper,4,0.64,1,0,1,1,1,0,0,1,0,1,1,7,True,"cost, dietary, nutrition, design, seasonal, trendsetter, mood"
ARC-1592,Budget Wellness Explorer,False,Seasonal Mood Shopper,4,0.64,1,1,0,0,0,1,1,0,1,1,1,7,True,"cost, medical, curiosity, coolness, eco_friendly, trendsetter, mood"
ARC-1596,Budget Wellness Explorer,False,Seasonal Mood Shopper,4,0.64,1,1,0,0,0,1,1,1,0,1,1,7,True,"cost, medical, curiosity, coolness, seasonal, trendsetter, mood"
ARC-1598,Budget Wellness Explorer,False,Seasonal Mood Shopper,4,0.64,1,1,0,0,0,1,1,1,1,0,1,7,True,"cost, medical, curiosity, coolness, seasonal, eco_friendly, mood"
ARC-1599,Budget Wellness Explorer,False,Seasonal Mood Shopper,4,0.64,1,1,0,0,0,1,1,1,1,1,0,7,True,"cost, medical, curiosity, coolness, seasonal, eco_friendly, trendsetter"
ARC-1624,Budget Wellness Follower,False,Seasonal Mood Shopper,4,0.64,1,1,0,0,1,0,1,0,1,1,1,7,True,"cost, medical, design, coolness, eco_friendly, trendsetter, mood"
ARC-1628,Budget Wellness Follower,False,Seasonal Mood Shopper,4,0.64,1,1,0,0,1,0,1,1,0,1,1,7,True,"cost, medical, design, coolness, seasonal, trendsetter, mood"
ARC-1630,Budget Wellness Mood Buyer,False,Seasonal Mood Shopper,4,0.64,1,1,0,0,1,0,1,1,1,0,1,7,True,"cost, medical, design, coolness, seasonal, eco_friendly, mood"
ARC-1631,Budget Wellness Follower,False,Seasonal Mood Shopper,4,0.64,1,1,0,0,1,0,1,1,1,1,0,7,True,"cost, medical, design, coolness, seasonal, eco_friendly, trendsetter"
ARC-1640,Budget Wellness Explorer,False,Seasonal Mood Shopper,4,0.64,1,1,0,0,1,1,0,0,1,1,1,7,True,"cost, medical, design, curiosity, eco_friendly, trendsetter, mood"
ARC-1644,Budget Wellness Explorer,False,Seasonal Mood Shopper,4,0.64,1,1,0,0,1,1,0,1,0,1,1,7,True,"cost, medical, design, curiosity, seasonal, trendsetter, mood"
ARC-1646,Budget Wellness Explorer,False,Seasonal Mood Shopper,4,0.64,1,1,0,0,1,1,0,1,1,0,1,7,True,"cost, medical, design, curiosity, seasonal, eco_friendly, mood"
ARC-1647,Budget Wellness Explorer,False,Seasonal Mood Shopper,4,0.64,1,1,0,0,1,1,0,1,1,1,0,7,True,"cost, medical, design, curiosity, seasonal, eco_friendly, trendsetter"
ARC-1688,Budget Wellness Tracker,False,Seasonal Mood Shopper,4,0.64,1,1,0,1,0,0,1,0,1,1,1,7,True,"cost, medical, nutrition, coolness, eco_friendly, trendsetter, mood"
ARC-1692,Budget Wellness Tracker,False,Seasonal Mood Shopper,4,0.64,1,1,0,1,0,0,1,1,0,1,1,7,True,"cost, medical, nutrition, coolness, seasonal, trendsetter, mood"
ARC-1694,Budget Wellness Tracker,False,Seasonal Mood Shopper,4,0.64,1,1,0,1,0,0,1,1,1,0,1,7,True,"cost, medical, nutrition, coolness, seasonal, eco_friendly, mood"
ARC-1695,Budget Wellness Tracker,False,Seasonal Mood Shopper,4,0.64,1,1,0,1,0,0,1,1,1,1,0,7,True,"cost, medical, nutrition, coolness, seasonal, eco_friendly, trendsetter"
ARC-1704,Budget Wellness Tracker,False,Seasonal Mood Shopper,4,0.64,1,1,0,1,0,1,0,0,1,1,1,7,True,"cost, medical, nutrition, curiosity, eco_friendly, trendsetter, mood"
ARC-1708,Budget Wellness Tracker,False,Seasonal Mood Shopper,4,0.64,1,1,0,1,0,1,0,1,0,1,1,7,True,"cost, medical, nutrition, curiosity, seasonal, trendsetter, mood"
ARC-1710,Budget Wellness Tracker,False,Seasonal Mood Shopper,4,0.64,1,1,0,1,0,1,0,1,1,0,1,7,True,"cost, medical, nutrition, curiosity, seasonal, eco_friendly, mood"
ARC-1711,Budget Wellness Tracker,False,Seasonal Mood Shopper,4,0.64,1,1,0,1,0,1,0,1,1,1,0,7,True,"cost, medical, nutrition, curiosity, seasonal, eco_friendly, trendsetter"
ARC-1736,Budget Wellness Tracker,False,Seasonal Mood Shopper,4,0.64,1,1,0,1,1,0,0,0,1,1,1,7,True,"cost, medical, nutrition, design, eco_friendly, trendsetter, mood"
ARC-1740,Budget Wellness Tracker,False,Seasonal Mood Shopper,4,0.64,1,1,0,1,1,0,0,1,0,1,1,7,True,"cost, medical, nutrition, design, seasonal, trendsetter, mood"
ARC-1742,Budget Wellness Tracker,False,Seasonal Mood Shopper,4,0.64,1,1,0,1,1,0,0,1,1,0,1,7,True,"cost, medical, nutrition, design, seasonal, eco_friendly, mood"
ARC-1743,Budget Wellness Tracker,False,Seasonal Mood Shopper,4,0.64,1,1,0,1,1,0,0,1,1,1,0,7,True,"cost, medical, nutrition, design, seasonal, eco_friendly, trendsetter"
ARC-1816,Budget Wellness Label Reader,False,Seasonal Mood Shopper,4,0.64,1,1,1,0,0,0,1,0,1,1,1,7,True,"cost, medical, dietary, coolness, eco_friendly, trendsetter, mood"
ARC-1820,Budget Wellness Label Reader,False,Seasonal Mood Shopper,4,0.64,1,1,1,0,0,0,1,1,0,1,1,7,True,"cost, medical, dietary, coolness, seasonal, trendsetter, mood"
ARC-1822,Budget Wellness Label Reader,False,Seasonal Mood Shopper,4,0.64,1,1,1,0,0,0,1,1,1,0,1,7,True,"cost, medical, dietary, coolness, seasonal, eco_friendly, mood"
ARC-1823,Budget Wellness Label Reader,False,Seasonal Mood Shopper,4,0.64,1,1,1,0,0,0,1,1,1,1,0,7,True,"cost, medical, dietary, coolness, seasonal, eco_friendly, trendsetter"
ARC-1832,Budget Wellness Label Reader,False,Seasonal Mood Shopper,4,0.64,1,1,1,0,0,1,0,0,1,1,1,7,True,"cost, medical, dietary, curiosity, eco_friendly, trendsetter, mood"
ARC-1836,Budget Wellness Label Reader,False,Seasonal Mood Shopper,4,0.64,1,1,1,0,0,1,0,1,0,1,1,7,True,"cost, medical, dietary, curiosity, seasonal, trendsetter, mood"
ARC-1838,Budget Wellness Label Reader,False,Seasonal Mood Shopper,4,0.64,1,1,1,0,0,1,0,1,1,0,1,7,True,"cost, medical, dietary, curiosity, seasonal, eco_friendly, mood"
ARC-1839,Budget Wellness Label Reader,False,Seasonal Mood Shopper,4,0.64,1,1,1,0,0,1,0,1,1,1,0,7,True,"cost, medical, dietary, curiosity, seasonal, eco_friendly, trendsetter"
ARC-1864,Budget Wellness Label Reader,False,Seasonal Mood Shopper,4,0.64,1,1,1,0,1,0,0,0,1,1,1,7,True,"cost, medical, dietary, design, eco_friendly, trendsetter, mood"
ARC-1868,Budget Wellness Label Reader,False,Seasonal Mood Shopper,4,0.64,1,1,1,0,1,0,0,1,0,1,1,7,True,"cost, medical, dietary, design, seasonal, trendsetter, mood"
ARC-1870,Budget Wellness Label Reader,False,Seasonal Mood Shopper,4,0.64,1,1,1,0,1,0,0,1,1,0,1,7,True,"cost, medical, dietary, design, seasonal, eco_friendly, mood"
ARC-1871,Budget Wellness Label Reader,False,Seasonal Mood Shopper,4,0.64,1,1,1,0,1,0,0,1,1,1,0,7,True,"cost, medical, dietary, design, seasonal, eco_friendly, trendsetter"
ARC-1928,Budget Wellness Tracker,False,Seasonal Mood Shopper,4,0.64,1,1,1,1,0,0,0,0,1,1,1,7,True,"cost, medical, dietary, nutrition, eco_friendly, trendsetter, mood"
ARC-1932,Budget Wellness Tracker,False,Seasonal Mood Shopper,4,0.64,1,1,1,1,0,0,0,1,0,1,1,7,True,"cost, medical, dietary, nutrition, seasonal, trendsetter, mood"
ARC-1934,Budget Wellness Tracker,False,Seasonal Mood Shopper,4,0.64,1,1,1,1,0,0,0,1,1,0,1,7,True,"cost, medical, dietary, nutrition, seasonal, eco_friendly, mood"
ARC-1935,Budget Wellness Tracker,False,Seasonal Mood Shopper,4,0.64,1,1,1,1,0,0,0,1,1,1,0,7,True,"cost, medical, dietary, nutrition, seasonal, eco_friendly, trendsetter"
ARC-0056,Premium Explorer Follower,False,Seasonal Mood Shopper,4,0.64,0,0,0,0,0,1,1,0,1,1,1,5,False,"curiosity, coolness, eco_friendly, trendsetter, mood"
ARC-0060,Premium Explorer Follower,False,Seasonal Mood Shopper,4,0.64,0,0,0,0,0,1,1,1,0,1,1,5,False,"curiosity, coolness, seasonal, trendsetter, mood"
ARC-0062,Premium Explorer Mood Buyer,False,Seasonal Mood Shopper,4,0.64,0,0,0,0,0,1,1,1,1,0,1,5,False,"curiosity, coolness, seasonal, eco_friendly, mood"
ARC-0063,Premium Explorer Follower,False,Seasonal Mood Shopper,4,0.64,0,0,0,0,0,1,1,1,1,1,0,5,False,"curiosity, coolness, seasonal, eco_friendly, trendsetter"
ARC-0088,Premium Trend Mood Buyer,False,Seasonal Mood Shopper,4,0.64,0,0,0,0,1,0,1,0,1,1,1,5,False,"design, coolness, eco_friendly, trendsetter, mood"
ARC-0092,Premium Trend Mood Buyer,False,Seasonal Mood Shopper,4,0.64,0,0,0,0,1,0,1,1,0,1,1,5,False,"design, coolness, seasonal, trendsetter, mood"
ARC-0094,Premium Mood Conscious Buyer,False,Seasonal Mood Shopper,4,0.64,0,0,0,0,1,0,1,1,1,0,1,5,False,"design, coolness, seasonal, eco_friendly, mood"
ARC-0095,Premium Trend Conscious Buyer,False,Seasonal Mood Shopper,4,0.64,0,0,0,0,1,0,1,1,1,1,0,5,False,"design, coolness, seasonal, eco_friendly, trendsetter"
ARC-0104,Premium Explorer Follower,False,Seasonal Mood Shopper,4,0.64,0,0,0,0,1,1,0,0,1,1,1,5,False,"design, curiosity, eco_friendly, trendsetter, mood"
ARC-0108,Premium Explorer Follower,False,Seasonal Mood Shopper,4,0.64,0,0,0,0,1,1,0,1,0,1,1,5,False,"design, curiosity, seasonal, trendsetter, mood"
ARC-0110,Premium Explorer Mood Buyer,False,Seasonal Mood Shopper,4,0.64,0,0,0,0,1,1,0,1,1,0,1,5,False,"design, curiosity, seasonal, eco_friendly, mood"
ARC-0111,Premium Explorer Follower,False,Seasonal Mood Shopper,4,0.64,0,0,0,0,1,1,0,1,1,1,0,5,False,"design, curiosity, seasonal, eco_friendly, trendsetter"
ARC-0152,Premium Nutrition Follower,False,Seasonal Mood Shopper,4,0.64,0,0,0,1,0,0,1,0,1,1,1,5,False,"nutrition, coolness, eco_friendly, trendsetter, mood"
ARC-0156,Premium Nutrition Follower,False,Seasonal Mood Shopper,4,0.64,0,0,0,1,0,0,1,1,0,1,1,5,False,"nutrition, coolness, seasonal, trendsetter, mood"
ARC-0158,Premium Nutrition Mood Buyer,False,Seasonal Mood Shopper,4,0.64,0,0,0,1,0,0,1,1,1,0,1,5,False,"nutrition, coolness, seasonal, eco_friendly, mood"
ARC-0159,Premium Nutrition Follower,False,Seasonal Mood Shopper,4,0.64,0,0,0,1,0,0,1,1,1,1,0,5,False,"nutrition, coolness, seasonal, eco_friendly, trendsetter"
ARC-0168,Premium Nutrition Explorer,False,Seasonal Mood Shopper,4,0.64,0,0,0,1,0,1,0,0,1,1,1,5,False,"nutrition, curiosity, eco_friendly, trendsetter, mood"
ARC-0172,Premium Nutrition Explorer,False,Seasonal Mood Shopper,4,0.64,0,0,0,1,0,1,0,1,0,1,1,5,False,"nutrition, curiosity, seasonal, trendsetter, mood"
ARC-0174,Premium Nutrition Explorer,False,Seasonal Mood Shopper,4,0.64,0,0,0,1,0,1,0,1,1,0,1,5,False,"nutrition, curiosity, seasonal, eco_friendly, mood"
ARC-0175,Premium Nutrition Explorer,False,Seasonal Mood Shopper,4,0.64,0,0,0,1,0,1,0,1,1,1,0,5,False,"nutrition, curiosity, seasonal, eco_friendly, trendsetter"
ARC-0200,Premium Nutrition Follower,False,Seasonal Mood Shopper,4,0.64,0,0,0,1,1,0,0,0,1,1,1,5,False,"nutrition, design, eco_friendly, trendsetter, mood"
ARC-0204,Premium Nutrition Follower,False,Seasonal Mood Shopper,4,0.64,0,0,0,1,1,0,0,1,0,1,1,5,False,"nutrition, design, seasonal, trendsetter, mood"
ARC-0206,Premium Nutrition Mood Buyer,False,Seasonal Mood Shopper,4,0.64,0,0,0,1,1,0,0,1,1,0,1,5,False,"nutrition, design, seasonal, eco_friendly, mood"
ARC-0207,Premium Nutrition Follower,False,Seasonal Mood Shopper,4,0.64,0,0,0,1,1,0,0,1,1,1,0,5,False,"nutrition, design, seasonal, eco_friendly, trendsetter"
ARC-0280,Premium Diet-Led Follower,False,Seasonal Mood Shopper,4,0.64,0,0,1,0,0,0,1,0,1,1,1,5,False,"dietary, coolness, eco_friendly, trendsetter, mood"
ARC-0284,Premium Diet-Led Follower,False,Seasonal Mood Shopper,4,0.64,0,0,1,0,0,0,1,1,0,1,1,5,False,"dietary, coolness, seasonal, trendsetter, mood"
ARC-0286,Premium Diet-Led Mood Buyer,False,Seasonal Mood Shopper,4,0.64,0,0,1,0,0,0,1,1,1,0,1,5,False,"dietary, coolness, seasonal, eco_friendly, mood"
ARC-0287,Premium Diet-Led Follower,False,Seasonal Mood Shopper,4,0.64,0,0,1,0,0,0,1,1,1,1,0,5,False,"dietary, coolness, seasonal, eco_friendly, trendsetter"
ARC-0296,Premium Diet-Led Explorer,False,Seasonal Mood Shopper,4,0.64,0,0,1,0,0,1,0,0,1,1,1,5,False,"dietary, curiosity, eco_friendly, trendsetter, mood"
ARC-0300,Premium Diet-Led Explorer,False,Seasonal Mood Shopper,4,0.64,0,0,1,0,0,1,0,1,0,1,1,5,False,"dietary, curiosity, seasonal, trendsetter, mood"
ARC-0302,Premium Diet-Led Explorer,False,Seasonal Mood Shopper,4,0.64,0,0,1,0,0,1,0,1,1,0,1,5,False,"dietary, curiosity, seasonal, eco_friendly, mood"
ARC-0303,Premium Diet-Led Explorer,False,Seasonal Mood Shopper,4,0.64,0,0,1,0,0,1,0,1,1,1,0,5,False,"dietary, curiosity, seasonal, eco_friendly, trendsetter"
ARC-0328,Premium Diet-Led Follower,False,Seasonal Mood Shopper,4,0.64,0,0,1,0,1,0,0,0,1,1,1,5,False,"dietary, design, eco_friendly, trendsetter, mood"
ARC-0332,Premium Diet-Led Follower,False,Seasonal Mood Shopper,4,0.64,0,0,1,0,1,0,0,1,0,1,1,5,False,"dietary, design, seasonal, trendsetter, mood"
ARC-0334,Premium Diet-Led Mood Buyer,False,Seasonal Mood Shopper,4,0.64,0,0,1,0,1,0,0,1,1,0,1,5,False,"dietary, design, seasonal, eco_friendly, mood"
ARC-0335,Premium Diet-Led Follower,False,Seasonal Mood Shopper,4,0.64,0,0,1,0,1,0,0,1,1,1,0,5,False,"dietary, design, seasonal, eco_friendly, trendsetter"
ARC-0392,Premium Nutrition Label Reader,False,Seasonal Mood Shopper,4,0.64,0,0,1,1,0,0,0,0,1,1,1,5,False,"dietary, nutrition, eco_friendly, trendsetter, mood"
ARC-0396,Premium Nutrition Label Reader,False,Seasonal Mood Shopper,4,0.64,0,0,1,1,0,0,0,1,0,1,1,5,False,"dietary, nutrition, seasonal, trendsetter, mood"
ARC-0398,Premium Nutrition Label Reader,False,Seasonal Mood Shopper,4,0.64,0,0,1,1,0,0,0,1,1,0,1,5,False,"dietary, nutrition, seasonal, eco_friendly, mood"
ARC-0399,Premium Nutrition Label Reader,False,Seasonal Mood Shopper,4,0.64,0,0,1,1,0,0,0,1,1,1,0,5,False,"dietary, nutrition, seasonal, eco_friendly, trendsetter"
ARC-0536,Premium Wellness Follower,False,Seasonal Mood Shopper,4,0.64,0,1,0,0,0,0,1,0,1,1,1,5,False,"medical, coolness, eco_friendly, trendsetter, mood"
ARC-0540,Premium Wellness Follower,False,Seasonal Mood Shopper,4,0.64,0,1,0,0,0,0,1,1,0,1,1,5,False,"medical, coolness, seasonal, trendsetter, mood"
ARC-0542,Premium Wellness Mood Buyer,False,Seasonal Mood Shopper,4,0.64,0,1,0,0,0,0,1,1,1,0,1,5,False,"medical, coolness, seasonal, eco_friendly, mood"
ARC-0543,Premium Wellness Follower,False,Seasonal Mood Shopper,4,0.64,0,1,0,0,0,0,1,1,1,1,0,5,False,"medical, coolness, seasonal, eco_friendly, trendsetter"
ARC-0552,Premium Wellness Explorer,False,Seasonal Mood Shopper,4,0.64,0,1,0,0,0,1,0,0,1,1,1,5,False,"medical, curiosity, eco_friendly, trendsetter, mood"
ARC-0556,Premium Wellness Explorer,False,Seasonal Mood Shopper,4,0.64,0,1,0,0,0,1,0,1,0,1,1,5,False,"medical, curiosity, seasonal, trendsetter, mood"
ARC-0558,Premium Wellness Explorer,False,Seasonal Mood Shopper,4,0.64,0,1,0,0,0,1,0,1,1,0,1,5,False,"medical, curiosity, seasonal, eco_friendly, mood"
ARC-0559,Premium Wellness Explorer,False,Seasonal Mood Shopper,4,0.64,0,1,0,0,0,1,0,1,1,1,0,5,False,"medical, curiosity, seasonal, eco_friendly, trendsetter"
ARC-0584,Premium Wellness Follower,False,Seasonal Mood Shopper,4,0.64,0,1,0,0,1,0,0,0,1,1,1,5,False,"medical, design, eco_friendly, trendsetter, mood"
ARC-0588,Premium Wellness Follower,False,Seasonal Mood Shopper,4,0.64,0,1,0,0,1,0,0,1,0,1,1,5,False,"medical, design, seasonal, trendsetter, mood"
ARC-0590,Premium Wellness Mood Buyer,False,Seasonal Mood Shopper,4,0.64,0,1,0,0,1,0,0,1,1,0,1,5,False,"medical, design, seasonal, eco_friendly, mood"
ARC-0591,Premium Wellness Follower,False,Seasonal Mood Shopper,4,0.64,0,1,0,0,1,0,0,1,1,1,0,5,False,"medical, design, seasonal, eco_friendly, trendsetter"
ARC-0648,Premium Wellness Tracker,False,Seasonal Mood Shopper,4,0.64,0,1,0,1,0,0,0,0,1,1,1,5,False,"medical, nutrition, eco_friendly, trendsetter, mood"
ARC-0652,Premium Wellness Tracker,False,Seasonal Mood Shopper,4,0.64,0,1,0,1,0,0,0,1,0,1,1,5,False,"medical, nutrition, seasonal, trendsetter, mood"
ARC-0654,Premium Wellness Tracker,False,Seasonal Mood Shopper,4,0.64,0,1,0,1,0,0,0,1,1,0,1,5,False,"medical, nutrition, seasonal, eco_friendly, mood"
ARC-0655,Premium Wellness Tracker,False,Seasonal Mood Shopper,4,0.64,0,1,0,1,0,0,0,1,1,1,0,5,False,"medical, nutrition, seasonal, eco_friendly, trendsetter"
ARC-0776,Premium Wellness Label Reader,False,Seasonal Mood Shopper,4,0.64,0,1,1,0,0,0,0,0,1,1,1,5,False,"medical, dietary, eco_friendly, trendsetter, mood"
ARC-0780,Premium Wellness Label Reader,False,Seasonal Mood Shopper,4,0.64,0,1,1,0,0,0,0,1,0,1,1,5,False,"medical, dietary, seasonal, trendsetter, mood"
ARC-0782,Premium Wellness Label Reader,False,Seasonal Mood Shopper,4,0.64,0,1,1,0,0,0,0,1,1,0,1,5,False,"medical, dietary, seasonal, eco_friendly, mood"
ARC-0783,Premium Wellness Label Reader,False,Seasonal Mood Shopper,4,0.64,0,1,1,0,0,0,0,1,1,1,0,5,False,"medical, dietary, seasonal, eco_friendly, trendsetter"
ARC-1076,Budget Explorer Follower,False,Seasonal Mood Shopper,4,0.64,1,0,0,0,0,1,1,0,0,1,1,5,True,"cost, curiosity, coolness, trendsetter, mood"
ARC-1082,Budget Explorer Mood Buyer,False,Seasonal Mood Shopper,4,0.64,1,0,0,0,0,1,1,1,0,0,1,5,True,"cost, curiosity, coolness, seasonal, mood"
ARC-1083,Budget Explorer Follower,False,Seasonal Mood Shopper,4,0.64,1,0,0,0,0,1,1,1,0,1,0,5,True,"cost, curiosity, coolness, seasonal, trendsetter"
ARC-1108,Budget Trend Mood Buyer,False,Seasonal Mood Shopper,4,0.64,1,0,0,0,1,0,1,0,0,1,1,5,True,"cost, design, coolness, trendsetter, mood"
ARC-1114,Budget Mood Occasion Buyer,False,Seasonal Mood Shopper,4,0.64,1,0,0,0,1,0,1,1,0,0,1,5,True,"cost, design, coolness, seasonal, mood"
ARC-1115,Budget Trend Occasion Buyer,False,Seasonal Mood Shopper,4,0.64,1,0,0,0,1,0,1,1,0,1,0,5,True,"cost, design, coolness, seasonal, trendsetter"
ARC-1124,Budget Explorer Follower,False,Seasonal Mood Shopper,4,0.64,1,0,0,0,1,1,0,0,0,1,1,5,True,"cost, design, curiosity, trendsetter, mood"
ARC-1130,Budget Explorer Mood Buyer,False,Seasonal Mood Shopper,4,0.64,1,0,0,0,1,1,0,1,0,0,1,5,True,"cost, design, curiosity, seasonal, mood"
ARC-1131,Budget Explorer Follower,False,Seasonal Mood Shopper,4,0.64,1,0,0,0,1,1,0,1,0,1,0,5,True,"cost, design, curiosity, seasonal, trendsetter"
ARC-1172,Budget Nutrition Follower,False,Seasonal Mood Shopper,4,0.64,1,0,0,1,0,0,1,0,0,1,1,5,True,"cost, nutrition, coolness, trendsetter, mood"
ARC-1178,Budget Nutrition Mood Buyer,False,Seasonal Mood Shopper,4,0.64,1,0,0,1,0,0,1,1,0,0,1,5,True,"cost, nutrition, coolness, seasonal, mood"
ARC-1179,Budget Nutrition Follower,False,Seasonal Mood Shopper,4,0.64,1,0,0,1,0,0,1,1,0,1,0,5,True,"cost, nutrition, coolness, seasonal, trendsetter"
ARC-1188,Budget Nutrition Explorer,False,Seasonal Mood Shopper,4,0.64,1,0,0,1,0,1,0,0,0,1,1,5,True,"cost, nutrition, curiosity, trendsetter, mood"
ARC-1194,Budget Nutrition Explorer,False,Seasonal Mood Shopper,4,0.64,1,0,0,1,0,1,0,1,0,0,1,5,True,"cost, nutrition, curiosity, seasonal, mood"
ARC-1195,Budget Nutrition Explorer,False,Seasonal Mood Shopper,4,0.64,1,0,0,1,0,1,0,1,0,1,0,5,True,"cost, nutrition, curiosity, seasonal, trendsetter"
ARC-1220,Budget Nutrition Follower,False,Seasonal Mood Shopper,4,0.64,1,0,0,1,1,0,0,0,0,1,1,5,True,"cost, nutrition, design, trendsetter, mood"
ARC-1226,Budget Nutrition Mood Buyer,False,Seasonal Mood Shopper,4,0.64,1,0,0,1,1,0,0,1,0,0,1,5,True,"cost, nutrition, design, seasonal, mood"
ARC-1227,Budget Nutrition Follower,False,Seasonal Mood Shopper,4,0.64,1,0,0,1,1,0,0,1,0,1,0,5,True,"cost, nutrition, design, seasonal, trendsetter"
ARC-1300,Budget Diet-Led Follower,False,Seasonal Mood Shopper,4,0.64,1,0,1,0,0,0,1,0,0,1,1,5,True,"cost, dietary, coolness, trendsetter, mood"
ARC-1306,Budget Diet-Led Mood Buyer,False,Seasonal Mood Shopper,4,0.64,1,0,1,0,0,0,1,1,0,0,1,5,True,"cost, dietary, coolness, seasonal, mood"
ARC-1307,Budget Diet-Led Follower,False,Seasonal Mood Shopper,4,0.64,1,0,1,0,0,0,1,1,0,1,0,5,True,"cost, dietary, coolness, seasonal, trendsetter"
ARC-1316,Budget Diet-Led Explorer,False,Seasonal Mood Shopper,4,0.64,1,0,1,0,0,1,0,0,0,1,1,5,True,"cost, dietary, curiosity, trendsetter, mood"
ARC-1322,Budget Diet-Led Explorer,False,Seasonal Mood Shopper,4,0.64,1,0,1,0,0,1,0,1,0,0,1,5,True,"cost, dietary, curiosity, seasonal, mood"
ARC-1323,Budget Diet-Led Explorer,False,Seasonal Mood Shopper,4,0.64,1,0,1,0,0,1,0,1,0,1,0,5,True,"cost, dietary, curiosity, seasonal, trendsetter"
ARC-1348,Budget Diet-Led Follower,False,Seasonal Mood Shopper,4,0.64,1,0,1,0,1,0,0,0,0,1,1,5,True,"cost, dietary, design, trendsetter, mood"
ARC-1354,Budget Diet-Led Mood Buyer,False,Seasonal Mood Shopper,4,0.64,1,0,1,0,1,0,0,1,0,0,1,5,True,"cost, dietary, design, seasonal, mood"
ARC-1355,Budget Diet-Led Follower,False,Seasonal Mood Shopper,4,0.64,1,0,1,0,1,0,0,1,0,1,0,5,True,"cost, dietary, design, seasonal, trendsetter"
ARC-1412,Budget Nutrition Label Reader,False,Seasonal Mood Shopper,4,0.64,1,0,1,1,0,0,0,0,0,1,1,5,True,"cost, dietary, nutrition, trendsetter, mood"
ARC-1418,Budget Nutrition Label Reader,False,Seasonal Mood Shopper,4,0.64,1,0,1,1,0,0,0,1,0,0,1,5,True,"cost, dietary, nutrition, seasonal, mood"
ARC-1419,Budget Nutrition Label Reader,False,Seasonal Mood Shopper,4,0.64,1,0,1,1,0,0,0,1,0,1,0,5,True,"cost, dietary, nutrition, seasonal, trendsetter"
ARC-1556,Budget Wellness Follower,False,Seasonal Mood Shopper,4,0.64,1,1,0,0,0,0,1,0,0,1,1,5,True,"cost, medical, coolness, trendsetter, mood"
ARC-1558,Budget Wellness Mood Buyer,False,Seasonal Mood Shopper,4,0.64,1,1,0,0,0,0,1,0,1,0,1,5,True,"cost, medical, coolness, eco_friendly, mood"
ARC-1559,Budget Wellness Follower,False,Seasonal Mood Shopper,4,0.64,1,1,0,0,0,0,1,0,1,1,0,5,True,"cost, medical, coolness, eco_friendly, trendsetter"
ARC-1562,Budget Wellness Mood Buyer,False,Seasonal Mood Shopper,4,0.64,1,1,0,0,0,0,1,1,0,0,1,5,True,"cost, medical, coolness, seasonal, mood"
ARC-1563,Budget Wellness Follower,False,Seasonal Mood Shopper,4,0.64,1,1,0,0,0,0,1,1,0,1,0,5,True,"cost, medical, coolness, seasonal, trendsetter"
ARC-1565,Budget Wellness Conscious Buyer,False,Seasonal Mood Shopper,4,0.64,1,1,0,0,0,0,1,1,1,0,0,5,True,"cost, medical, coolness, seasonal, eco_friendly"
ARC-1572,Budget Wellness Explorer,False,Seasonal Mood Shopper,4,0.64,1,1,0,0,0,1,0,0,0,1,1,5,True,"cost, medical, curiosity, trendsetter, mood"
ARC-1574,Budget Wellness Explorer,False,Seasonal Mood Shopper,4,0.64,1,1,0,0,0,1,0,0,1,0,1,5,True,"cost, medical, curiosity, eco_friendly, mood"
ARC-1575,Budget Wellness Explorer,False,Seasonal Mood Shopper,4,0.64,1,1,0,0,0,1,0,0,1,1,0,5,True,"cost, medical, curiosity, eco_friendly, trendsetter"
ARC-1578,Budget Wellness Explorer,False,Seasonal Mood Shopper,4,0.64,1,1,0,0,0,1,0,1,0,0,1,5,True,"cost, medical, curiosity, seasonal, mood"
ARC-1579,Budget Wellness Explorer,False,Seasonal Mood Shopper,4,0.64,1,1,0,0,0,1,0,1,0,1,0,5,True,"cost, medical, curiosity, seasonal, trendsetter"
ARC-1581,Budget Wellness Explorer,False,Seasonal Mood Shopper,4,0.64,1,1,0,0,0,1,0,1,1,0,0,5,True,"cost, medical, curiosity, seasonal, eco_friendly"
ARC-1604,Budget Wellness Follower,False,Seasonal Mood Shopper,4,0.64,1,1,0,0,1,0,0,0,0,1,1,5,True,"cost, medical, design, trendsetter, mood"
ARC-1606,Budget Wellness Mood Buyer,False,Seasonal Mood Shopper,4,0.64,1,1,0,0,1,0,0,0,1,0,1,5,True,"cost, medical, design, eco_friendly, mood"
ARC-1607,Budget Wellness Follower,False,Seasonal Mood Shopper,4,0.64,1,1,0,0,1,0,0,0,1,1,0,5,True,"cost, medical, design, eco_friendly, trendsetter"
ARC-1610,Budget Wellness Mood Buyer,False,Seasonal Mood Shopper,4,0.64,1,1,0,0,1,0,0,1,0,0,1,5,True,"cost, medical, design, seasonal, mood"
ARC-1611,Budget Wellness Follower,False,Seasonal Mood Shopper,4,0.64,1,1,0,0,1,0,0,1,0,1,0,5,True,"cost, medical, design, seasonal, trendsetter"
ARC-1613,Budget Wellness Conscious Buyer,False,Seasonal Mood Shopper,4,0.64,1,1,0,0,1,0,0,1,1,0,0,5,True,"cost, medical, design, seasonal, eco_friendly"
ARC-1668,Budget Wellness Tracker,False,Seasonal Mood Shopper,4,0.64,1,1,0,1,0,0,0,0,0,1,1,5,True,"cost, medical, nutrition, trendsetter, mood"
ARC-1670,Budget Wellness Tracker,False,Seasonal Mood Shopper,4,0.64,1,1,0,1,0,0,0,0,1,0,1,5,True,"cost, medical, nutrition, eco_friendly, mood"
ARC-1671,Budget Wellness Tracker,False,Seasonal Mood Shopper,4,0.64,1,1,0,1,0,0,0,0,1,1,0,5,True,"cost, medical, nutrition, eco_friendly, trendsetter"
ARC-1674,Budget Wellness Tracker,False,Seasonal Mood Shopper,4,0.64,1,1,0,1,0,0,0,1,0,0,1,5,True,"cost, medical, nutrition, seasonal, mood"
ARC-1675,Budget Wellness Tracker,False,Seasonal Mood Shopper,4,0.64,1,1,0,1,0,0,0,1,0,1,0,5,True,"cost, medical, nutrition, seasonal, trendsetter"
ARC-1677,Budget Wellness Tracker,False,Seasonal Mood Shopper,4,0.64,1,1,0,1,0,0,0,1,1,0,0,5,True,"cost, medical, nutrition, seasonal, eco_friendly"
ARC-1796,Budget Wellness Label Reader,False,Seasonal Mood Shopper,4,0.64,1,1,1,0,0,0,0,0,0,1,1,5,True,"cost, medical, dietary, trendsetter, mood"
ARC-1798,Budget Wellness Label Reader,False,Seasonal Mood Shopper,4,0.64,1,1,1,0,0,0,0,0,1,0,1,5,True,"cost, medical, dietary, eco_friendly, mood"
ARC-1799,Budget Wellness Label Reader,False,Seasonal Mood Shopper,4,0.64,1,1,1,0,0,0,0,0,1,1,0,5,True,"cost, medical, dietary, eco_friendly, trendsetter"
ARC-1802,Budget Wellness Label Reader,False,Seasonal Mood Shopper,4,0.64,1,1,1,0,0,0,0,1,0,0,1,5,True,"cost, medical, dietary, seasonal, mood"
ARC-1803,Budget Wellness Label Reader,False,Seasonal Mood Shopper,4,0.64,1,1,1,0,0,0,0,1,0,1,0,5,True,"cost, medical, dietary, seasonal, trendsetter"
ARC-1805,Budget Wellness Label Reader,False,Seasonal Mood Shopper,4,0.64,1,1,1,0,0,0,0,1,1,0,0,5,True,"cost, medical, dietary, seasonal, eco_friendly"
ARC-0020,Premium Trend Mood Buyer,False,Seasonal Mood Shopper,4,0.64,0,0,0,0,0,0,1,0,0,1,1,3,False,"coolness, trendsetter, mood"
ARC-0022,Premium Mood Conscious Buyer,False,Seasonal Mood Shopper,4,0.64,0,0,0,0,0,0,1,0,1,0,1,3,False,"coolness, eco_friendly, mood"
ARC-0023,Premium Trend Conscious Buyer,False,Seasonal Mood Shopper,4,0.64,0,0,0,0,0,0,1,0,1,1,0,3,False,"coolness, eco_friendly, trendsetter"
ARC-0026,Premium Mood Occasion Buyer,False,Seasonal Mood Shopper,4,0.64,0,0,0,0,0,0,1,1,0,0,1,3,False,"coolness, seasonal, mood"
ARC-0027,Premium Trend Occasion Buyer,False,Seasonal Mood Shopper,4,0.64,0,0,0,0,0,0,1,1,0,1,0,3,False,"coolness, seasonal, trendsetter"
ARC-0029,Premium Eco Occasion Buyer,False,Seasonal Mood Shopper,4,0.64,0,0,0,0,0,0,1,1,1,0,0,3,False,"coolness, seasonal, eco_friendly"
ARC-0036,Premium Explorer Follower,False,Seasonal Mood Shopper,4,0.64,0,0,0,0,0,1,0,0,0,1,1,3,False,"curiosity, trendsetter, mood"
ARC-0038,Premium Explorer Mood Buyer,False,Seasonal Mood Shopper,4,0.64,0,0,0,0,0,1,0,0,1,0,1,3,False,"curiosity, eco_friendly, mood"
ARC-0039,Premium Explorer Follower,False,Seasonal Mood Shopper,4,0.64,0,0,0,0,0,1,0,0,1,1,0,3,False,"curiosity, eco_friendly, trendsetter"
ARC-0042,Premium Explorer Mood Buyer,False,Seasonal Mood Shopper,4,0.64,0,0,0,0,0,1,0,1,0,0,1,3,False,"curiosity, seasonal, mood"
ARC-0043,Premium Explorer Follower,False,Seasonal Mood Shopper,4,0.64,0,0,0,0,0,1,0,1,0,1,0,3,False,"curiosity, seasonal, trendsetter"
ARC-0045,Premium Explorer Conscious Buyer,False,Seasonal Mood Shopper,4,0.64,0,0,0,0,0,1,0,1,1,0,0,3,False,"curiosity, seasonal, eco_friendly"
ARC-0068,Premium Trend Mood Buyer,False,Seasonal Mood Shopper,4,0.64,0,0,0,0,1,0,0,0,0,1,1,3,False,"design, trendsetter, mood"
ARC-0070,Premium Mood Conscious Buyer,False,Seasonal Mood Shopper,4,0.64,0,0,0,0,1,0,0,0,1,0,1,3,False,"design, eco_friendly, mood"
ARC-0071,Premium Trend Conscious Buyer,False,Seasonal Mood Shopper,4,0.64,0,0,0,0,1,0,0,0,1,1,0,3,False,"design, eco_friendly, trendsetter"
ARC-0074,Premium Mood Occasion Buyer,False,Seasonal Mood Shopper,4,0.64,0,0,0,0,1,0,0,1,0,0,1,3,False,"design, seasonal, mood"
ARC-0075,Premium Trend Occasion Buyer,False,Seasonal Mood Shopper,4,0.64,0,0,0,0,1,0,0,1,0,1,0,3,False,"design, seasonal, trendsetter"
ARC-0077,Premium Eco Occasion Buyer,False,Seasonal Mood Shopper,4,0.64,0,0,0,0,1,0,0,1,1,0,0,3,False,"design, seasonal, eco_friendly"
ARC-0132,Premium Nutrition Follower,False,Seasonal Mood Shopper,4,0.64,0,0,0,1,0,0,0,0,0,1,1,3,False,"nutrition, trendsetter, mood"
ARC-0134,Premium Nutrition Mood Buyer,False,Seasonal Mood Shopper,4,0.64,0,0,0,1,0,0,0,0,1,0,1,3,False,"nutrition, eco_friendly, mood"
ARC-0135,Premium Nutrition Follower,False,Seasonal Mood Shopper,4,0.64,0,0,0,1,0,0,0,0,1,1,0,3,False,"nutrition, eco_friendly, trendsetter"
ARC-0138,Premium Nutrition Mood Buyer,False,Seasonal Mood Shopper,4,0.64,0,0,0,1,0,0,0,1,0,0,1,3,False,"nutrition, seasonal, mood"
ARC-0139,Premium Nutrition Follower,False,Seasonal Mood Shopper,4,0.64,0,0,0,1,0,0,0,1,0,1,0,3,False,"nutrition, seasonal, trendsetter"
ARC-0141,Premium Nutrition Conscious Buyer,False,Seasonal Mood Shopper,4,0.64,0,0,0,1,0,0,0,1,1,0,0,3,False,"nutrition, seasonal, eco_friendly"
ARC-0260,Premium Diet-Led Follower,False,Seasonal Mood Shopper,4,0.64,0,0,1,0,0,0,0,0,0,1,1,3,False,"dietary, trendsetter, mood"
ARC-0262,Premium Diet-Led Mood Buyer,False,Seasonal Mood Shopper,4,0.64,0,0,1,0,0,0,0,0,1,0,1,3,False,"dietary, eco_friendly, mood"
ARC-0263,Premium Diet-Led Follower,False,Seasonal Mood Shopper,4,0.64,0,0,1,0,0,0,0,0,1,1,0,3,False,"dietary, eco_friendly, trendsetter"
ARC-0266,Premium Diet-Led Mood Buyer,False,Seasonal Mood Shopper,4,0.64,0,0,1,0,0,0,0,1,0,0,1,3,False,"dietary, seasonal, mood"
ARC-0267,Premium Diet-Led Follower,False,Seasonal Mood Shopper,4,0.64,0,0,1,0,0,0,0,1,0,1,0,3,False,"dietary, seasonal, trendsetter"
ARC-0269,Premium Diet-Led Conscious Buyer,False,Seasonal Mood Shopper,4,0.64,0,0,1,0,0,0,0,1,1,0,0,3,False,"dietary, seasonal, eco_friendly"
ARC-0516,Premium Wellness Follower,False,Seasonal Mood Shopper,4,0.64,0,1,0,0,0,0,0,0,0,1,1,3,False,"medical, trendsetter, mood"
ARC-0518,Premium Wellness Mood Buyer,False,Seasonal Mood Shopper,4,0.64,0,1,0,0,0,0,0,0,1,0,1,3,False,"medical, eco_friendly, mood"
ARC-0519,Premium Wellness Follower,False,Seasonal Mood Shopper,4,0.64,0,1,0,0,0,0,0,0,1,1,0,3,False,"medical, eco_friendly, trendsetter"
ARC-0522,Premium Wellness Mood Buyer,False,Seasonal Mood Shopper,4,0.64,0,1,0,0,0,0,0,1,0,0,1,3,False,"medical, seasonal, mood"
ARC-0523,Premium Wellness Follower,False,Seasonal Mood Shopper,4,0.64,0,1,0,0,0,0,0,1,0,1,0,3,False,"medical, seasonal, trendsetter"
ARC-0525,Premium Wellness Conscious Buyer,False,Seasonal Mood Shopper,4,0.64,0,1,0,0,0,0,0,1,1,0,0,3,False,"medical, seasonal, eco_friendly"
ARC-1042,Budget Mood Image Buyer,False,Seasonal Mood Shopper,4,0.64,1,0,0,0,0,0,1,0,0,0,1,3,True,"cost, coolness, mood"
ARC-1043,Budget Trend Image Buyer,False,Seasonal Mood Shopper,4,0.64,1,0,0,0,0,0,1,0,0,1,0,3,True,"cost, coolness, trendsetter"
ARC-1049,Budget Seasonal Image Buyer,False,Seasonal Mood Shopper,4,0.64,1,0,0,0,0,0,1,1,0,0,0,3,True,"cost, coolness, seasonal"
ARC-1058,Budget Explorer Mood Buyer,False,Seasonal Mood Shopper,4,0.64,1,0,0,0,0,1,0,0,0,0,1,3,True,"cost, curiosity, mood"
ARC-1059,Budget Explorer Follower,False,Seasonal Mood Shopper,4,0.64,1,0,0,0,0,1,0,0,0,1,0,3,True,"cost, curiosity, trendsetter"
ARC-1065,Budget Explorer Occasion Buyer,False,Seasonal Mood Shopper,4,0.64,1,0,0,0,0,1,0,1,0,0,0,3,True,"cost, curiosity, seasonal"
ARC-1090,Budget Mood Design Buyer,False,Seasonal Mood Shopper,4,0.64,1,0,0,0,1,0,0,0,0,0,1,3,True,"cost, design, mood"
ARC-1091,Budget Trend Design Buyer,False,Seasonal Mood Shopper,4,0.64,1,0,0,0,1,0,0,0,0,1,0,3,True,"cost, design, trendsetter"
ARC-1097,Budget Seasonal Design Buyer,False,Seasonal Mood Shopper,4,0.64,1,0,0,0,1,0,0,1,0,0,0,3,True,"cost, design, seasonal"
ARC-1154,Budget Nutrition Mood Buyer,False,Seasonal Mood Shopper,4,0.64,1,0,0,1,0,0,0,0,0,0,1,3,True,"cost, nutrition, mood"
ARC-1155,Budget Nutrition Follower,False,Seasonal Mood Shopper,4,0.64,1,0,0,1,0,0,0,0,0,1,0,3,True,"cost, nutrition, trendsetter"
ARC-1161,Budget Nutrition Occasion Buyer,False,Seasonal Mood Shopper,4,0.64,1,0,0,1,0,0,0,1,0,0,0,3,True,"cost, nutrition, seasonal"
ARC-1282,Budget Diet-Led Mood Buyer,False,Seasonal Mood Shopper,4,0.64,1,0,1,0,0,0,0,0,0,0,1,3,True,"cost, dietary, mood"
ARC-1283,Budget Diet-Led Follower,False,Seasonal Mood Shopper,4,0.64,1,0,1,0,0,0,0,0,0,1,0,3,True,"cost, dietary, trendsetter"
ARC-1289,Budget Diet-Led Occasion Buyer,False,Seasonal Mood Shopper,4,0.64,1,0,1,0,0,0,0,1,0,0,0,3,True,"cost, dietary, seasonal"
ARC-1538,Budget Wellness Mood Buyer,False,Seasonal Mood Shopper,4,0.64,1,1,0,0,0,0,0,0,0,0,1,3,True,"cost, medical, mood"
ARC-1539,Budget Wellness Follower,False,Seasonal Mood Shopper,4,0.64,1,1,0,0,0,0,0,0,0,1,0,3,True,"cost, medical, trendsetter"
ARC-1541,Budget Wellness Conscious Buyer,False,Seasonal Mood Shopper,4,0.64,1,1,0,0,0,0,0,0,1,0,0,3,True,"cost, medical, eco_friendly"
ARC-1545,Budget Wellness Occasion Buyer,False,Seasonal Mood Shopper,4,0.64,1,1,0,0,0,0,0,1,0,0,0,3,True,"cost, medical, seasonal"
ARC-0002,Premium Mood Buyer,False,Seasonal Mood Shopper,4,0.64,0,0,0,0,0,0,0,0,0,0,1,1,False,mood
ARC-0003,Premium Follower,False,Seasonal Mood Shopper,4,0.64,0,0,0,0,0,0,0,0,0,1,0,1,False,trendsetter
ARC-0005,Premium Conscious Buyer,False,Seasonal Mood Shopper,4,0.64,0,0,0,0,0,0,0,0,1,0,0,1,False,eco_friendly
ARC-0009,Premium Occasion Buyer,False,Seasonal Mood Shopper,4,0.64,0,0,0,0,0,0,0,1,0,0,0,1,False,seasonal
ARC-1025,Budget Habitual Shopper,False,Seasonal Mood Shopper,4,0.64,1,0,0,0,0,0,0,0,0,0,0,1,True,cost
ARC-1588,Budget Wellness Explorer,False,Seasonal Mood Shopper,5,0.55,1,1,0,0,0,1,1,0,0,1,1,6,True,"cost, medical, curiosity, coolness, trendsetter, mood"
ARC-1594,Budget Wellness Explorer,False,Seasonal Mood Shopper,5,0.55,1,1,0,0,0,1,1,1,0,0,1,6,True,"cost, medical, curiosity, coolness, seasonal, mood"
ARC-1595,Budget Wellness Explorer,False,Seasonal Mood Shopper,5,0.55,1,1,0,0,0,1,1,1,0,1,0,6,True,"cost, medical, curiosity, coolness, seasonal, trendsetter"
ARC-1620,Budget Wellness Follower,False,Seasonal Mood Shopper,5,0.55,1,1,0,0,1,0,1,0,0,1,1,6,True,"cost, medical, design, coolness, trendsetter, mood"
ARC-1626,Budget Wellness Mood Buyer,False,Seasonal Mood Shopper,5,0.55,1,1,0,0,1,0,1,1,0,0,1,6,True,"cost, medical, design, coolness, seasonal, mood"
ARC-1627,Budget Wellness Follower,False,Seasonal Mood Shopper,5,0.55,1,1,0,0,1,0,1,1,0,1,0,6,True,"cost, medical, design, coolness, seasonal, trendsetter"
ARC-1636,Budget Wellness Explorer,False,Seasonal Mood Shopper,5,0.55,1,1,0,0,1,1,0,0,0,1,1,6,True,"cost, medical, design, curiosity, trendsetter, mood"
ARC-1642,Budget Wellness Explorer,False,Seasonal Mood Shopper,5,0.55,1,1,0,0,1,1,0,1,0,0,1,6,True,"cost, medical, design, curiosity, seasonal, mood"
ARC-1643,Budget Wellness Explorer,False,Seasonal Mood Shopper,5,0.55,1,1,0,0,1,1,0,1,0,1,0,6,True,"cost, medical, design, curiosity, seasonal, trendsetter"
ARC-1684,Budget Wellness Tracker,False,Seasonal Mood Shopper,5,0.55,1,1,0,1,0,0,1,0,0,1,1,6,True,"cost, medical, nutrition, coolness, trendsetter, mood"
ARC-1690,Budget Wellness Tracker,False,Seasonal Mood Shopper,5,0.55,1,1,0,1,0,0,1,1,0,0,1,6,True,"cost, medical, nutrition, coolness, seasonal, mood"
ARC-1691,Budget Wellness Tracker,False,Seasonal Mood Shopper,5,0.55,1,1,0,1,0,0,1,1,0,1,0,6,True,"cost, medical, nutrition, coolness, seasonal, trendsetter"
ARC-1700,Budget Wellness Tracker,False,Seasonal Mood Shopper,5,0.55,1,1,0,1,0,1,0,0,0,1,1,6,True,"cost, medical, nutrition, curiosity, trendsetter, mood"
ARC-1706,Budget Wellness Tracker,False,Seasonal Mood Shopper,5,0.55,1,1,0,1,0,1,0,1,0,0,1,6,True,"cost, medical, nutrition, curiosity, seasonal, mood"
ARC-1707,Budget Wellness Tracker,False,Seasonal Mood Shopper,5,0.55,1,1,0,1,0,1,0,1,0,1,0,6,True,"cost, medical, nutrition, curiosity, seasonal, trendsetter"
ARC-1732,Budget Wellness Tracker,False,Seasonal Mood Shopper,5,0.55,1,1,0,1,1,0,0,0,0,1,1,6,True,"cost, medical, nutrition, design, trendsetter, mood"
ARC-1738,Budget Wellness Tracker,False,Seasonal Mood Shopper,5,0.55,1,1,0,1,1,0,0,1,0,0,1,6,True,"cost, medical, nutrition, design, seasonal, mood"
ARC-1739,Budget Wellness Tracker,False,Seasonal Mood Shopper,5,0.55,1,1,0,1,1,0,0,1,0,1,0,6,True,"cost, medical, nutrition, design, seasonal, trendsetter"
ARC-1812,Budget Wellness Label Reader,False,Seasonal Mood Shopper,5,0.55,1,1,1,0,0,0,1,0,0,1,1,6,True,"cost, medical, dietary, coolness, trendsetter, mood"
ARC-1818,Budget Wellness Label Reader,False,Seasonal Mood Shopper,5,0.55,1,1,1,0,0,0,1,1,0,0,1,6,True,"cost, medical, dietary, coolness, seasonal, mood"
ARC-1819,Budget Wellness Label Reader,False,Seasonal Mood Shopper,5,0.55,1,1,1,0,0,0,1,1,0,1,0,6,True,"cost, medical, dietary, coolness, seasonal, trendsetter"
ARC-1828,Budget Wellness Label Reader,False,Seasonal Mood Shopper,5,0.55,1,1,1,0,0,1,0,0,0,1,1,6,True,"cost, medical, dietary, curiosity, trendsetter, mood"
ARC-1834,Budget Wellness Label Reader,False,Seasonal Mood Shopper,5,0.55,1,1,1,0,0,1,0,1,0,0,1,6,True,"cost, medical, dietary, curiosity, seasonal, mood"
ARC-1835,Budget Wellness Label Reader,False,Seasonal Mood Shopper,5,0.55,1,1,1,0,0,1,0,1,0,1,0,6,True,"cost, medical, dietary, curiosity, seasonal, trendsetter"
ARC-1860,Budget Wellness Label Reader,False,Seasonal Mood Shopper,5,0.55,1,1,1,0,1,0,0,0,0,1,1,6,True,"cost, medical, dietary, design, trendsetter, mood"
ARC-1866,Budget Wellness Label Reader,False,Seasonal Mood Shopper,5,0.55,1,1,1,0,1,0,0,1,0,0,1,6,True,"cost, medical, dietary, design, seasonal, mood"
ARC-1867,Budget Wellness Label Reader,False,Seasonal Mood Shopper,5,0.55,1,1,1,0,1,0,0,1,0,1,0,6,True,"cost, medical, dietary, design, seasonal, trendsetter"
ARC-1924,Budget Wellness Tracker,False,Seasonal Mood Shopper,5,0.55,1,1,1,1,0,0,0,0,0,1,1,6,True,"cost, medical, dietary, nutrition, trendsetter, mood"
ARC-1930,Budget Wellness Tracker,False,Seasonal Mood Shopper,5,0.55,1,1,1,1,0,0,0,1,0,0,1,6,True,"cost, medical, dietary, nutrition, seasonal, mood"
ARC-1931,Budget Wellness Tracker,False,Seasonal Mood Shopper,5,0.55,1,1,1,1,0,0,0,1,0,1,0,6,True,"cost, medical, dietary, nutrition, seasonal, trendsetter"
ARC-0052,Premium Explorer Follower,False,Seasonal Mood Shopper,5,0.55,0,0,0,0,0,1,1,0,0,1,1,4,False,"curiosity, coolness, trendsetter, mood"
ARC-0058,Premium Explorer Mood Buyer,False,Seasonal Mood Shopper,5,0.55,0,0,0,0,0,1,1,1,0,0,1,4,False,"curiosity, coolness, seasonal, mood"
ARC-0059,Premium Explorer Follower,False,Seasonal Mood Shopper,5,0.55,0,0,0,0,0,1,1,1,0,1,0,4,False,"curiosity, coolness, seasonal, trendsetter"
ARC-0084,Premium Trend Mood Buyer,False,Seasonal Mood Shopper,5,0.55,0,0,0,0,1,0,1,0,0,1,1,4,False,"design, coolness, trendsetter, mood"
ARC-0090,Premium Mood Occasion Buyer,False,Seasonal Mood Shopper,5,0.55,0,0,0,0,1,0,1,1,0,0,1,4,False,"design, coolness, seasonal, mood"
ARC-0091,Premium Trend Occasion Buyer,False,Seasonal Mood Shopper,5,0.55,0,0,0,0,1,0,1,1,0,1,0,4,False,"design, coolness, seasonal, trendsetter"
ARC-0100,Premium Explorer Follower,False,Seasonal Mood Shopper,5,0.55,0,0,0,0,1,1,0,0,0,1,1,4,False,"design, curiosity, trendsetter, mood"
ARC-0106,Premium Explorer Mood Buyer,False,Seasonal Mood Shopper,5,0.55,0,0,0,0,1,1,0,1,0,0,1,4,False,"design, curiosity, seasonal, mood"
ARC-0107,Premium Explorer Follower,False,Seasonal Mood Shopper,5,0.55,0,0,0,0,1,1,0,1,0,1,0,4,False,"design, curiosity, seasonal, trendsetter"
ARC-0148,Premium Nutrition Follower,False,Seasonal Mood Shopper,5,0.55,0,0,0,1,0,0,1,0,0,1,1,4,False,"nutrition, coolness, trendsetter, mood"
ARC-0154,Premium Nutrition Mood Buyer,False,Seasonal Mood Shopper,5,0.55,0,0,0,1,0,0,1,1,0,0,1,4,False,"nutrition, coolness, seasonal, mood"
ARC-0155,Premium Nutrition Follower,False,Seasonal Mood Shopper,5,0.55,0,0,0,1,0,0,1,1,0,1,0,4,False,"nutrition, coolness, seasonal, trendsetter"
ARC-0164,Premium Nutrition Explorer,False,Seasonal Mood Shopper,5,0.55,0,0,0,1,0,1,0,0,0,1,1,4,False,"nutrition, curiosity, trendsetter, mood"
ARC-0170,Premium Nutrition Explorer,False,Seasonal Mood Shopper,5,0.55,0,0,0,1,0,1,0,1,0,0,1,4,False,"nutrition, curiosity, seasonal, mood"
ARC-0171,Premium Nutrition Explorer,False,Seasonal Mood Shopper,5,0.55,0,0,0,1,0,1,0,1,0,1,0,4,False,"nutrition, curiosity, seasonal, trendsetter"
ARC-0196,Premium Nutrition Follower,False,Seasonal Mood Shopper,5,0.55,0,0,0,1,1,0,0,0,0,1,1,4,False,"nutrition, design, trendsetter, mood"
ARC-0202,Premium Nutrition Mood Buyer,False,Seasonal Mood Shopper,5,0.55,0,0,0,1,1,0,0,1,0,0,1,4,False,"nutrition, design, seasonal, mood"
ARC-0203,Premium Nutrition Follower,False,Seasonal Mood Shopper,5,0.55,0,0,0,1,1,0,0,1,0,1,0,4,False,"nutrition, design, seasonal, trendsetter"
ARC-0276,Premium Diet-Led Follower,False,Seasonal Mood Shopper,5,0.55,0,0,1,0,0,0,1,0,0,1,1,4,False,"dietary, coolness, trendsetter, mood"
ARC-0282,Premium Diet-Led Mood Buyer,False,Seasonal Mood Shopper,5,0.55,0,0,1,0,0,0,1,1,0,0,1,4,False,"dietary, coolness, seasonal, mood"
ARC-0283,Premium Diet-Led Follower,False,Seasonal Mood Shopper,5,0.55,0,0,1,0,0,0,1,1,0,1,0,4,False,"dietary, coolness, seasonal, trendsetter"
ARC-0292,Premium Diet-Led Explorer,False,Seasonal Mood Shopper,5,0.55,0,0,1,0,0,1,0,0,0,1,1,4,False,"dietary, curiosity, trendsetter, mood"
ARC-0298,Premium Diet-Led Explorer,False,Seasonal Mood Shopper,5,0.55,0,0,1,0,0,1,0,1,0,0,1,4,False,"dietary, curiosity, seasonal, mood"
ARC-0299,Premium Diet-Led Explorer,False,Seasonal Mood Shopper,5,0.55,0,0,1,0,0,1,0,1,0,1,0,4,False,"dietary, curiosity, seasonal, trendsetter"
ARC-0324,Premium Diet-Led Follower,False,Seasonal Mood Shopper,5,0.55,0,0,1,0,1,0,0,0,0,1,1,4,False,"dietary, design, trendsetter, mood"
ARC-0330,Premium Diet-Led Mood Buyer,False,Seasonal Mood Shopper,5,0.55,0,0,1,0,1,0,0,1,0,0,1,4,False,"dietary, design, seasonal, mood"
ARC-0331,Premium Diet-Led Follower,False,Seasonal Mood Shopper,5,0.55,0,0,1,0,1,0,0,1,0,1,0,4,False,"dietary, design, seasonal, trendsetter"
ARC-0388,Premium Nutrition Label Reader,False,Seasonal Mood Shopper,5,0.55,0,0,1,1,0,0,0,0,0,1,1,4,False,"dietary, nutrition, trendsetter, mood"
ARC-0394,Premium Nutrition Label Reader,False,Seasonal Mood Shopper,5,0.55,0,0,1,1,0,0,0,1,0,0,1,4,False,"dietary, nutrition, seasonal, mood"
ARC-0395,Premium Nutrition Label Reader,False,Seasonal Mood Shopper,5,0.55,0,0,1,1,0,0,0,1,0,1,0,4,False,"dietary, nutrition, seasonal, trendsetter"
ARC-0532,Premium Wellness Follower,False,Seasonal Mood Shopper,5,0.55,0,1,0,0,0,0,1,0,0,1,1,4,False,"medical, coolness, trendsetter, mood"
ARC-0534,Premium Wellness Mood Buyer,False,Seasonal Mood Shopper,5,0.55,0,1,0,0,0,0,1,0,1,0,1,4,False,"medical, coolness, eco_friendly, mood"
ARC-0535,Premium Wellness Follower,False,Seasonal Mood Shopper,5,0.55,0,1,0,0,0,0,1,0,1,1,0,4,False,"medical, coolness, eco_friendly, trendsetter"
ARC-0538,Premium Wellness Mood Buyer,False,Seasonal Mood Shopper,5,0.55,0,1,0,0,0,0,1,1,0,0,1,4,False,"medical, coolness, seasonal, mood"
ARC-0539,Premium Wellness Follower,False,Seasonal Mood Shopper,5,0.55,0,1,0,0,0,0,1,1,0,1,0,4,False,"medical, coolness, seasonal, trendsetter"
ARC-0541,Premium Wellness Conscious Buyer,False,Seasonal Mood Shopper,5,0.55,0,1,0,0,0,0,1,1,1,0,0,4,False,"medical, coolness, seasonal, eco_friendly"
ARC-0548,Premium Wellness Explorer,False,Seasonal Mood Shopper,5,0.55,0,1,0,0,0,1,0,0,0,1,1,4,False,"medical, curiosity, trendsetter, mood"
ARC-0550,Premium Wellness Explorer,False,Seasonal Mood Shopper,5,0.55,0,1,0,0,0,1,0,0,1,0,1,4,False,"medical, curiosity, eco_friendly, mood"
ARC-0551,Premium Wellness Explorer,False,Seasonal Mood Shopper,5,0.55,0,1,0,0,0,1,0,0,1,1,0,4,False,"medical, curiosity, eco_friendly, trendsetter"
ARC-0554,Premium Wellness Explorer,False,Seasonal Mood Shopper,5,0.55,0,1,0,0,0,1,0,1,0,0,1,4,False,"medical, curiosity, seasonal, mood"
ARC-0555,Premium Wellness Explorer,False,Seasonal Mood Shopper,5,0.55,0,1,0,0,0,1,0,1,0,1,0,4,False,"medical, curiosity, seasonal, trendsetter"
ARC-0557,Premium Wellness Explorer,False,Seasonal Mood Shopper,5,0.55,0,1,0,0,0,1,0,1,1,0,0,4,False,"medical, curiosity, seasonal, eco_friendly"
ARC-0580,Premium Wellness Follower,False,Seasonal Mood Shopper,5,0.55,0,1,0,0,1,0,0,0,0,1,1,4,False,"medical, design, trendsetter, mood"
ARC-0582,Premium Wellness Mood Buyer,False,Seasonal Mood Shopper,5,0.55,0,1,0,0,1,0,0,0,1,0,1,4,False,"medical, design, eco_friendly, mood"
ARC-0583,Premium Wellness Follower,False,Seasonal Mood Shopper,5,0.55,0,1,0,0,1,0,0,0,1,1,0,4,False,"medical, design, eco_friendly, trendsetter"
ARC-0586,Premium Wellness Mood Buyer,False,Seasonal Mood Shopper,5,0.55,0,1,0,0,1,0,0,1,0,0,1,4,False,"medical, design, seasonal, mood"
ARC-0587,Premium Wellness Follower,False,Seasonal Mood Shopper,5,0.55,0,1,0,0,1,0,0,1,0,1,0,4,False,"medical, design, seasonal, trendsetter"
ARC-0589,Premium Wellness Conscious Buyer,False,Seasonal Mood Shopper,5,0.55,0,1,0,0,1,0,0,1,1,0,0,4,False,"medical, design, seasonal, eco_friendly"
ARC-0644,Premium Wellness Tracker,False,Seasonal Mood Shopper,5,0.55,0,1,0,1,0,0,0,0,0,1,1,4,False,"medical, nutrition, trendsetter, mood"
ARC-0646,Premium Wellness Tracker,False,Seasonal Mood Shopper,5,0.55,0,1,0,1,0,0,0,0,1,0,1,4,False,"medical, nutrition, eco_friendly, mood"
ARC-0647,Premium Wellness Tracker,False,Seasonal Mood Shopper,5,0.55,0,1,0,1,0,0,0,0,1,1,0,4,False,"medical, nutrition, eco_friendly, trendsetter"
ARC-0650,Premium Wellness Tracker,False,Seasonal Mood Shopper,5,0.55,0,1,0,1,0,0,0,1,0,0,1,4,False,"medical, nutrition, seasonal, mood"
ARC-0651,Premium Wellness Tracker,False,Seasonal Mood Shopper,5,0.55,0,1,0,1,0,0,0,1,0,1,0,4,False,"medical, nutrition, seasonal, trendsetter"
ARC-0653,Premium Wellness Tracker,False,Seasonal Mood Shopper,5,0.55,0,1,0,1,0,0,0,1,1,0,0,4,False,"medical, nutrition, seasonal, eco_friendly"
ARC-0772,Premium Wellness Label Reader,False,Seasonal Mood Shopper,5,0.55,0,1,1,0,0,0,0,0,0,1,1,4,False,"medical, dietary, trendsetter, mood"
ARC-0774,Premium Wellness Label Reader,False,Seasonal Mood Shopper,5,0.55,0,1,1,0,0,0,0,0,1,0,1,4,False,"medical, dietary, eco_friendly, mood"
ARC-0775,Premium Wellness Label Reader,False,Seasonal Mood Shopper,5,0.55,0,1,1,0,0,0,0,0,1,1,0,4,False,"medical, dietary, eco_friendly, trendsetter"
ARC-0778,Premium Wellness Label Reader,False,Seasonal Mood Shopper,5,0.55,0,1,1,0,0,0,0,1,0,0,1,4,False,"medical, dietary, seasonal, mood"
ARC-0779,Premium Wellness Label Reader,False,Seasonal Mood Shopper,5,0.55,0,1,1,0,0,0,0,1,0,1,0,4,False,"medical, dietary, seasonal, trendsetter"
ARC-0781,Premium Wellness Label Reader,False,Seasonal Mood Shopper,5,0.55,0,1,1,0,0,0,0,1,1,0,0,4,False,"medical, dietary, seasonal, eco_friendly"
ARC-1554,Budget Wellness Mood Buyer,False,Seasonal Mood Shopper,5,0.55,1,1,0,0,0,0,1,0,0,0,1,4,True,"cost, medical, coolness, mood"
ARC-1555,Budget Wellness Follower,False,Seasonal Mood Shopper,5,0.55,1,1,0,0,0,0,1,0,0,1,0,4,True,"cost, medical, coolness, trendsetter"
ARC-1561,Budget Wellness Occasion Buyer,False,Seasonal Mood Shopper,5,0.55,1,1,0,0,0,0,1,1,0,0,0,4,True,"cost, medical, coolness, seasonal"
ARC-1570,Budget Wellness Explorer,False,Seasonal Mood Shopper,5,0.55,1,1,0,0,0,1,0,0,0,0,1,4,True,"cost, medical, curiosity, mood"
ARC-1571,Budget Wellness Explorer,False,Seasonal Mood Shopper,5,0.55,1,1,0,0,0,1,0,0,0,1,0,4,True,"cost, medical, curiosity, trendsetter"
ARC-1577,Budget Wellness Explorer,False,Seasonal Mood Shopper,5,0.55,1,1,0,0,0,1,0,1,0,0,0,4,True,"cost, medical, curiosity, seasonal"
ARC-1602,Budget Wellness Mood Buyer,False,Seasonal Mood Shopper,5,0.55,1,1,0,0,1,0,0,0,0,0,1,4,True,"cost, medical, design, mood"
ARC-1603,Budget Wellness Follower,False,Seasonal Mood Shopper,5,0.55,1,1,0,0,1,0,0,0,0,1,0,4,True,"cost, medical, design, trendsetter"
ARC-1609,Budget Wellness Occasion Buyer,False,Seasonal Mood Shopper,5,0.55,1,1,0,0,1,0,0,1,0,0,0,4,True,"cost, medical, design, seasonal"
ARC-1666,Budget Wellness Tracker,False,Seasonal Mood Shopper,5,0.55,1,1,0,1,0,0,0,0,0,0,1,4,True,"cost, medical, nutrition, mood"
ARC-1667,Budget Wellness Tracker,False,Seasonal Mood Shopper,5,0.55,1,1,0,1,0,0,0,0,0,1,0,4,True,"cost, medical, nutrition, trendsetter"
ARC-1673,Budget Wellness Tracker,False,Seasonal Mood Shopper,5,0.55,1,1,0,1,0,0,0,1,0,0,0,4,True,"cost, medical, nutrition, seasonal"
ARC-1794,Budget Wellness Label Reader,False,Seasonal Mood Shopper,5,0.55,1,1,1,0,0,0,0,0,0,0,1,4,True,"cost, medical, dietary, mood"
ARC-1795,Budget Wellness Label Reader,False,Seasonal Mood Shopper,5,0.55,1,1,1,0,0,0,0,0,0,1,0,4,True,"cost, medical, dietary, trendsetter"
ARC-1801,Budget Wellness Label Reader,False,Seasonal Mood Shopper,5,0.55,1,1,1,0,0,0,0,1,0,0,0,4,True,"cost, medical, dietary, seasonal"
ARC-0018,Premium Mood Image Buyer,False,Seasonal Mood Shopper,5,0.55,0,0,0,0,0,0,1,0,0,0,1,2,False,"coolness, mood"
ARC-0019,Premium Trend Image Buyer,False,Seasonal Mood Shopper,5,0.55,0,0,0,0,0,0,1,0,0,1,0,2,False,"coolness, trendsetter"
ARC-0025,Premium Seasonal Image Buyer,False,Seasonal Mood Shopper,5,0.55,0,0,0,0,0,0,1,1,0,0,0,2,False,"coolness, seasonal"
ARC-0034,Premium Explorer Mood Buyer,False,Seasonal Mood Shopper,5,0.55,0,0,0,0,0,1,0,0,0,0,1,2,False,"curiosity, mood"
ARC-0035,Premium Explorer Follower,False,Seasonal Mood Shopper,5,0.55,0,0,0,0,0,1,0,0,0,1,0,2,False,"curiosity, trendsetter"
ARC-0041,Premium Explorer Occasion Buyer,False,Seasonal Mood Shopper,5,0.55,0,0,0,0,0,1,0,1,0,0,0,2,False,"curiosity, seasonal"
ARC-0066,Premium Mood Design Buyer,False,Seasonal Mood Shopper,5,0.55,0,0,0,0,1,0,0,0,0,0,1,2,False,"design, mood"
ARC-0067,Premium Trend Design Buyer,False,Seasonal Mood Shopper,5,0.55,0,0,0,0,1,0,0,0,0,1,0,2,False,"design, trendsetter"
ARC-0073,Premium Seasonal Design Buyer,False,Seasonal Mood Shopper,5,0.55,0,0,0,0,1,0,0,1,0,0,0,2,False,"design, seasonal"
ARC-0130,Premium Nutrition Mood Buyer,False,Seasonal Mood Shopper,5,0.55,0,0,0,1,0,0,0,0,0,0,1,2,False,"nutrition, mood"
ARC-0131,Premium Nutrition Follower,False,Seasonal Mood Shopper,5,0.55,0,0,0,1,0,0,0,0,0,1,0,2,False,"nutrition, trendsetter"
ARC-0137,Premium Nutrition Occasion Buyer,False,Seasonal Mood Shopper,5,0.55,0,0,0,1,0,0,0,1,0,0,0,2,False,"nutrition, seasonal"
ARC-0258,Premium Diet-Led Mood Buyer,False,Seasonal Mood Shopper,5,0.55,0,0,1,0,0,0,0,0,0,0,1,2,False,"dietary, mood"
ARC-0259,Premium Diet-Led Follower,False,Seasonal Mood Shopper,5,0.55,0,0,1,0,0,0,0,0,0,1,0,2,False,"dietary, trendsetter"
ARC-0265,Premium Diet-Led Occasion Buyer,False,Seasonal Mood Shopper,5,0.55,0,0,1,0,0,0,0,1,0,0,0,2,False,"dietary, seasonal"
ARC-0514,Premium Wellness Mood Buyer,False,Seasonal Mood Shopper,5,0.55,0,1,0,0,0,0,0,0,0,0,1,2,False,"medical, mood"
ARC-0515,Premium Wellness Follower,False,Seasonal Mood Shopper,5,0.55,0,1,0,0,0,0,0,0,0,1,0,2,False,"medical, trendsetter"
ARC-0517,Premium Wellness Conscious Buyer,False,Seasonal Mood Shopper,5,0.55,0,1,0,0,0,0,0,0,1,0,0,2,False,"medical, eco_friendly"
ARC-0521,Premium Wellness Occasion Buyer,False,Seasonal Mood Shopper,5,0.55,0,1,0,0,0,0,0,1,0,0,0,2,False,"medical, seasonal"
ARC-1537,Budget Optimiser,False,Seasonal Mood Shopper,5,0.55,1,1,0,0,0,0,0,0,0,0,0,2,True,"cost, medical"
ARC-0001,Premium Habitual Shopper,False,Seasonal Mood Shopper,5,0.55,0,0,0,0,0,0,0,0,0,0,0,0,False,none
ARC-0530,Premium Wellness Mood Buyer,False,Seasonal Mood Shopper,6,0.45,0,1,0,0,0,0,1,0,0,0,1,3,False,"medical, coolness, mood"
ARC-0531,Premium Wellness Follower,False,Seasonal Mood Shopper,6,0.45,0,1,0,0,0,0,1,0,0,1,0,3,False,"medical, coolness, trendsetter"
ARC-0537,Premium Wellness Occasion Buyer,False,Seasonal Mood Shopper,6,0.45,0,1,0,0,0,0,1,1,0,0,0,3,False,"medical, coolness, seasonal"
ARC-0546,Premium Wellness Explorer,False,Seasonal Mood Shopper,6,0.45,0,1,0,0,0,1,0,0,0,0,1,3,False,"medical, curiosity, mood"
ARC-0547,Premium Wellness Explorer,False,Seasonal Mood Shopper,6,0.45,0,1,0,0,0,1,0,0,0,1,0,3,False,"medical, curiosity, trendsetter"
ARC-0553,Premium Wellness Explorer,False,Seasonal Mood Shopper,6,0.45,0,1,0,0,0,1,0,1,0,0,0,3,False,"medical, curiosity, seasonal"
ARC-0578,Premium Wellness Mood Buyer,False,Seasonal Mood Shopper,6,0.45,0,1,0,0,1,0,0,0,0,0,1,3,False,"medical, design, mood"
ARC-0579,Premium Wellness Follower,False,Seasonal Mood Shopper,6,0.45,0,1,0,0,1,0,0,0,0,1,0,3,False,"medical, design, trendsetter"
ARC-0585,Premium Wellness Occasion Buyer,False,Seasonal Mood Shopper,6,0.45,0,1,0,0,1,0,0,1,0,0,0,3,False,"medical, design, seasonal"
ARC-0642,Premium Wellness Tracker,False,Seasonal Mood Shopper,6,0.45,0,1,0,1,0,0,0,0,0,0,1,3,False,"medical, nutrition, mood"
ARC-0643,Premium Wellness Tracker,False,Seasonal Mood Shopper,6,0.45,0,1,0,1,0,0,0,0,0,1,0,3,False,"medical, nutrition, trendsetter"
ARC-0649,Premium Wellness Tracker,False,Seasonal Mood Shopper,6,0.45,0,1,0,1,0,0,0,1,0,0,0,3,False,"medical, nutrition, seasonal"
ARC-0770,Premium Wellness Label Reader,False,Seasonal Mood Shopper,6,0.45,0,1,1,0,0,0,0,0,0,0,1,3,False,"medical, dietary, mood"
ARC-0771,Premium Wellness Label Reader,False,Seasonal Mood Shopper,6,0.45,0,1,1,0,0,0,0,0,0,1,0,3,False,"medical, dietary, trendsetter"
ARC-0777,Premium Wellness Label Reader,False,Seasonal Mood Shopper,6,0.45,0,1,1,0,0,0,0,1,0,0,0,3,False,"medical, dietary, seasonal"
ARC-0513,Premium Optimiser,False,Seasonal Mood Shopper,6,0.45,0,1,0,0,0,0,0,0,0,0,0,1,False,medical
ARC-1526,Budget Nutrition Label Reader,False,Value-Savvy Explorer,1,0.91,1,0,1,1,1,1,1,0,1,0,1,8,True,"cost, dietary, nutrition, design, curiosity, coolness, eco_friendly, mood"
ARC-1527,Budget Nutrition Label Reader,False,Value-Savvy Explorer,1,0.91,1,0,1,1,1,1,1,0,1,1,0,8,True,"cost, dietary, nutrition, design, curiosity, coolness, eco_friendly, trendsetter"
ARC-1533,Budget Nutrition Label Reader,False,Value-Savvy Explorer,1,0.91,1,0,1,1,1,1,1,1,1,0,0,8,True,"cost, dietary, nutrition, design, curiosity, coolness, seasonal, eco_friendly"
ARC-2037,Budget Wellness Tracker,False,Value-Savvy Explorer,1,0.91,1,1,1,1,1,1,1,0,1,0,0,8,True,"cost, medical, dietary, nutrition, design, curiosity, coolness, eco_friendly"
ARC-0501,Premium Nutrition Label Reader,False,Value-Savvy Explorer,1,0.91,0,0,1,1,1,1,1,0,1,0,0,6,False,"dietary, nutrition, design, curiosity, coolness, eco_friendly"
ARC-1269,Budget Nutrition Explorer,False,Value-Savvy Explorer,1,0.91,1,0,0,1,1,1,1,0,1,0,0,6,True,"cost, nutrition, design, curiosity, coolness, eco_friendly"
ARC-1397,Budget Diet-Led Explorer,False,Value-Savvy Explorer,1,0.91,1,0,1,0,1,1,1,0,1,0,0,6,True,"cost, dietary, design, curiosity, coolness, eco_friendly"
ARC-1461,Budget Nutrition Label Reader,False,Value-Savvy Explorer,1,0.91,1,0,1,1,0,1,1,0,1,0,0,6,True,"cost, dietary, nutrition, curiosity, coolness, eco_friendly"
ARC-1493,Budget Nutrition Label Reader,False,Value-Savvy Explorer,1,0.91,1,0,1,1,1,0,1,0,1,0,0,6,True,"cost, dietary, nutrition, design, coolness, eco_friendly"
ARC-1509,Budget Nutrition Label Reader,False,Value-Savvy Explorer,1,0.91,1,0,1,1,1,1,0,0,1,0,0,6,True,"cost, dietary, nutrition, design, curiosity, eco_friendly"
ARC-1521,Budget Nutrition Label Reader,False,Value-Savvy Explorer,1,0.91,1,0,1,1,1,1,1,0,0,0,0,6,True,"cost, dietary, nutrition, design, curiosity, coolness"
ARC-1528,Budget Maximiser (cares about almost everything),False,Value-Savvy Explorer,2,0.82,1,0,1,1,1,1,1,0,1,1,1,9,True,"cost, dietary, nutrition, design, curiosity, coolness, eco_friendly, trendsetter, mood"
ARC-1534,Budget Maximiser (cares about almost everything),False,Value-Savvy Explorer,2,0.82,1,0,1,1,1,1,1,1,1,0,1,9,True,"cost, dietary, nutrition, design, curiosity, coolness, seasonal, eco_friendly, mood"
ARC-1535,Budget Maximiser (cares about almost everything),False,Value-Savvy Explorer,2,0.82,1,0,1,1,1,1,1,1,1,1,0,9,True,"cost, dietary, nutrition, design, curiosity, coolness, seasonal, eco_friendly, trendsetter"
ARC-2038,Budget Maximiser (cares about almost everything),False,Value-Savvy Explorer,2,0.82,1,1,1,1,1,1,1,0,1,0,1,9,True,"cost, medical, dietary, nutrition, design, curiosity, coolness, eco_friendly, mood"
ARC-2039,Budget Maximiser (cares about almost everything),False,Value-Savvy Explorer,2,0.82,1,1,1,1,1,1,1,0,1,1,0,9,True,"cost, medical, dietary, nutrition, design, curiosity, coolness, eco_friendly, trendsetter"
ARC-2045,Budget Maximiser (cares about almost everything),False,Value-Savvy Explorer,2,0.82,1,1,1,1,1,1,1,1,1,0,0,9,True,"cost, medical, dietary, nutrition, design, curiosity, coolness, seasonal, eco_friendly"
ARC-0502,Premium Nutrition Label Reader,False,Value-Savvy Explorer,2,0.82,0,0,1,1,1,1,1,0,1,0,1,7,False,"dietary, nutrition, design, curiosity, coolness, eco_friendly, mood"
ARC-0503,Premium Nutrition Label Reader,False,Value-Savvy Explorer,2,0.82,0,0,1,1,1,1,1,0,1,1,0,7,False,"dietary, nutrition, design, curiosity, coolness, eco_friendly, trendsetter"
ARC-0509,Premium Nutrition Label Reader,False,Value-Savvy Explorer,2,0.82,0,0,1,1,1,1,1,1,1,0,0,7,False,"dietary, nutrition, design, curiosity, coolness, seasonal, eco_friendly"
ARC-1013,Premium Wellness Tracker,False,Value-Savvy Explorer,2,0.82,0,1,1,1,1,1,1,0,1,0,0,7,False,"medical, dietary, nutrition, design, curiosity, coolness, eco_friendly"
ARC-1270,Budget Nutrition Explorer,False,Value-Savvy Explorer,2,0.82,1,0,0,1,1,1,1,0,1,0,1,7,True,"cost, nutrition, design, curiosity, coolness, eco_friendly, mood"
ARC-1271,Budget Nutrition Explorer,False,Value-Savvy Explorer,2,0.82,1,0,0,1,1,1,1,0,1,1,0,7,True,"cost, nutrition, design, curiosity, coolness, eco_friendly, trendsetter"
ARC-1277,Budget Nutrition Explorer,False,Value-Savvy Explorer,2,0.82,1,0,0,1,1,1,1,1,1,0,0,7,True,"cost, nutrition, design, curiosity, coolness, seasonal, eco_friendly"
ARC-1398,Budget Diet-Led Explorer,False,Value-Savvy Explorer,2,0.82,1,0,1,0,1,1,1,0,1,0,1,7,True,"cost, dietary, design, curiosity, coolness, eco_friendly, mood"
ARC-1399,Budget Diet-Led Explorer,False,Value-Savvy Explorer,2,0.82,1,0,1,0,1,1,1,0,1,1,0,7,True,"cost, dietary, design, curiosity, coolness, eco_friendly, trendsetter"
ARC-1405,Budget Diet-Led Explorer,False,Value-Savvy Explorer,2,0.82,1,0,1,0,1,1,1,1,1,0,0,7,True,"cost, dietary, design, curiosity, coolness, seasonal, eco_friendly"
ARC-1462,Budget Nutrition Label Reader,False,Value-Savvy Explorer,2,0.82,1,0,1,1,0,1,1,0,1,0,1,7,True,"cost, dietary, nutrition, curiosity, coolness, eco_friendly, mood"
ARC-1463,Budget Nutrition Label Reader,False,Value-Savvy Explorer,2,0.82,1,0,1,1,0,1,1,0,1,1,0,7,True,"cost, dietary, nutrition, curiosity, coolness, eco_friendly, trendsetter"
ARC-1469,Budget Nutrition Label Reader,False,Value-Savvy Explorer,2,0.82,1,0,1,1,0,1,1,1,1,0,0,7,True,"cost, dietary, nutrition, curiosity, coolness, seasonal, eco_friendly"
ARC-1494,Budget Nutrition Label Reader,False,Value-Savvy Explorer,2,0.82,1,0,1,1,1,0,1,0,1,0,1,7,True,"cost, dietary, nutrition, design, coolness, eco_friendly, mood"
ARC-1495,Budget Nutrition Label Reader,False,Value-Savvy Explorer,2,0.82,1,0,1,1,1,0,1,0,1,1,0,7,True,"cost, dietary, nutrition, design, coolness, eco_friendly, trendsetter"
ARC-1501,Budget Nutrition Label Reader,False,Value-Savvy Explorer,2,0.82,1,0,1,1,1,0,1,1,1,0,0,7,True,"cost, dietary, nutrition, design, coolness, seasonal, eco_friendly"
ARC-1510,Budget Nutrition Label Reader,False,Value-Savvy Explorer,2,0.82,1,0,1,1,1,1,0,0,1,0,1,7,True,"cost, dietary, nutrition, design, curiosity, eco_friendly, mood"
ARC-1511,Budget Nutrition Label Reader,False,Value-Savvy Explorer,2,0.82,1,0,1,1,1,1,0,0,1,1,0,7,True,"cost, dietary, nutrition, design, curiosity, eco_friendly, trendsetter"
ARC-1517,Budget Nutrition Label Reader,False,Value-Savvy Explorer,2,0.82,1,0,1,1,1,1,0,1,1,0,0,7,True,"cost, dietary, nutrition, design, curiosity, seasonal, eco_friendly"
ARC-1522,Budget Nutrition Label Reader,False,Value-Savvy Explorer,2,0.82,1,0,1,1,1,1,1,0,0,0,1,7,True,"cost, dietary, nutrition, design, curiosity, coolness, mood"
ARC-1523,Budget Nutrition Label Reader,False,Value-Savvy Explorer,2,0.82,1,0,1,1,1,1,1,0,0,1,0,7,True,"cost, dietary, nutrition, design, curiosity, coolness, trendsetter"
ARC-1529,Budget Nutrition Label Reader,False,Value-Savvy Explorer,2,0.82,1,0,1,1,1,1,1,1,0,0,0,7,True,"cost, dietary, nutrition, design, curiosity, coolness, seasonal"
ARC-1781,Budget Wellness Tracker,False,Value-Savvy Explorer,2,0.82,1,1,0,1,1,1,1,0,1,0,0,7,True,"cost, medical, nutrition, design, curiosity, coolness, eco_friendly"
ARC-1909,Budget Wellness Label Reader,False,Value-Savvy Explorer,2,0.82,1,1,1,0,1,1,1,0,1,0,0,7,True,"cost, medical, dietary, design, curiosity, coolness, eco_friendly"
ARC-1973,Budget Wellness Tracker,False,Value-Savvy Explorer,2,0.82,1,1,1,1,0,1,1,0,1,0,0,7,True,"cost, medical, dietary, nutrition, curiosity, coolness, eco_friendly"
ARC-2005,Budget Wellness Tracker,False,Value-Savvy Explorer,2,0.82,1,1,1,1,1,0,1,0,1,0,0,7,True,"cost, medical, dietary, nutrition, design, coolness, eco_friendly"
ARC-2021,Budget Wellness Tracker,False,Value-Savvy Explorer,2,0.82,1,1,1,1,1,1,0,0,1,0,0,7,True,"cost, medical, dietary, nutrition, design, curiosity, eco_friendly"
ARC-2033,Budget Wellness Tracker,False,Value-Savvy Explorer,2,0.82,1,1,1,1,1,1,1,0,0,0,0,7,True,"cost, medical, dietary, nutrition, design, curiosity, coolness"
ARC-0245,Premium Nutrition Explorer,False,Value-Savvy Explorer,2,0.82,0,0,0,1,1,1,1,0,1,0,0,5,False,"nutrition, design, curiosity, coolness, eco_friendly"
ARC-0373,Premium Diet-Led Explorer,False,Value-Savvy Explorer,2,0.82,0,0,1,0,1,1,1,0,1,0,0,5,False,"dietary, design, curiosity, coolness, eco_friendly"
ARC-0437,Premium Nutrition Label Reader,False,Value-Savvy Explorer,2,0.82,0,0,1,1,0,1,1,0,1,0,0,5,False,"dietary, nutrition, curiosity, coolness, eco_friendly"
ARC-0469,Premium Nutrition Label Reader,False,Value-Savvy Explorer,2,0.82,0,0,1,1,1,0,1,0,1,0,0,5,False,"dietary, nutrition, design, coolness, eco_friendly"
ARC-0485,Premium Nutrition Label Reader,False,Value-Savvy Explorer,2,0.82,0,0,1,1,1,1,0,0,1,0,0,5,False,"dietary, nutrition, design, curiosity, eco_friendly"
ARC-0497,Premium Nutrition Label Reader,False,Value-Savvy Explorer,2,0.82,0,0,1,1,1,1,1,0,0,0,0,5,False,"dietary, nutrition, design, curiosity, coolness"
ARC-1141,Budget Explorer Conscious Buyer,False,Value-Savvy Explorer,2,0.82,1,0,0,0,1,1,1,0,1,0,0,5,True,"cost, design, curiosity, coolness, eco_friendly"
ARC-1205,Budget Nutrition Explorer,False,Value-Savvy Explorer,2,0.82,1,0,0,1,0,1,1,0,1,0,0,5,True,"cost, nutrition, curiosity, coolness, eco_friendly"
ARC-1237,Budget Nutrition Conscious Buyer,False,Value-Savvy Explorer,2,0.82,1,0,0,1,1,0,1,0,1,0,0,5,True,"cost, nutrition, design, coolness, eco_friendly"
ARC-1253,Budget Nutrition Explorer,False,Value-Savvy Explorer,2,0.82,1,0,0,1,1,1,0,0,1,0,0,5,True,"cost, nutrition, design, curiosity, eco_friendly"
ARC-1265,Budget Nutrition Explorer,False,Value-Savvy Explorer,2,0.82,1,0,0,1,1,1,1,0,0,0,0,5,True,"cost, nutrition, design, curiosity, coolness"
ARC-1333,Budget Diet-Led Explorer,False,Value-Savvy Explorer,2,0.82,1,0,1,0,0,1,1,0,1,0,0,5,True,"cost, dietary, curiosity, coolness, eco_friendly"
ARC-1365,Budget Diet-Led Conscious Buyer,False,Value-Savvy Explorer,2,0.82,1,0,1,0,1,0,1,0,1,0,0,5,True,"cost, dietary, design, coolness, eco_friendly"
ARC-1381,Budget Diet-Led Explorer,False,Value-Savvy Explorer,2,0.82,1,0,1,0,1,1,0,0,1,0,0,5,True,"cost, dietary, design, curiosity, eco_friendly"
ARC-1393,Budget Diet-Led Explorer,False,Value-Savvy Explorer,2,0.82,1,0,1,0,1,1,1,0,0,0,0,5,True,"cost, dietary, design, curiosity, coolness"
ARC-1429,Budget Nutrition Label Reader,False,Value-Savvy Explorer,2,0.82,1,0,1,1,0,0,1,0,1,0,0,5,True,"cost, dietary, nutrition, coolness, eco_friendly"
ARC-1445,Budget Nutrition Label Reader,False,Value-Savvy Explorer,2,0.82,1,0,1,1,0,1,0,0,1,0,0,5,True,"cost, dietary, nutrition, curiosity, eco_friendly"
ARC-1457,Budget Nutrition Label Reader,False,Value-Savvy Explorer,2,0.82,1,0,1,1,0,1,1,0,0,0,0,5,True,"cost, dietary, nutrition, curiosity, coolness"
ARC-1477,Budget Nutrition Label Reader,False,Value-Savvy Explorer,2,0.82,1,0,1,1,1,0,0,0,1,0,0,5,True,"cost, dietary, nutrition, design, eco_friendly"
ARC-1489,Budget Nutrition Label Reader,False,Value-Savvy Explorer,2,0.82,1,0,1,1,1,0,1,0,0,0,0,5,True,"cost, dietary, nutrition, design, coolness"
ARC-1505,Budget Nutrition Label Reader,False,Value-Savvy Explorer,2,0.82,1,0,1,1,1,1,0,0,0,0,0,5,True,"cost, dietary, nutrition, design, curiosity"
ARC-1272,Budget Nutrition Explorer,False,Value-Savvy Explorer,3,0.73,1,0,0,1,1,1,1,0,1,1,1,8,True,"cost, nutrition, design, curiosity, coolness, eco_friendly, trendsetter, mood"
ARC-1278,Budget Nutrition Explorer,False,Value-Savvy Explorer,3,0.73,1,0,0,1,1,1,1,1,1,0,1,8,True,"cost, nutrition, design, curiosity, coolness, seasonal, eco_friendly, mood"
ARC-1279,Budget Nutrition Explorer,False,Value-Savvy Explorer,3,0.73,1,0,0,1,1,1,1,1,1,1,0,8,True,"cost, nutrition, design, curiosity, coolness, seasonal, eco_friendly, trendsetter"
ARC-1400,Budget Diet-Led Explorer,False,Value-Savvy Explorer,3,0.73,1,0,1,0,1,1,1,0,1,1,1,8,True,"cost, dietary, design, curiosity, coolness, eco_friendly, trendsetter, mood"
ARC-1406,Budget Diet-Led Explorer,False,Value-Savvy Explorer,3,0.73,1,0,1,0,1,1,1,1,1,0,1,8,True,"cost, dietary, design, curiosity, coolness, seasonal, eco_friendly, mood"
ARC-1407,Budget Diet-Led Explorer,False,Value-Savvy Explorer,3,0.73,1,0,1,0,1,1,1,1,1,1,0,8,True,"cost, dietary, design, curiosity, coolness, seasonal, eco_friendly, trendsetter"
ARC-1464,Budget Nutrition Label Reader,False,Value-Savvy Explorer,3,0.73,1,0,1,1,0,1,1,0,1,1,1,8,True,"cost, dietary, nutrition, curiosity, coolness, eco_friendly, trendsetter, mood"
ARC-1470,Budget Nutrition Label Reader,False,Value-Savvy Explorer,3,0.73,1,0,1,1,0,1,1,1,1,0,1,8,True,"cost, dietary, nutrition, curiosity, coolness, seasonal, eco_friendly, mood"
ARC-1471,Budget Nutrition Label Reader,False,Value-Savvy Explorer,3,0.73,1,0,1,1,0,1,1,1,1,1,0,8,True,"cost, dietary, nutrition, curiosity, coolness, seasonal, eco_friendly, trendsetter"
ARC-1496,Budget Nutrition Label Reader,False,Value-Savvy Explorer,3,0.73,1,0,1,1,1,0,1,0,1,1,1,8,True,"cost, dietary, nutrition, design, coolness, eco_friendly, trendsetter, mood"
ARC-1502,Budget Nutrition Label Reader,False,Value-Savvy Explorer,3,0.73,1,0,1,1,1,0,1,1,1,0,1,8,True,"cost, dietary, nutrition, design, coolness, seasonal, eco_friendly, mood"
ARC-1503,Budget Nutrition Label Reader,False,Value-Savvy Explorer,3,0.73,1,0,1,1,1,0,1,1,1,1,0,8,True,"cost, dietary, nutrition, design, coolness, seasonal, eco_friendly, trendsetter"
ARC-1512,Budget Nutrition Label Reader,False,Value-Savvy Explorer,3,0.73,1,0,1,1,1,1,0,0,1,1,1,8,True,"cost, dietary, nutrition, design, curiosity, eco_friendly, trendsetter, mood"
ARC-1518,Budget Nutrition Label Reader,False,Value-Savvy Explorer,3,0.73,1,0,1,1,1,1,0,1,1,0,1,8,True,"cost, dietary, nutrition, design, curiosity, seasonal, eco_friendly, mood"
ARC-1519,Budget Nutrition Label Reader,False,Value-Savvy Explorer,3,0.73,1,0,1,1,1,1,0,1,1,1,0,8,True,"cost, dietary, nutrition, design, curiosity, seasonal, eco_friendly, trendsetter"
ARC-1524,Budget Nutrition Label Reader,False,Value-Savvy Explorer,3,0.73,1,0,1,1,1,1,1,0,0,1,1,8,True,"cost, dietary, nutrition, design, curiosity, coolness, trendsetter, mood"
ARC-1530,Budget Nutrition Label Reader,False,Value-Savvy Explorer,3,0.73,1,0,1,1,1,1,1,1,0,0,1,8,True,"cost, dietary, nutrition, design, curiosity, coolness, seasonal, mood"
ARC-1531,Budget Nutrition Label Reader,False,Value-Savvy Explorer,3,0.73,1,0,1,1,1,1,1,1,0,1,0,8,True,"cost, dietary, nutrition, design, curiosity, coolness, seasonal, trendsetter"
ARC-1782,Budget Wellness Tracker,False,Value-Savvy Explorer,3,0.73,1,1,0,1,1,1,1,0,1,0,1,8,True,"cost, medical, nutrition, design, curiosity, coolness, eco_friendly, mood"
ARC-1783,Budget Wellness Tracker,False,Value-Savvy Explorer,3,0.73,1,1,0,1,1,1,1,0,1,1,0,8,True,"cost, medical, nutrition, design, curiosity, coolness, eco_friendly, trendsetter"
ARC-1789,Budget Wellness Tracker,False,Value-Savvy Explorer,3,0.73,1,1,0,1,1,1,1,1,1,0,0,8,True,"cost, medical, nutrition, design, curiosity, coolness, seasonal, eco_friendly"
ARC-1910,Budget Wellness Label Reader,False,Value-Savvy Explorer,3,0.73,1,1,1,0,1,1,1,0,1,0,1,8,True,"cost, medical, dietary, design, curiosity, coolness, eco_friendly, mood"
ARC-1911,Budget Wellness Label Reader,False,Value-Savvy Explorer,3,0.73,1,1,1,0,1,1,1,0,1,1,0,8,True,"cost, medical, dietary, design, curiosity, coolness, eco_friendly, trendsetter"
ARC-1917,Budget Wellness Label Reader,False,Value-Savvy Explorer,3,0.73,1,1,1,0,1,1,1,1,1,0,0,8,True,"cost, medical, dietary, design, curiosity, coolness, seasonal, eco_friendly"
ARC-1974,Budget Wellness Tracker,False,Value-Savvy Explorer,3,0.73,1,1,1,1,0,1,1,0,1,0,1,8,True,"cost, medical, dietary, nutrition, curiosity, coolness, eco_friendly, mood"
ARC-1975,Budget Wellness Tracker,False,Value-Savvy Explorer,3,0.73,1,1,1,1,0,1,1,0,1,1,0,8,True,"cost, medical, dietary, nutrition, curiosity, coolness, eco_friendly, trendsetter"
ARC-1981,Budget Wellness Tracker,False,Value-Savvy Explorer,3,0.73,1,1,1,1,0,1,1,1,1,0,0,8,True,"cost, medical, dietary, nutrition, curiosity, coolness, seasonal, eco_friendly"
ARC-2006,Budget Wellness Tracker,False,Value-Savvy Explorer,3,0.73,1,1,1,1,1,0,1,0,1,0,1,8,True,"cost, medical, dietary, nutrition, design, coolness, eco_friendly, mood"
ARC-2007,Budget Wellness Tracker,False,Value-Savvy Explorer,3,0.73,1,1,1,1,1,0,1,0,1,1,0,8,True,"cost, medical, dietary, nutrition, design, coolness, eco_friendly, trendsetter"
ARC-2013,Budget Wellness Tracker,False,Value-Savvy Explorer,3,0.73,1,1,1,1,1,0,1,1,1,0,0,8,True,"cost, medical, dietary, nutrition, design, coolness, seasonal, eco_friendly"
ARC-2022,Budget Wellness Tracker,False,Value-Savvy Explorer,3,0.73,1,1,1,1,1,1,0,0,1,0,1,8,True,"cost, medical, dietary, nutrition, design, curiosity, eco_friendly, mood"
ARC-2023,Budget Wellness Tracker,False,Value-Savvy Explorer,3,0.73,1,1,1,1,1,1,0,0,1,1,0,8,True,"cost, medical, dietary, nutrition, design, curiosity, eco_friendly, trendsetter"
ARC-2029,Budget Wellness Tracker,False,Value-Savvy Explorer,3,0.73,1,1,1,1,1,1,0,1,1,0,0,8,True,"cost, medical, dietary, nutrition, design, curiosity, seasonal, eco_friendly"
ARC-2034,Budget Wellness Tracker,False,Value-Savvy Explorer,3,0.73,1,1,1,1,1,1,1,0,0,0,1,8,True,"cost, medical, dietary, nutrition, design, curiosity, coolness, mood"
ARC-2035,Budget Wellness Tracker,False,Value-Savvy Explorer,3,0.73,1,1,1,1,1,1,1,0,0,1,0,8,True,"cost, medical, dietary, nutrition, design, curiosity, coolness, trendsetter"
ARC-2041,Budget Wellness Tracker,False,Value-Savvy Explorer,3,0.73,1,1,1,1,1,1,1,1,0,0,0,8,True,"cost, medical, dietary, nutrition, design, curiosity, coolness, seasonal"
ARC-0246,Premium Nutrition Explorer,False,Value-Savvy Explorer,3,0.73,0,0,0,1,1,1,1,0,1,0,1,6,False,"nutrition, design, curiosity, coolness, eco_friendly, mood"
ARC-0247,Premium Nutrition Explorer,False,Value-Savvy Explorer,3,0.73,0,0,0,1,1,1,1,0,1,1,0,6,False,"nutrition, design, curiosity, coolness, eco_friendly, trendsetter"
ARC-0253,Premium Nutrition Explorer,False,Value-Savvy Explorer,3,0.73,0,0,0,1,1,1,1,1,1,0,0,6,False,"nutrition, design, curiosity, coolness, seasonal, eco_friendly"
ARC-0374,Premium Diet-Led Explorer,False,Value-Savvy Explorer,3,0.73,0,0,1,0,1,1,1,0,1,0,1,6,False,"dietary, design, curiosity, coolness, eco_friendly, mood"
ARC-0375,Premium Diet-Led Explorer,False,Value-Savvy Explorer,3,0.73,0,0,1,0,1,1,1,0,1,1,0,6,False,"dietary, design, curiosity, coolness, eco_friendly, trendsetter"
ARC-0381,Premium Diet-Led Explorer,False,Value-Savvy Explorer,3,0.73,0,0,1,0,1,1,1,1,1,0,0,6,False,"dietary, design, curiosity, coolness, seasonal, eco_friendly"
ARC-0438,Premium Nutrition Label Reader,False,Value-Savvy Explorer,3,0.73,0,0,1,1,0,1,1,0,1,0,1,6,False,"dietary, nutrition, curiosity, coolness, eco_friendly, mood"
ARC-0439,Premium Nutrition Label Reader,False,Value-Savvy Explorer,3,0.73,0,0,1,1,0,1,1,0,1,1,0,6,False,"dietary, nutrition, curiosity, coolness, eco_friendly, trendsetter"
ARC-0445,Premium Nutrition Label Reader,False,Value-Savvy Explorer,3,0.73,0,0,1,1,0,1,1,1,1,0,0,6,False,"dietary, nutrition, curiosity, coolness, seasonal, eco_friendly"
ARC-0470,Premium Nutrition Label Reader,False,Value-Savvy Explorer,3,0.73,0,0,1,1,1,0,1,0,1,0,1,6,False,"dietary, nutrition, design, coolness, eco_friendly, mood"
ARC-0471,Premium Nutrition Label Reader,False,Value-Savvy Explorer,3,0.73,0,0,1,1,1,0,1,0,1,1,0,6,False,"dietary, nutrition, design, coolness, eco_friendly, trendsetter"
ARC-0477,Premium Nutrition Label Reader,False,Value-Savvy Explorer,3,0.73,0,0,1,1,1,0,1,1,1,0,0,6,False,"dietary, nutrition, design, coolness, seasonal, eco_friendly"
ARC-0486,Premium Nutrition Label Reader,False,Value-Savvy Explorer,3,0.73,0,0,1,1,1,1,0,0,1,0,1,6,False,"dietary, nutrition, design, curiosity, eco_friendly, mood"
ARC-0487,Premium Nutrition Label Reader,False,Value-Savvy Explorer,3,0.73,0,0,1,1,1,1,0,0,1,1,0,6,False,"dietary, nutrition, design, curiosity, eco_friendly, trendsetter"
ARC-0493,Premium Nutrition Label Reader,False,Value-Savvy Explorer,3,0.73,0,0,1,1,1,1,0,1,1,0,0,6,False,"dietary, nutrition, design, curiosity, seasonal, eco_friendly"
ARC-0498,Premium Nutrition Label Reader,False,Value-Savvy Explorer,3,0.73,0,0,1,1,1,1,1,0,0,0,1,6,False,"dietary, nutrition, design, curiosity, coolness, mood"
ARC-0499,Premium Nutrition Label Reader,False,Value-Savvy Explorer,3,0.73,0,0,1,1,1,1,1,0,0,1,0,6,False,"dietary, nutrition, design, curiosity, coolness, trendsetter"
ARC-0505,Premium Nutrition Label Reader,False,Value-Savvy Explorer,3,0.73,0,0,1,1,1,1,1,1,0,0,0,6,False,"dietary, nutrition, design, curiosity, coolness, seasonal"
ARC-0757,Premium Wellness Tracker,False,Value-Savvy Explorer,3,0.73,0,1,0,1,1,1,1,0,1,0,0,6,False,"medical, nutrition, design, curiosity, coolness, eco_friendly"
ARC-0885,Premium Wellness Label Reader,False,Value-Savvy Explorer,3,0.73,0,1,1,0,1,1,1,0,1,0,0,6,False,"medical, dietary, design, curiosity, coolness, eco_friendly"
ARC-0949,Premium Wellness Tracker,False,Value-Savvy Explorer,3,0.73,0,1,1,1,0,1,1,0,1,0,0,6,False,"medical, dietary, nutrition, curiosity, coolness, eco_friendly"
ARC-0981,Premium Wellness Tracker,False,Value-Savvy Explorer,3,0.73,0,1,1,1,1,0,1,0,1,0,0,6,False,"medical, dietary, nutrition, design, coolness, eco_friendly"
ARC-0997,Premium Wellness Tracker,False,Value-Savvy Explorer,3,0.73,0,1,1,1,1,1,0,0,1,0,0,6,False,"medical, dietary, nutrition, design, curiosity, eco_friendly"
ARC-1009,Premium Wellness Tracker,False,Value-Savvy Explorer,3,0.73,0,1,1,1,1,1,1,0,0,0,0,6,False,"medical, dietary, nutrition, design, curiosity, coolness"
ARC-1142,Budget Explorer Mood Buyer,False,Value-Savvy Explorer,3,0.73,1,0,0,0,1,1,1,0,1,0,1,6,True,"cost, design, curiosity, coolness, eco_friendly, mood"
ARC-1143,Budget Explorer Follower,False,Value-Savvy Explorer,3,0.73,1,0,0,0,1,1,1,0,1,1,0,6,True,"cost, design, curiosity, coolness, eco_friendly, trendsetter"
ARC-1149,Budget Explorer Conscious Buyer,False,Value-Savvy Explorer,3,0.73,1,0,0,0,1,1,1,1,1,0,0,6,True,"cost, design, curiosity, coolness, seasonal, eco_friendly"
ARC-1206,Budget Nutrition Explorer,False,Value-Savvy Explorer,3,0.73,1,0,0,1,0,1,1,0,1,0,1,6,True,"cost, nutrition, curiosity, coolness, eco_friendly, mood"
ARC-1207,Budget Nutrition Explorer,False,Value-Savvy Explorer,3,0.73,1,0,0,1,0,1,1,0,1,1,0,6,True,"cost, nutrition, curiosity, coolness, eco_friendly, trendsetter"
ARC-1213,Budget Nutrition Explorer,False,Value-Savvy Explorer,3,0.73,1,0,0,1,0,1,1,1,1,0,0,6,True,"cost, nutrition, curiosity, coolness, seasonal, eco_friendly"
ARC-1238,Budget Nutrition Mood Buyer,False,Value-Savvy Explorer,3,0.73,1,0,0,1,1,0,1,0,1,0,1,6,True,"cost, nutrition, design, coolness, eco_friendly, mood"
ARC-1239,Budget Nutrition Follower,False,Value-Savvy Explorer,3,0.73,1,0,0,1,1,0,1,0,1,1,0,6,True,"cost, nutrition, design, coolness, eco_friendly, trendsetter"
ARC-1245,Budget Nutrition Conscious Buyer,False,Value-Savvy Explorer,3,0.73,1,0,0,1,1,0,1,1,1,0,0,6,True,"cost, nutrition, design, coolness, seasonal, eco_friendly"
ARC-1254,Budget Nutrition Explorer,False,Value-Savvy Explorer,3,0.73,1,0,0,1,1,1,0,0,1,0,1,6,True,"cost, nutrition, design, curiosity, eco_friendly, mood"
ARC-1255,Budget Nutrition Explorer,False,Value-Savvy Explorer,3,0.73,1,0,0,1,1,1,0,0,1,1,0,6,True,"cost, nutrition, design, curiosity, eco_friendly, trendsetter"
ARC-1261,Budget Nutrition Explorer,False,Value-Savvy Explorer,3,0.73,1,0,0,1,1,1,0,1,1,0,0,6,True,"cost, nutrition, design, curiosity, seasonal, eco_friendly"
ARC-1266,Budget Nutrition Explorer,False,Value-Savvy Explorer,3,0.73,1,0,0,1,1,1,1,0,0,0,1,6,True,"cost, nutrition, design, curiosity, coolness, mood"
ARC-1267,Budget Nutrition Explorer,False,Value-Savvy Explorer,3,0.73,1,0,0,1,1,1,1,0,0,1,0,6,True,"cost, nutrition, design, curiosity, coolness, trendsetter"
ARC-1273,Budget Nutrition Explorer,False,Value-Savvy Explorer,3,0.73,1,0,0,1,1,1,1,1,0,0,0,6,True,"cost, nutrition, design, curiosity, coolness, seasonal"
ARC-1334,Budget Diet-Led Explorer,False,Value-Savvy Explorer,3,0.73,1,0,1,0,0,1,1,0,1,0,1,6,True,"cost, dietary, curiosity, coolness, eco_friendly, mood"
ARC-1335,Budget Diet-Led Explorer,False,Value-Savvy Explorer,3,0.73,1,0,1,0,0,1,1,0,1,1,0,6,True,"cost, dietary, curiosity, coolness, eco_friendly, trendsetter"
ARC-1341,Budget Diet-Led Explorer,False,Value-Savvy Explorer,3,0.73,1,0,1,0,0,1,1,1,1,0,0,6,True,"cost, dietary, curiosity, coolness, seasonal, eco_friendly"
ARC-1366,Budget Diet-Led Mood Buyer,False,Value-Savvy Explorer,3,0.73,1,0,1,0,1,0,1,0,1,0,1,6,True,"cost, dietary, design, coolness, eco_friendly, mood"
ARC-1367,Budget Diet-Led Follower,False,Value-Savvy Explorer,3,0.73,1,0,1,0,1,0,1,0,1,1,0,6,True,"cost, dietary, design, coolness, eco_friendly, trendsetter"
ARC-1373,Budget Diet-Led Conscious Buyer,False,Value-Savvy Explorer,3,0.73,1,0,1,0,1,0,1,1,1,0,0,6,True,"cost, dietary, design, coolness, seasonal, eco_friendly"
ARC-1382,Budget Diet-Led Explorer,False,Value-Savvy Explorer,3,0.73,1,0,1,0,1,1,0,0,1,0,1,6,True,"cost, dietary, design, curiosity, eco_friendly, mood"
ARC-1383,Budget Diet-Led Explorer,False,Value-Savvy Explorer,3,0.73,1,0,1,0,1,1,0,0,1,1,0,6,True,"cost, dietary, design, curiosity, eco_friendly, trendsetter"
ARC-1389,Budget Diet-Led Explorer,False,Value-Savvy Explorer,3,0.73,1,0,1,0,1,1,0,1,1,0,0,6,True,"cost, dietary, design, curiosity, seasonal, eco_friendly"
ARC-1394,Budget Diet-Led Explorer,False,Value-Savvy Explorer,3,0.73,1,0,1,0,1,1,1,0,0,0,1,6,True,"cost, dietary, design, curiosity, coolness, mood"
ARC-1395,Budget Diet-Led Explorer,False,Value-Savvy Explorer,3,0.73,1,0,1,0,1,1,1,0,0,1,0,6,True,"cost, dietary, design, curiosity, coolness, trendsetter"
ARC-1401,Budget Diet-Led Explorer,False,Value-Savvy Explorer,3,0.73,1,0,1,0,1,1,1,1,0,0,0,6,True,"cost, dietary, design, curiosity, coolness, seasonal"
ARC-1430,Budget Nutrition Label Reader,False,Value-Savvy Explorer,3,0.73,1,0,1,1,0,0,1,0,1,0,1,6,True,"cost, dietary, nutrition, coolness, eco_friendly, mood"
ARC-1431,Budget Nutrition Label Reader,False,Value-Savvy Explorer,3,0.73,1,0,1,1,0,0,1,0,1,1,0,6,True,"cost, dietary, nutrition, coolness, eco_friendly, trendsetter"
ARC-1437,Budget Nutrition Label Reader,False,Value-Savvy Explorer,3,0.73,1,0,1,1,0,0,1,1,1,0,0,6,True,"cost, dietary, nutrition, coolness, seasonal, eco_friendly"
ARC-1446,Budget Nutrition Label Reader,False,Value-Savvy Explorer,3,0.73,1,0,1,1,0,1,0,0,1,0,1,6,True,"cost, dietary, nutrition, curiosity, eco_friendly, mood"
ARC-1447,Budget Nutrition Label Reader,False,Value-Savvy Explorer,3,0.73,1,0,1,1,0,1,0,0,1,1,0,6,True,"cost, dietary, nutrition, curiosity, eco_friendly, trendsetter"
ARC-1453,Budget Nutrition Label Reader,False,Value-Savvy Explorer,3,0.73,1,0,1,1,0,1,0,1,1,0,0,6,True,"cost, dietary, nutrition, curiosity, seasonal, eco_friendly"
ARC-1458,Budget Nutrition Label Reader,False,Value-Savvy Explorer,3,0.73,1,0,1,1,0,1,1,0,0,0,1,6,True,"cost, dietary, nutrition, curiosity, coolness, mood"
ARC-1459,Budget Nutrition Label Reader,False,Value-Savvy Explorer,3,0.73,1,0,1,1,0,1,1,0,0,1,0,6,True,"cost, dietary, nutrition, curiosity, coolness, trendsetter"
ARC-1465,Budget Nutrition Label Reader,False,Value-Savvy Explorer,3,0.73,1,0,1,1,0,1,1,1,0,0,0,6,True,"cost, dietary, nutrition, curiosity, coolness, seasonal"
ARC-1478,Budget Nutrition Label Reader,False,Value-Savvy Explorer,3,0.73,1,0,1,1,1,0,0,0,1,0,1,6,True,"cost, dietary, nutrition, design, eco_friendly, mood"
ARC-1479,Budget Nutrition Label Reader,False,Value-Savvy Explorer,3,0.73,1,0,1,1,1,0,0,0,1,1,0,6,True,"cost, dietary, nutrition, design, eco_friendly, trendsetter"
ARC-1485,Budget Nutrition Label Reader,False,Value-Savvy Explorer,3,0.73,1,0,1,1,1,0,0,1,1,0,0,6,True,"cost, dietary, nutrition, design, seasonal, eco_friendly"
ARC-1490,Budget Nutrition Label Reader,False,Value-Savvy Explorer,3,0.73,1,0,1,1,1,0,1,0,0,0,1,6,True,"cost, dietary, nutrition, design, coolness, mood"
ARC-1491,Budget Nutrition Label Reader,False,Value-Savvy Explorer,3,0.73,1,0,1,1,1,0,1,0,0,1,0,6,True,"cost, dietary, nutrition, design, coolness, trendsetter"
ARC-1497,Budget Nutrition Label Reader,False,Value-Savvy Explorer,3,0.73,1,0,1,1,1,0,1,1,0,0,0,6,True,"cost, dietary, nutrition, design, coolness, seasonal"
ARC-1506,Budget Nutrition Label Reader,False,Value-Savvy Explorer,3,0.73,1,0,1,1,1,1,0,0,0,0,1,6,True,"cost, dietary, nutrition, design, curiosity, mood"
ARC-1507,Budget Nutrition Label Reader,False,Value-Savvy Explorer,3,0.73,1,0,1,1,1,1,0,0,0,1,0,6,True,"cost, dietary, nutrition, design, curiosity, trendsetter"
ARC-1513,Budget Nutrition Label Reader,False,Value-Savvy Explorer,3,0.73,1,0,1,1,1,1,0,1,0,0,0,6,True,"cost, dietary, nutrition, design, curiosity, seasonal"
ARC-1653,Budget Wellness Explorer,False,Value-Savvy Explorer,3,0.73,1,1,0,0,1,1,1,0,1,0,0,6,True,"cost, medical, design, curiosity, coolness, eco_friendly"
ARC-1717,Budget Wellness Tracker,False,Value-Savvy Explorer,3,0.73,1,1,0,1,0,1,1,0,1,0,0,6,True,"cost, medical, nutrition, curiosity, coolness, eco_friendly"
ARC-1749,Budget Wellness Tracker,False,Value-Savvy Explorer,3,0.73,1,1,0,1,1,0,1,0,1,0,0,6,True,"cost, medical, nutrition, design, coolness, eco_friendly"
ARC-1765,Budget Wellness Tracker,False,Value-Savvy Explorer,3,0.73,1,1,0,1,1,1,0,0,1,0,0,6,True,"cost, medical, nutrition, design, curiosity, eco_friendly"
ARC-1777,Budget Wellness Tracker,False,Value-Savvy Explorer,3,0.73,1,1,0,1,1,1,1,0,0,0,0,6,True,"cost, medical, nutrition, design, curiosity, coolness"
ARC-1845,Budget Wellness Label Reader,False,Value-Savvy Explorer,3,0.73,1,1,1,0,0,1,1,0,1,0,0,6,True,"cost, medical, dietary, curiosity, coolness, eco_friendly"
ARC-1877,Budget Wellness Label Reader,False,Value-Savvy Explorer,3,0.73,1,1,1,0,1,0,1,0,1,0,0,6,True,"cost, medical, dietary, design, coolness, eco_friendly"
ARC-1893,Budget Wellness Label Reader,False,Value-Savvy Explorer,3,0.73,1,1,1,0,1,1,0,0,1,0,0,6,True,"cost, medical, dietary, design, curiosity, eco_friendly"
ARC-1905,Budget Wellness Label Reader,False,Value-Savvy Explorer,3,0.73,1,1,1,0,1,1,1,0,0,0,0,6,True,"cost, medical, dietary, design, curiosity, coolness"
ARC-1941,Budget Wellness Tracker,False,Value-Savvy Explorer,3,0.73,1,1,1,1,0,0,1,0,1,0,0,6,True,"cost, medical, dietary, nutrition, coolness, eco_friendly"
ARC-1957,Budget Wellness Tracker,False,Value-Savvy Explorer,3,0.73,1,1,1,1,0,1,0,0,1,0,0,6,True,"cost, medical, dietary, nutrition, curiosity, eco_friendly"
ARC-1969,Budget Wellness Tracker,False,Value-Savvy Explorer,3,0.73,1,1,1,1,0,1,1,0,0,0,0,6,True,"cost, medical, dietary, nutrition, curiosity, coolness"
ARC-1989,Budget Wellness Tracker,False,Value-Savvy Explorer,3,0.73,1,1,1,1,1,0,0,0,1,0,0,6,True,"cost, medical, dietary, nutrition, design, eco_friendly"
ARC-2001,Budget Wellness Tracker,False,Value-Savvy Explorer,3,0.73,1,1,1,1,1,0,1,0,0,0,0,6,True,"cost, medical, dietary, nutrition, design, coolness"
ARC-2017,Budget Wellness Tracker,False,Value-Savvy Explorer,3,0.73,1,1,1,1,1,1,0,0,0,0,0,6,True,"cost, medical, dietary, nutrition, design, curiosity"
ARC-0117,Premium Explorer Conscious Buyer,False,Value-Savvy Explorer,3,0.73,0,0,0,0,1,1,1,0,1,0,0,4,False,"design, curiosity, coolness, eco_friendly"
ARC-0181,Premium Nutrition Explorer,False,Value-Savvy Explorer,3,0.73,0,0,0,1,0,1,1,0,1,0,0,4,False,"nutrition, curiosity, coolness, eco_friendly"
ARC-0213,Premium Nutrition Conscious Buyer,False,Value-Savvy Explorer,3,0.73,0,0,0,1,1,0,1,0,1,0,0,4,False,"nutrition, design, coolness, eco_friendly"
ARC-0229,Premium Nutrition Explorer,False,Value-Savvy Explorer,3,0.73,0,0,0,1,1,1,0,0,1,0,0,4,False,"nutrition, design, curiosity, eco_friendly"
ARC-0241,Premium Nutrition Explorer,False,Value-Savvy Explorer,3,0.73,0,0,0,1,1,1,1,0,0,0,0,4,False,"nutrition, design, curiosity, coolness"
ARC-0309,Premium Diet-Led Explorer,False,Value-Savvy Explorer,3,0.73,0,0,1,0,0,1,1,0,1,0,0,4,False,"dietary, curiosity, coolness, eco_friendly"
ARC-0341,Premium Diet-Led Conscious Buyer,False,Value-Savvy Explorer,3,0.73,0,0,1,0,1,0,1,0,1,0,0,4,False,"dietary, design, coolness, eco_friendly"
ARC-0357,Premium Diet-Led Explorer,False,Value-Savvy Explorer,3,0.73,0,0,1,0,1,1,0,0,1,0,0,4,False,"dietary, design, curiosity, eco_friendly"
ARC-0369,Premium Diet-Led Explorer,False,Value-Savvy Explorer,3,0.73,0,0,1,0,1,1,1,0,0,0,0,4,False,"dietary, design, curiosity, coolness"
ARC-0405,Premium Nutrition Label Reader,False,Value-Savvy Explorer,3,0.73,0,0,1,1,0,0,1,0,1,0,0,4,False,"dietary, nutrition, coolness, eco_friendly"
ARC-0421,Premium Nutrition Label Reader,False,Value-Savvy Explorer,3,0.73,0,0,1,1,0,1,0,0,1,0,0,4,False,"dietary, nutrition, curiosity, eco_friendly"
ARC-0433,Premium Nutrition Label Reader,False,Value-Savvy Explorer,3,0.73,0,0,1,1,0,1,1,0,0,0,0,4,False,"dietary, nutrition, curiosity, coolness"
ARC-0453,Premium Nutrition Label Reader,False,Value-Savvy Explorer,3,0.73,0,0,1,1,1,0,0,0,1,0,0,4,False,"dietary, nutrition, design, eco_friendly"
ARC-0465,Premium Nutrition Label Reader,False,Value-Savvy Explorer,3,0.73,0,0,1,1,1,0,1,0,0,0,0,4,False,"dietary, nutrition, design, coolness"
ARC-0481,Premium Nutrition Label Reader,False,Value-Savvy Explorer,3,0.73,0,0,1,1,1,1,0,0,0,0,0,4,False,"dietary, nutrition, design, curiosity"
ARC-1077,Budget Explorer Conscious Buyer,False,Value-Savvy Explorer,3,0.73,1,0,0,0,0,1,1,0,1,0,0,4,True,"cost, curiosity, coolness, eco_friendly"
ARC-1109,Budget Eco Image Buyer,False,Value-Savvy Explorer,3,0.73,1,0,0,0,1,0,1,0,1,0,0,4,True,"cost, design, coolness, eco_friendly"
ARC-1125,Budget Explorer Conscious Buyer,False,Value-Savvy Explorer,3,0.73,1,0,0,0,1,1,0,0,1,0,0,4,True,"cost, design, curiosity, eco_friendly"
ARC-1137,Budget Explorer Image Buyer,False,Value-Savvy Explorer,3,0.73,1,0,0,0,1,1,1,0,0,0,0,4,True,"cost, design, curiosity, coolness"
ARC-1173,Budget Nutrition Conscious Buyer,False,Value-Savvy Explorer,3,0.73,1,0,0,1,0,0,1,0,1,0,0,4,True,"cost, nutrition, coolness, eco_friendly"
ARC-1189,Budget Nutrition Explorer,False,Value-Savvy Explorer,3,0.73,1,0,0,1,0,1,0,0,1,0,0,4,True,"cost, nutrition, curiosity, eco_friendly"
ARC-1201,Budget Nutrition Explorer,False,Value-Savvy Explorer,3,0.73,1,0,0,1,0,1,1,0,0,0,0,4,True,"cost, nutrition, curiosity, coolness"
ARC-1221,Budget Nutrition Conscious Buyer,False,Value-Savvy Explorer,3,0.73,1,0,0,1,1,0,0,0,1,0,0,4,True,"cost, nutrition, design, eco_friendly"
ARC-1233,Budget Nutrition Image Buyer,False,Value-Savvy Explorer,3,0.73,1,0,0,1,1,0,1,0,0,0,0,4,True,"cost, nutrition, design, coolness"
ARC-1249,Budget Nutrition Explorer,False,Value-Savvy Explorer,3,0.73,1,0,0,1,1,1,0,0,0,0,0,4,True,"cost, nutrition, design, curiosity"
ARC-1301,Budget Diet-Led Conscious Buyer,False,Value-Savvy Explorer,3,0.73,1,0,1,0,0,0,1,0,1,0,0,4,True,"cost, dietary, coolness, eco_friendly"
ARC-1317,Budget Diet-Led Explorer,False,Value-Savvy Explorer,3,0.73,1,0,1,0,0,1,0,0,1,0,0,4,True,"cost, dietary, curiosity, eco_friendly"
ARC-1329,Budget Diet-Led Explorer,False,Value-Savvy Explorer,3,0.73,1,0,1,0,0,1,1,0,0,0,0,4,True,"cost, dietary, curiosity, coolness"
ARC-1349,Budget Diet-Led Conscious Buyer,False,Value-Savvy Explorer,3,0.73,1,0,1,0,1,0,0,0,1,0,0,4,True,"cost, dietary, design, eco_friendly"
ARC-1361,Budget Diet-Led Image Buyer,False,Value-Savvy Explorer,3,0.73,1,0,1,0,1,0,1,0,0,0,0,4,True,"cost, dietary, design, coolness"
ARC-1377,Budget Diet-Led Explorer,False,Value-Savvy Explorer,3,0.73,1,0,1,0,1,1,0,0,0,0,0,4,True,"cost, dietary, design, curiosity"
ARC-1413,Budget Nutrition Label Reader,False,Value-Savvy Explorer,3,0.73,1,0,1,1,0,0,0,0,1,0,0,4,True,"cost, dietary, nutrition, eco_friendly"
ARC-1425,Budget Nutrition Label Reader,False,Value-Savvy Explorer,3,0.73,1,0,1,1,0,0,1,0,0,0,0,4,True,"cost, dietary, nutrition, coolness"
ARC-1441,Budget Nutrition Label Reader,False,Value-Savvy Explorer,3,0.73,1,0,1,1,0,1,0,0,0,0,0,4,True,"cost, dietary, nutrition, curiosity"
ARC-1473,Budget Nutrition Label Reader,False,Value-Savvy Explorer,3,0.73,1,0,1,1,1,0,0,0,0,0,0,4,True,"cost, dietary, nutrition, design"
ARC-1144,Budget Explorer Follower,False,Value-Savvy Explorer,4,0.64,1,0,0,0,1,1,1,0,1,1,1,7,True,"cost, design, curiosity, coolness, eco_friendly, trendsetter, mood"
ARC-1150,Budget Explorer Mood Buyer,False,Value-Savvy Explorer,4,0.64,1,0,0,0,1,1,1,1,1,0,1,7,True,"cost, design, curiosity, coolness, seasonal, eco_friendly, mood"
ARC-1151,Budget Explorer Follower,False,Value-Savvy Explorer,4,0.64,1,0,0,0,1,1,1,1,1,1,0,7,True,"cost, design, curiosity, coolness, seasonal, eco_friendly, trendsetter"
ARC-1208,Budget Nutrition Explorer,False,Value-Savvy Explorer,4,0.64,1,0,0,1,0,1,1,0,1,1,1,7,True,"cost, nutrition, curiosity, coolness, eco_friendly, trendsetter, mood"
ARC-1214,Budget Nutrition Explorer,False,Value-Savvy Explorer,4,0.64,1,0,0,1,0,1,1,1,1,0,1,7,True,"cost, nutrition, curiosity, coolness, seasonal, eco_friendly, mood"
ARC-1215,Budget Nutrition Explorer,False,Value-Savvy Explorer,4,0.64,1,0,0,1,0,1,1,1,1,1,0,7,True,"cost, nutrition, curiosity, coolness, seasonal, eco_friendly, trendsetter"
ARC-1240,Budget Nutrition Follower,False,Value-Savvy Explorer,4,0.64,1,0,0,1,1,0,1,0,1,1,1,7,True,"cost, nutrition, design, coolness, eco_friendly, trendsetter, mood"
ARC-1246,Budget Nutrition Mood Buyer,False,Value-Savvy Explorer,4,0.64,1,0,0,1,1,0,1,1,1,0,1,7,True,"cost, nutrition, design, coolness, seasonal, eco_friendly, mood"
ARC-1247,Budget Nutrition Follower,False,Value-Savvy Explorer,4,0.64,1,0,0,1,1,0,1,1,1,1,0,7,True,"cost, nutrition, design, coolness, seasonal, eco_friendly, trendsetter"
ARC-1256,Budget Nutrition Explorer,False,Value-Savvy Explorer,4,0.64,1,0,0,1,1,1,0,0,1,1,1,7,True,"cost, nutrition, design, curiosity, eco_friendly, trendsetter, mood"
ARC-1262,Budget Nutrition Explorer,False,Value-Savvy Explorer,4,0.64,1,0,0,1,1,1,0,1,1,0,1,7,True,"cost, nutrition, design, curiosity, seasonal, eco_friendly, mood"
ARC-1263,Budget Nutrition Explorer,False,Value-Savvy Explorer,4,0.64,1,0,0,1,1,1,0,1,1,1,0,7,True,"cost, nutrition, design, curiosity, seasonal, eco_friendly, trendsetter"
ARC-1268,Budget Nutrition Explorer,False,Value-Savvy Explorer,4,0.64,1,0,0,1,1,1,1,0,0,1,1,7,True,"cost, nutrition, design, curiosity, coolness, trendsetter, mood"
ARC-1274,Budget Nutrition Explorer,False,Value-Savvy Explorer,4,0.64,1,0,0,1,1,1,1,1,0,0,1,7,True,"cost, nutrition, design, curiosity, coolness, seasonal, mood"
ARC-1275,Budget Nutrition Explorer,False,Value-Savvy Explorer,4,0.64,1,0,0,1,1,1,1,1,0,1,0,7,True,"cost, nutrition, design, curiosity, coolness, seasonal, trendsetter"
ARC-1336,Budget Diet-Led Explorer,False,Value-Savvy Explorer,4,0.64,1,0,1,0,0,1,1,0,1,1,1,7,True,"cost, dietary, curiosity, coolness, eco_friendly, trendsetter, mood"
ARC-1342,Budget Diet-Led Explorer,False,Value-Savvy Explorer,4,0.64,1,0,1,0,0,1,1,1,1,0,1,7,True,"cost, dietary, curiosity, coolness, seasonal, eco_friendly, mood"
ARC-1343,Budget Diet-Led Explorer,False,Value-Savvy Explorer,4,0.64,1,0,1,0,0,1,1,1,1,1,0,7,True,"cost, dietary, curiosity, coolness, seasonal, eco_friendly, trendsetter"
ARC-1368,Budget Diet-Led Follower,False,Value-Savvy Explorer,4,0.64,1,0,1,0,1,0,1,0,1,1,1,7,True,"cost, dietary, design, coolness, eco_friendly, trendsetter, mood"
ARC-1374,Budget Diet-Led Mood Buyer,False,Value-Savvy Explorer,4,0.64,1,0,1,0,1,0,1,1,1,0,1,7,True,"cost, dietary, design, coolness, seasonal, eco_friendly, mood"
ARC-1375,Budget Diet-Led Follower,False,Value-Savvy Explorer,4,0.64,1,0,1,0,1,0,1,1,1,1,0,7,True,"cost, dietary, design, coolness, seasonal, eco_friendly, trendsetter"
ARC-1384,Budget Diet-Led Explorer,False,Value-Savvy Explorer,4,0.64,1,0,1,0,1,1,0,0,1,1,1,7,True,"cost, dietary, design, curiosity, eco_friendly, trendsetter, mood"
ARC-1390,Budget Diet-Led Explorer,False,Value-Savvy Explorer,4,0.64,1,0,1,0,1,1,0,1,1,0,1,7,True,"cost, dietary, design, curiosity, seasonal, eco_friendly, mood"
ARC-1391,Budget Diet-Led Explorer,False,Value-Savvy Explorer,4,0.64,1,0,1,0,1,1,0,1,1,1,0,7,True,"cost, dietary, design, curiosity, seasonal, eco_friendly, trendsetter"
ARC-1396,Budget Diet-Led Explorer,False,Value-Savvy Explorer,4,0.64,1,0,1,0,1,1,1,0,0,1,1,7,True,"cost, dietary, design, curiosity, coolness, trendsetter, mood"
ARC-1402,Budget Diet-Led Explorer,False,Value-Savvy Explorer,4,0.64,1,0,1,0,1,1,1,1,0,0,1,7,True,"cost, dietary, design, curiosity, coolness, seasonal, mood"
ARC-1403,Budget Diet-Led Explorer,False,Value-Savvy Explorer,4,0.64,1,0,1,0,1,1,1,1,0,1,0,7,True,"cost, dietary, design, curiosity, coolness, seasonal, trendsetter"
ARC-1432,Budget Nutrition Label Reader,False,Value-Savvy Explorer,4,0.64,1,0,1,1,0,0,1,0,1,1,1,7,True,"cost, dietary, nutrition, coolness, eco_friendly, trendsetter, mood"
ARC-1438,Budget Nutrition Label Reader,False,Value-Savvy Explorer,4,0.64,1,0,1,1,0,0,1,1,1,0,1,7,True,"cost, dietary, nutrition, coolness, seasonal, eco_friendly, mood"
ARC-1439,Budget Nutrition Label Reader,False,Value-Savvy Explorer,4,0.64,1,0,1,1,0,0,1,1,1,1,0,7,True,"cost, dietary, nutrition, coolness, seasonal, eco_friendly, trendsetter"
ARC-1448,Budget Nutrition Label Reader,False,Value-Savvy Explorer,4,0.64,1,0,1,1,0,1,0,0,1,1,1,7,True,"cost, dietary, nutrition, curiosity, eco_friendly, trendsetter, mood"
ARC-1454,Budget Nutrition Label Reader,False,Value-Savvy Explorer,4,0.64,1,0,1,1,0,1,0,1,1,0,1,7,True,"cost, dietary, nutrition, curiosity, seasonal, eco_friendly, mood"
ARC-1455,Budget Nutrition Label Reader,False,Value-Savvy Explorer,4,0.64,1,0,1,1,0,1,0,1,1,1,0,7,True,"cost, dietary, nutrition, curiosity, seasonal, eco_friendly, trendsetter"
ARC-1460,Budget Nutrition Label Reader,False,Value-Savvy Explorer,4,0.64,1,0,1,1,0,1,1,0,0,1,1,7,True,"cost, dietary, nutrition, curiosity, coolness, trendsetter, mood"
ARC-1466,Budget Nutrition Label Reader,False,Value-Savvy Explorer,4,0.64,1,0,1,1,0,1,1,1,0,0,1,7,True,"cost, dietary, nutrition, curiosity, coolness, seasonal, mood"
ARC-1467,Budget Nutrition Label Reader,False,Value-Savvy Explorer,4,0.64,1,0,1,1,0,1,1,1,0,1,0,7,True,"cost, dietary, nutrition, curiosity, coolness, seasonal, trendsetter"
ARC-1480,Budget Nutrition Label Reader,False,Value-Savvy Explorer,4,0.64,1,0,1,1,1,0,0,0,1,1,1,7,True,"cost, dietary, nutrition, design, eco_friendly, trendsetter, mood"
ARC-1486,Budget Nutrition Label Reader,False,Value-Savvy Explorer,4,0.64,1,0,1,1,1,0,0,1,1,0,1,7,True,"cost, dietary, nutrition, design, seasonal, eco_friendly, mood"
ARC-1487,Budget Nutrition Label Reader,False,Value-Savvy Explorer,4,0.64,1,0,1,1,1,0,0,1,1,1,0,7,True,"cost, dietary, nutrition, design, seasonal, eco_friendly, trendsetter"
ARC-1492,Budget Nutrition Label Reader,False,Value-Savvy Explorer,4,0.64,1,0,1,1,1,0,1,0,0,1,1,7,True,"cost, dietary, nutrition, design, coolness, trendsetter, mood"
ARC-1498,Budget Nutrition Label Reader,False,Value-Savvy Explorer,4,0.64,1,0,1,1,1,0,1,1,0,0,1,7,True,"cost, dietary, nutrition, design, coolness, seasonal, mood"
ARC-1499,Budget Nutrition Label Reader,False,Value-Savvy Explorer,4,0.64,1,0,1,1,1,0,1,1,0,1,0,7,True,"cost, dietary, nutrition, design, coolness, seasonal, trendsetter"
ARC-1508,Budget Nutrition Label Reader,False,Value-Savvy Explorer,4,0.64,1,0,1,1,1,1,0,0,0,1,1,7,True,"cost, dietary, nutrition, design, curiosity, trendsetter, mood"
ARC-1514,Budget Nutrition Label Reader,False,Value-Savvy Explorer,4,0.64,1,0,1,1,1,1,0,1,0,0,1,7,True,"cost, dietary, nutrition, design, curiosity, seasonal, mood"
ARC-1515,Budget Nutrition Label Reader,False,Value-Savvy Explorer,4,0.64,1,0,1,1,1,1,0,1,0,1,0,7,True,"cost, dietary, nutrition, design, curiosity, seasonal, trendsetter"
ARC-1654,Budget Wellness Explorer,False,Value-Savvy Explorer,4,0.64,1,1,0,0,1,1,1,0,1,0,1,7,True,"cost, medical, design, curiosity, coolness, eco_friendly, mood"
ARC-1655,Budget Wellness Explorer,False,Value-Savvy Explorer,4,0.64,1,1,0,0,1,1,1,0,1,1,0,7,True,"cost, medical, design, curiosity, coolness, eco_friendly, trendsetter"
ARC-1661,Budget Wellness Explorer,False,Value-Savvy Explorer,4,0.64,1,1,0,0,1,1,1,1,1,0,0,7,True,"cost, medical, design, curiosity, coolness, seasonal, eco_friendly"
ARC-1718,Budget Wellness Tracker,False,Value-Savvy Explorer,4,0.64,1,1,0,1,0,1,1,0,1,0,1,7,True,"cost, medical, nutrition, curiosity, coolness, eco_friendly, mood"
ARC-1719,Budget Wellness Tracker,False,Value-Savvy Explorer,4,0.64,1,1,0,1,0,1,1,0,1,1,0,7,True,"cost, medical, nutrition, curiosity, coolness, eco_friendly, trendsetter"
ARC-1725,Budget Wellness Tracker,False,Value-Savvy Explorer,4,0.64,1,1,0,1,0,1,1,1,1,0,0,7,True,"cost, medical, nutrition, curiosity, coolness, seasonal, eco_friendly"
ARC-1750,Budget Wellness Tracker,False,Value-Savvy Explorer,4,0.64,1,1,0,1,1,0,1,0,1,0,1,7,True,"cost, medical, nutrition, design, coolness, eco_friendly, mood"
ARC-1751,Budget Wellness Tracker,False,Value-Savvy Explorer,4,0.64,1,1,0,1,1,0,1,0,1,1,0,7,True,"cost, medical, nutrition, design, coolness, eco_friendly, trendsetter"
ARC-1757,Budget Wellness Tracker,False,Value-Savvy Explorer,4,0.64,1,1,0,1,1,0,1,1,1,0,0,7,True,"cost, medical, nutrition, design, coolness, seasonal, eco_friendly"
ARC-1766,Budget Wellness Tracker,False,Value-Savvy Explorer,4,0.64,1,1,0,1,1,1,0,0,1,0,1,7,True,"cost, medical, nutrition, design, curiosity, eco_friendly, mood"
ARC-1767,Budget Wellness Tracker,False,Value-Savvy Explorer,4,0.64,1,1,0,1,1,1,0,0,1,1,0,7,True,"cost, medical, nutrition, design, curiosity, eco_friendly, trendsetter"
ARC-1773,Budget Wellness Tracker,False,Value-Savvy Explorer,4,0.64,1,1,0,1,1,1,0,1,1,0,0,7,True,"cost, medical, nutrition, design, curiosity, seasonal, eco_friendly"
ARC-1778,Budget Wellness Tracker,False,Value-Savvy Explorer,4,0.64,1,1,0,1,1,1,1,0,0,0,1,7,True,"cost, medical, nutrition, design, curiosity, coolness, mood"
ARC-1779,Budget Wellness Tracker,False,Value-Savvy Explorer,4,0.64,1,1,0,1,1,1,1,0,0,1,0,7,True,"cost, medical, nutrition, design, curiosity, coolness, trendsetter"
ARC-1785,Budget Wellness Tracker,False,Value-Savvy Explorer,4,0.64,1,1,0,1,1,1,1,1,0,0,0,7,True,"cost, medical, nutrition, design, curiosity, coolness, seasonal"
ARC-1846,Budget Wellness Label Reader,False,Value-Savvy Explorer,4,0.64,1,1,1,0,0,1,1,0,1,0,1,7,True,"cost, medical, dietary, curiosity, coolness, eco_friendly, mood"
ARC-1847,Budget Wellness Label Reader,False,Value-Savvy Explorer,4,0.64,1,1,1,0,0,1,1,0,1,1,0,7,True,"cost, medical, dietary, curiosity, coolness, eco_friendly, trendsetter"
ARC-1853,Budget Wellness Label Reader,False,Value-Savvy Explorer,4,0.64,1,1,1,0,0,1,1,1,1,0,0,7,True,"cost, medical, dietary, curiosity, coolness, seasonal, eco_friendly"
ARC-1878,Budget Wellness Label Reader,False,Value-Savvy Explorer,4,0.64,1,1,1,0,1,0,1,0,1,0,1,7,True,"cost, medical, dietary, design, coolness, eco_friendly, mood"
ARC-1879,Budget Wellness Label Reader,False,Value-Savvy Explorer,4,0.64,1,1,1,0,1,0,1,0,1,1,0,7,True,"cost, medical, dietary, design, coolness, eco_friendly, trendsetter"
ARC-1885,Budget Wellness Label Reader,False,Value-Savvy Explorer,4,0.64,1,1,1,0,1,0,1,1,1,0,0,7,True,"cost, medical, dietary, design, coolness, seasonal, eco_friendly"
ARC-1894,Budget Wellness Label Reader,False,Value-Savvy Explorer,4,0.64,1,1,1,0,1,1,0,0,1,0,1,7,True,"cost, medical, dietary, design, curiosity, eco_friendly, mood"
ARC-1895,Budget Wellness Label Reader,False,Value-Savvy Explorer,4,0.64,1,1,1,0,1,1,0,0,1,1,0,7,True,"cost, medical, dietary, design, curiosity, eco_friendly, trendsetter"
ARC-1901,Budget Wellness Label Reader,False,Value-Savvy Explorer,4,0.64,1,1,1,0,1,1,0,1,1,0,0,7,True,"cost, medical, dietary, design, curiosity, seasonal, eco_friendly"
ARC-1906,Budget Wellness Label Reader,False,Value-Savvy Explorer,4,0.64,1,1,1,0,1,1,1,0,0,0,1,7,True,"cost, medical, dietary, design, curiosity, coolness, mood"
ARC-1907,Budget Wellness Label Reader,False,Value-Savvy Explorer,4,0.64,1,1,1,0,1,1,1,0,0,1,0,7,True,"cost, medical, dietary, design, curiosity, coolness, trendsetter"
ARC-1913,Budget Wellness Label Reader,False,Value-Savvy Explorer,4,0.64,1,1,1,0,1,1,1,1,0,0,0,7,True,"cost, medical, dietary, design, curiosity, coolness, seasonal"
ARC-1942,Budget Wellness Tracker,False,Value-Savvy Explorer,4,0.64,1,1,1,1,0,0,1,0,1,0,1,7,True,"cost, medical, dietary, nutrition, coolness, eco_friendly, mood"
ARC-1943,Budget Wellness Tracker,False,Value-Savvy Explorer,4,0.64,1,1,1,1,0,0,1,0,1,1,0,7,True,"cost, medical, dietary, nutrition, coolness, eco_friendly, trendsetter"
ARC-1949,Budget Wellness Tracker,False,Value-Savvy Explorer,4,0.64,1,1,1,1,0,0,1,1,1,0,0,7,True,"cost, medical, dietary, nutrition, coolness, seasonal, eco_friendly"
ARC-1958,Budget Wellness Tracker,False,Value-Savvy Explorer,4,0.64,1,1,1,1,0,1,0,0,1,0,1,7,True,"cost, medical, dietary, nutrition, curiosity, eco_friendly, mood"
ARC-1959,Budget Wellness Tracker,False,Value-Savvy Explorer,4,0.64,1,1,1,1,0,1,0,0,1,1,0,7,True,"cost, medical, dietary, nutrition, curiosity, eco_friendly, trendsetter"
ARC-1965,Budget Wellness Tracker,False,Value-Savvy Explorer,4,0.64,1,1,1,1,0,1,0,1,1,0,0,7,True,"cost, medical, dietary, nutrition, curiosity, seasonal, eco_friendly"
ARC-1970,Budget Wellness Tracker,False,Value-Savvy Explorer,4,0.64,1,1,1,1,0,1,1,0,0,0,1,7,True,"cost, medical, dietary, nutrition, curiosity, coolness, mood"
ARC-1971,Budget Wellness Tracker,False,Value-Savvy Explorer,4,0.64,1,1,1,1,0,1,1,0,0,1,0,7,True,"cost, medical, dietary, nutrition, curiosity, coolness, trendsetter"
ARC-1977,Budget Wellness Tracker,False,Value-Savvy Explorer,4,0.64,1,1,1,1,0,1,1,1,0,0,0,7,True,"cost, medical, dietary, nutrition, curiosity, coolness, seasonal"
ARC-1990,Budget Wellness Tracker,False,Value-Savvy Explorer,4,0.64,1,1,1,1,1,0,0,0,1,0,1,7,True,"cost, medical, dietary, nutrition, design, eco_friendly, mood"
ARC-1991,Budget Wellness Tracker,False,Value-Savvy Explorer,4,0.64,1,1,1,1,1,0,0,0,1,1,0,7,True,"cost, medical, dietary, nutrition, design, eco_friendly, trendsetter"
ARC-1997,Budget Wellness Tracker,False,Value-Savvy Explorer,4,0.64,1,1,1,1,1,0,0,1,1,0,0,7,True,"cost, medical, dietary, nutrition, design, seasonal, eco_friendly"
ARC-2002,Budget Wellness Tracker,False,Value-Savvy Explorer,4,0.64,1,1,1,1,1,0,1,0,0,0,1,7,True,"cost, medical, dietary, nutrition, design, coolness, mood"
ARC-2003,Budget Wellness Tracker,False,Value-Savvy Explorer,4,0.64,1,1,1,1,1,0,1,0,0,1,0,7,True,"cost, medical, dietary, nutrition, design, coolness, trendsetter"
ARC-2009,Budget Wellness Tracker,False,Value-Savvy Explorer,4,0.64,1,1,1,1,1,0,1,1,0,0,0,7,True,"cost, medical, dietary, nutrition, design, coolness, seasonal"
ARC-2018,Budget Wellness Tracker,False,Value-Savvy Explorer,4,0.64,1,1,1,1,1,1,0,0,0,0,1,7,True,"cost, medical, dietary, nutrition, design, curiosity, mood"
ARC-2019,Budget Wellness Tracker,False,Value-Savvy Explorer,4,0.64,1,1,1,1,1,1,0,0,0,1,0,7,True,"cost, medical, dietary, nutrition, design, curiosity, trendsetter"
ARC-2025,Budget Wellness Tracker,False,Value-Savvy Explorer,4,0.64,1,1,1,1,1,1,0,1,0,0,0,7,True,"cost, medical, dietary, nutrition, design, curiosity, seasonal"
ARC-0118,Premium Explorer Mood Buyer,False,Value-Savvy Explorer,4,0.64,0,0,0,0,1,1,1,0,1,0,1,5,False,"design, curiosity, coolness, eco_friendly, mood"
ARC-0119,Premium Explorer Follower,False,Value-Savvy Explorer,4,0.64,0,0,0,0,1,1,1,0,1,1,0,5,False,"design, curiosity, coolness, eco_friendly, trendsetter"
ARC-0125,Premium Explorer Conscious Buyer,False,Value-Savvy Explorer,4,0.64,0,0,0,0,1,1,1,1,1,0,0,5,False,"design, curiosity, coolness, seasonal, eco_friendly"
ARC-0182,Premium Nutrition Explorer,False,Value-Savvy Explorer,4,0.64,0,0,0,1,0,1,1,0,1,0,1,5,False,"nutrition, curiosity, coolness, eco_friendly, mood"
ARC-0183,Premium Nutrition Explorer,False,Value-Savvy Explorer,4,0.64,0,0,0,1,0,1,1,0,1,1,0,5,False,"nutrition, curiosity, coolness, eco_friendly, trendsetter"
ARC-0189,Premium Nutrition Explorer,False,Value-Savvy Explorer,4,0.64,0,0,0,1,0,1,1,1,1,0,0,5,False,"nutrition, curiosity, coolness, seasonal, eco_friendly"
ARC-0214,Premium Nutrition Mood Buyer,False,Value-Savvy Explorer,4,0.64,0,0,0,1,1,0,1,0,1,0,1,5,False,"nutrition, design, coolness, eco_friendly, mood"
ARC-0215,Premium Nutrition Follower,False,Value-Savvy Explorer,4,0.64,0,0,0,1,1,0,1,0,1,1,0,5,False,"nutrition, design, coolness, eco_friendly, trendsetter"
ARC-0221,Premium Nutrition Conscious Buyer,False,Value-Savvy Explorer,4,0.64,0,0,0,1,1,0,1,1,1,0,0,5,False,"nutrition, design, coolness, seasonal, eco_friendly"
ARC-0230,Premium Nutrition Explorer,False,Value-Savvy Explorer,4,0.64,0,0,0,1,1,1,0,0,1,0,1,5,False,"nutrition, design, curiosity, eco_friendly, mood"
ARC-0231,Premium Nutrition Explorer,False,Value-Savvy Explorer,4,0.64,0,0,0,1,1,1,0,0,1,1,0,5,False,"nutrition, design, curiosity, eco_friendly, trendsetter"
ARC-0237,Premium Nutrition Explorer,False,Value-Savvy Explorer,4,0.64,0,0,0,1,1,1,0,1,1,0,0,5,False,"nutrition, design, curiosity, seasonal, eco_friendly"
ARC-0242,Premium Nutrition Explorer,False,Value-Savvy Explorer,4,0.64,0,0,0,1,1,1,1,0,0,0,1,5,False,"nutrition, design, curiosity, coolness, mood"
ARC-0243,Premium Nutrition Explorer,False,Value-Savvy Explorer,4,0.64,0,0,0,1,1,1,1,0,0,1,0,5,False,"nutrition, design, curiosity, coolness, trendsetter"
ARC-0249,Premium Nutrition Explorer,False,Value-Savvy Explorer,4,0.64,0,0,0,1,1,1,1,1,0,0,0,5,False,"nutrition, design, curiosity, coolness, seasonal"
ARC-0310,Premium Diet-Led Explorer,False,Value-Savvy Explorer,4,0.64,0,0,1,0,0,1,1,0,1,0,1,5,False,"dietary, curiosity, coolness, eco_friendly, mood"
ARC-0311,Premium Diet-Led Explorer,False,Value-Savvy Explorer,4,0.64,0,0,1,0,0,1,1,0,1,1,0,5,False,"dietary, curiosity, coolness, eco_friendly, trendsetter"
ARC-0317,Premium Diet-Led Explorer,False,Value-Savvy Explorer,4,0.64,0,0,1,0,0,1,1,1,1,0,0,5,False,"dietary, curiosity, coolness, seasonal, eco_friendly"
ARC-0342,Premium Diet-Led Mood Buyer,False,Value-Savvy Explorer,4,0.64,0,0,1,0,1,0,1,0,1,0,1,5,False,"dietary, design, coolness, eco_friendly, mood"
ARC-0343,Premium Diet-Led Follower,False,Value-Savvy Explorer,4,0.64,0,0,1,0,1,0,1,0,1,1,0,5,False,"dietary, design, coolness, eco_friendly, trendsetter"
ARC-0349,Premium Diet-Led Conscious Buyer,False,Value-Savvy Explorer,4,0.64,0,0,1,0,1,0,1,1,1,0,0,5,False,"dietary, design, coolness, seasonal, eco_friendly"
ARC-0358,Premium Diet-Led Explorer,False,Value-Savvy Explorer,4,0.64,0,0,1,0,1,1,0,0,1,0,1,5,False,"dietary, design, curiosity, eco_friendly, mood"
ARC-0359,Premium Diet-Led Explorer,False,Value-Savvy Explorer,4,0.64,0,0,1,0,1,1,0,0,1,1,0,5,False,"dietary, design, curiosity, eco_friendly, trendsetter"
ARC-0365,Premium Diet-Led Explorer,False,Value-Savvy Explorer,4,0.64,0,0,1,0,1,1,0,1,1,0,0,5,False,"dietary, design, curiosity, seasonal, eco_friendly"
ARC-0370,Premium Diet-Led Explorer,False,Value-Savvy Explorer,4,0.64,0,0,1,0,1,1,1,0,0,0,1,5,False,"dietary, design, curiosity, coolness, mood"
ARC-0371,Premium Diet-Led Explorer,False,Value-Savvy Explorer,4,0.64,0,0,1,0,1,1,1,0,0,1,0,5,False,"dietary, design, curiosity, coolness, trendsetter"
ARC-0377,Premium Diet-Led Explorer,False,Value-Savvy Explorer,4,0.64,0,0,1,0,1,1,1,1,0,0,0,5,False,"dietary, design, curiosity, coolness, seasonal"
ARC-0406,Premium Nutrition Label Reader,False,Value-Savvy Explorer,4,0.64,0,0,1,1,0,0,1,0,1,0,1,5,False,"dietary, nutrition, coolness, eco_friendly, mood"
ARC-0407,Premium Nutrition Label Reader,False,Value-Savvy Explorer,4,0.64,0,0,1,1,0,0,1,0,1,1,0,5,False,"dietary, nutrition, coolness, eco_friendly, trendsetter"
ARC-0413,Premium Nutrition Label Reader,False,Value-Savvy Explorer,4,0.64,0,0,1,1,0,0,1,1,1,0,0,5,False,"dietary, nutrition, coolness, seasonal, eco_friendly"
ARC-0422,Premium Nutrition Label Reader,False,Value-Savvy Explorer,4,0.64,0,0,1,1,0,1,0,0,1,0,1,5,False,"dietary, nutrition, curiosity, eco_friendly, mood"
ARC-0423,Premium Nutrition Label Reader,False,Value-Savvy Explorer,4,0.64,0,0,1,1,0,1,0,0,1,1,0,5,False,"dietary, nutrition, curiosity, eco_friendly, trendsetter"
ARC-0429,Premium Nutrition Label Reader,False,Value-Savvy Explorer,4,0.64,0,0,1,1,0,1,0,1,1,0,0,5,False,"dietary, nutrition, curiosity, seasonal, eco_friendly"
ARC-0434,Premium Nutrition Label Reader,False,Value-Savvy Explorer,4,0.64,0,0,1,1,0,1,1,0,0,0,1,5,False,"dietary, nutrition, curiosity, coolness, mood"
ARC-0435,Premium Nutrition Label Reader,False,Value-Savvy Explorer,4,0.64,0,0,1,1,0,1,1,0,0,1,0,5,False,"dietary, nutrition, curiosity, coolness, trendsetter"
ARC-0441,Premium Nutrition Label Reader,False,Value-Savvy Explorer,4,0.64,0,0,1,1,0,1,1,1,0,0,0,5,False,"dietary, nutrition, curiosity, coolness, seasonal"
ARC-0454,Premium Nutrition Label Reader,False,Value-Savvy Explorer,4,0.64,0,0,1,1,1,0,0,0,1,0,1,5,False,"dietary, nutrition, design, eco_friendly, mood"
ARC-0455,Premium Nutrition Label Reader,False,Value-Savvy Explorer,4,0.64,0,0,1,1,1,0,0,0,1,1,0,5,False,"dietary, nutrition, design, eco_friendly, trendsetter"
ARC-0461,Premium Nutrition Label Reader,False,Value-Savvy Explorer,4,0.64,0,0,1,1,1,0,0,1,1,0,0,5,False,"dietary, nutrition, design, seasonal, eco_friendly"
ARC-0466,Premium Nutrition Label Reader,False,Value-Savvy Explorer,4,0.64,0,0,1,1,1,0,1,0,0,0,1,5,False,"dietary, nutrition, design, coolness, mood"
ARC-0467,Premium Nutrition Label Reader,False,Value-Savvy Explorer,4,0.64,0,0,1,1,1,0,1,0,0,1,0,5,False,"dietary, nutrition, design, coolness, trendsetter"
ARC-0473,Premium Nutrition Label Reader,False,Value-Savvy Explorer,4,0.64,0,0,1,1,1,0,1,1,0,0,0,5,False,"dietary, nutrition, design, coolness, seasonal"
ARC-0482,Premium Nutrition Label Reader,False,Value-Savvy Explorer,4,0.64,0,0,1,1,1,1,0,0,0,0,1,5,False,"dietary, nutrition, design, curiosity, mood"
ARC-0483,Premium Nutrition Label Reader,False,Value-Savvy Explorer,4,0.64,0,0,1,1,1,1,0,0,0,1,0,5,False,"dietary, nutrition, design, curiosity, trendsetter"
ARC-0489,Premium Nutrition Label Reader,False,Value-Savvy Explorer,4,0.64,0,0,1,1,1,1,0,1,0,0,0,5,False,"dietary, nutrition, design, curiosity, seasonal"
ARC-0629,Premium Wellness Explorer,False,Value-Savvy Explorer,4,0.64,0,1,0,0,1,1,1,0,1,0,0,5,False,"medical, design, curiosity, coolness, eco_friendly"
ARC-0693,Premium Wellness Tracker,False,Value-Savvy Explorer,4,0.64,0,1,0,1,0,1,1,0,1,0,0,5,False,"medical, nutrition, curiosity, coolness, eco_friendly"
ARC-0725,Premium Wellness Tracker,False,Value-Savvy Explorer,4,0.64,0,1,0,1,1,0,1,0,1,0,0,5,False,"medical, nutrition, design, coolness, eco_friendly"
ARC-0741,Premium Wellness Tracker,False,Value-Savvy Explorer,4,0.64,0,1,0,1,1,1,0,0,1,0,0,5,False,"medical, nutrition, design, curiosity, eco_friendly"
ARC-0753,Premium Wellness Tracker,False,Value-Savvy Explorer,4,0.64,0,1,0,1,1,1,1,0,0,0,0,5,False,"medical, nutrition, design, curiosity, coolness"
ARC-0821,Premium Wellness Label Reader,False,Value-Savvy Explorer,4,0.64,0,1,1,0,0,1,1,0,1,0,0,5,False,"medical, dietary, curiosity, coolness, eco_friendly"
ARC-0853,Premium Wellness Label Reader,False,Value-Savvy Explorer,4,0.64,0,1,1,0,1,0,1,0,1,0,0,5,False,"medical, dietary, design, coolness, eco_friendly"
ARC-0869,Premium Wellness Label Reader,False,Value-Savvy Explorer,4,0.64,0,1,1,0,1,1,0,0,1,0,0,5,False,"medical, dietary, design, curiosity, eco_friendly"
ARC-0881,Premium Wellness Label Reader,False,Value-Savvy Explorer,4,0.64,0,1,1,0,1,1,1,0,0,0,0,5,False,"medical, dietary, design, curiosity, coolness"
ARC-0917,Premium Wellness Tracker,False,Value-Savvy Explorer,4,0.64,0,1,1,1,0,0,1,0,1,0,0,5,False,"medical, dietary, nutrition, coolness, eco_friendly"
ARC-0933,Premium Wellness Tracker,False,Value-Savvy Explorer,4,0.64,0,1,1,1,0,1,0,0,1,0,0,5,False,"medical, dietary, nutrition, curiosity, eco_friendly"
ARC-0945,Premium Wellness Tracker,False,Value-Savvy Explorer,4,0.64,0,1,1,1,0,1,1,0,0,0,0,5,False,"medical, dietary, nutrition, curiosity, coolness"
ARC-0965,Premium Wellness Tracker,False,Value-Savvy Explorer,4,0.64,0,1,1,1,1,0,0,0,1,0,0,5,False,"medical, dietary, nutrition, design, eco_friendly"
ARC-0977,Premium Wellness Tracker,False,Value-Savvy Explorer,4,0.64,0,1,1,1,1,0,1,0,0,0,0,5,False,"medical, dietary, nutrition, design, coolness"
ARC-0993,Premium Wellness Tracker,False,Value-Savvy Explorer,4,0.64,0,1,1,1,1,1,0,0,0,0,0,5,False,"medical, dietary, nutrition, design, curiosity"
ARC-1078,Budget Explorer Mood Buyer,False,Value-Savvy Explorer,4,0.64,1,0,0,0,0,1,1,0,1,0,1,5,True,"cost, curiosity, coolness, eco_friendly, mood"
ARC-1079,Budget Explorer Follower,False,Value-Savvy Explorer,4,0.64,1,0,0,0,0,1,1,0,1,1,0,5,True,"cost, curiosity, coolness, eco_friendly, trendsetter"
ARC-1085,Budget Explorer Conscious Buyer,False,Value-Savvy Explorer,4,0.64,1,0,0,0,0,1,1,1,1,0,0,5,True,"cost, curiosity, coolness, seasonal, eco_friendly"
ARC-1110,Budget Mood Conscious Buyer,False,Value-Savvy Explorer,4,0.64,1,0,0,0,1,0,1,0,1,0,1,5,True,"cost, design, coolness, eco_friendly, mood"
ARC-1111,Budget Trend Conscious Buyer,False,Value-Savvy Explorer,4,0.64,1,0,0,0,1,0,1,0,1,1,0,5,True,"cost, design, coolness, eco_friendly, trendsetter"
ARC-1117,Budget Eco Occasion Buyer,False,Value-Savvy Explorer,4,0.64,1,0,0,0,1,0,1,1,1,0,0,5,True,"cost, design, coolness, seasonal, eco_friendly"
ARC-1126,Budget Explorer Mood Buyer,False,Value-Savvy Explorer,4,0.64,1,0,0,0,1,1,0,0,1,0,1,5,True,"cost, design, curiosity, eco_friendly, mood"
ARC-1127,Budget Explorer Follower,False,Value-Savvy Explorer,4,0.64,1,0,0,0,1,1,0,0,1,1,0,5,True,"cost, design, curiosity, eco_friendly, trendsetter"
ARC-1133,Budget Explorer Conscious Buyer,False,Value-Savvy Explorer,4,0.64,1,0,0,0,1,1,0,1,1,0,0,5,True,"cost, design, curiosity, seasonal, eco_friendly"
ARC-1138,Budget Explorer Mood Buyer,False,Value-Savvy Explorer,4,0.64,1,0,0,0,1,1,1,0,0,0,1,5,True,"cost, design, curiosity, coolness, mood"
ARC-1139,Budget Explorer Follower,False,Value-Savvy Explorer,4,0.64,1,0,0,0,1,1,1,0,0,1,0,5,True,"cost, design, curiosity, coolness, trendsetter"
ARC-1145,Budget Explorer Occasion Buyer,False,Value-Savvy Explorer,4,0.64,1,0,0,0,1,1,1,1,0,0,0,5,True,"cost, design, curiosity, coolness, seasonal"
ARC-1174,Budget Nutrition Mood Buyer,False,Value-Savvy Explorer,4,0.64,1,0,0,1,0,0,1,0,1,0,1,5,True,"cost, nutrition, coolness, eco_friendly, mood"
ARC-1175,Budget Nutrition Follower,False,Value-Savvy Explorer,4,0.64,1,0,0,1,0,0,1,0,1,1,0,5,True,"cost, nutrition, coolness, eco_friendly, trendsetter"
ARC-1181,Budget Nutrition Conscious Buyer,False,Value-Savvy Explorer,4,0.64,1,0,0,1,0,0,1,1,1,0,0,5,True,"cost, nutrition, coolness, seasonal, eco_friendly"
ARC-1190,Budget Nutrition Explorer,False,Value-Savvy Explorer,4,0.64,1,0,0,1,0,1,0,0,1,0,1,5,True,"cost, nutrition, curiosity, eco_friendly, mood"
ARC-1191,Budget Nutrition Explorer,False,Value-Savvy Explorer,4,0.64,1,0,0,1,0,1,0,0,1,1,0,5,True,"cost, nutrition, curiosity, eco_friendly, trendsetter"
ARC-1197,Budget Nutrition Explorer,False,Value-Savvy Explorer,4,0.64,1,0,0,1,0,1,0,1,1,0,0,5,True,"cost, nutrition, curiosity, seasonal, eco_friendly"
ARC-1202,Budget Nutrition Explorer,False,Value-Savvy Explorer,4,0.64,1,0,0,1,0,1,1,0,0,0,1,5,True,"cost, nutrition, curiosity, coolness, mood"
ARC-1203,Budget Nutrition Explorer,False,Value-Savvy Explorer,4,0.64,1,0,0,1,0,1,1,0,0,1,0,5,True,"cost, nutrition, curiosity, coolness, trendsetter"
ARC-1209,Budget Nutrition Explorer,False,Value-Savvy Explorer,4,0.64,1,0,0,1,0,1,1,1,0,0,0,5,True,"cost, nutrition, curiosity, coolness, seasonal"
ARC-1222,Budget Nutrition Mood Buyer,False,Value-Savvy Explorer,4,0.64,1,0,0,1,1,0,0,0,1,0,1,5,True,"cost, nutrition, design, eco_friendly, mood"
ARC-1223,Budget Nutrition Follower,False,Value-Savvy Explorer,4,0.64,1,0,0,1,1,0,0,0,1,1,0,5,True,"cost, nutrition, design, eco_friendly, trendsetter"
ARC-1229,Budget Nutrition Conscious Buyer,False,Value-Savvy Explorer,4,0.64,1,0,0,1,1,0,0,1,1,0,0,5,True,"cost, nutrition, design, seasonal, eco_friendly"
ARC-1234,Budget Nutrition Mood Buyer,False,Value-Savvy Explorer,4,0.64,1,0,0,1,1,0,1,0,0,0,1,5,True,"cost, nutrition, design, coolness, mood"
ARC-1235,Budget Nutrition Follower,False,Value-Savvy Explorer,4,0.64,1,0,0,1,1,0,1,0,0,1,0,5,True,"cost, nutrition, design, coolness, trendsetter"
ARC-1241,Budget Nutrition Occasion Buyer,False,Value-Savvy Explorer,4,0.64,1,0,0,1,1,0,1,1,0,0,0,5,True,"cost, nutrition, design, coolness, seasonal"
ARC-1250,Budget Nutrition Explorer,False,Value-Savvy Explorer,4,0.64,1,0,0,1,1,1,0,0,0,0,1,5,True,"cost, nutrition, design, curiosity, mood"
ARC-1251,Budget Nutrition Explorer,False,Value-Savvy Explorer,4,0.64,1,0,0,1,1,1,0,0,0,1,0,5,True,"cost, nutrition, design, curiosity, trendsetter"
ARC-1257,Budget Nutrition Explorer,False,Value-Savvy Explorer,4,0.64,1,0,0,1,1,1,0,1,0,0,0,5,True,"cost, nutrition, design, curiosity, seasonal"
ARC-1302,Budget Diet-Led Mood Buyer,False,Value-Savvy Explorer,4,0.64,1,0,1,0,0,0,1,0,1,0,1,5,True,"cost, dietary, coolness, eco_friendly, mood"
ARC-1303,Budget Diet-Led Follower,False,Value-Savvy Explorer,4,0.64,1,0,1,0,0,0,1,0,1,1,0,5,True,"cost, dietary, coolness, eco_friendly, trendsetter"
ARC-1309,Budget Diet-Led Conscious Buyer,False,Value-Savvy Explorer,4,0.64,1,0,1,0,0,0,1,1,1,0,0,5,True,"cost, dietary, coolness, seasonal, eco_friendly"
ARC-1318,Budget Diet-Led Explorer,False,Value-Savvy Explorer,4,0.64,1,0,1,0,0,1,0,0,1,0,1,5,True,"cost, dietary, curiosity, eco_friendly, mood"
ARC-1319,Budget Diet-Led Explorer,False,Value-Savvy Explorer,4,0.64,1,0,1,0,0,1,0,0,1,1,0,5,True,"cost, dietary, curiosity, eco_friendly, trendsetter"
ARC-1325,Budget Diet-Led Explorer,False,Value-Savvy Explorer,4,0.64,1,0,1,0,0,1,0,1,1,0,0,5,True,"cost, dietary, curiosity, seasonal, eco_friendly"
ARC-1330,Budget Diet-Led Explorer,False,Value-Savvy Explorer,4,0.64,1,0,1,0,0,1,1,0,0,0,1,5,True,"cost, dietary, curiosity, coolness, mood"
ARC-1331,Budget Diet-Led Explorer,False,Value-Savvy Explorer,4,0.64,1,0,1,0,0,1,1,0,0,1,0,5,True,"cost, dietary, curiosity, coolness, trendsetter"
ARC-1337,Budget Diet-Led Explorer,False,Value-Savvy Explorer,4,0.64,1,0,1,0,0,1,1,1,0,0,0,5,True,"cost, dietary, curiosity, coolness, seasonal"
ARC-1350,Budget Diet-Led Mood Buyer,False,Value-Savvy Explorer,4,0.64,1,0,1,0,1,0,0,0,1,0,1,5,True,"cost, dietary, design, eco_friendly, mood"
ARC-1351,Budget Diet-Led Follower,False,Value-Savvy Explorer,4,0.64,1,0,1,0,1,0,0,0,1,1,0,5,True,"cost, dietary, design, eco_friendly, trendsetter"
ARC-1357,Budget Diet-Led Conscious Buyer,False,Value-Savvy Explorer,4,0.64,1,0,1,0,1,0,0,1,1,0,0,5,True,"cost, dietary, design, seasonal, eco_friendly"
ARC-1362,Budget Diet-Led Mood Buyer,False,Value-Savvy Explorer,4,0.64,1,0,1,0,1,0,1,0,0,0,1,5,True,"cost, dietary, design, coolness, mood"
ARC-1363,Budget Diet-Led Follower,False,Value-Savvy Explorer,4,0.64,1,0,1,0,1,0,1,0,0,1,0,5,True,"cost, dietary, design, coolness, trendsetter"
ARC-1369,Budget Diet-Led Occasion Buyer,False,Value-Savvy Explorer,4,0.64,1,0,1,0,1,0,1,1,0,0,0,5,True,"cost, dietary, design, coolness, seasonal"
ARC-1378,Budget Diet-Led Explorer,False,Value-Savvy Explorer,4,0.64,1,0,1,0,1,1,0,0,0,0,1,5,True,"cost, dietary, design, curiosity, mood"
ARC-1379,Budget Diet-Led Explorer,False,Value-Savvy Explorer,4,0.64,1,0,1,0,1,1,0,0,0,1,0,5,True,"cost, dietary, design, curiosity, trendsetter"
ARC-1385,Budget Diet-Led Explorer,False,Value-Savvy Explorer,4,0.64,1,0,1,0,1,1,0,1,0,0,0,5,True,"cost, dietary, design, curiosity, seasonal"
ARC-1414,Budget Nutrition Label Reader,False,Value-Savvy Explorer,4,0.64,1,0,1,1,0,0,0,0,1,0,1,5,True,"cost, dietary, nutrition, eco_friendly, mood"
ARC-1415,Budget Nutrition Label Reader,False,Value-Savvy Explorer,4,0.64,1,0,1,1,0,0,0,0,1,1,0,5,True,"cost, dietary, nutrition, eco_friendly, trendsetter"
ARC-1421,Budget Nutrition Label Reader,False,Value-Savvy Explorer,4,0.64,1,0,1,1,0,0,0,1,1,0,0,5,True,"cost, dietary, nutrition, seasonal, eco_friendly"
ARC-1426,Budget Nutrition Label Reader,False,Value-Savvy Explorer,4,0.64,1,0,1,1,0,0,1,0,0,0,1,5,True,"cost, dietary, nutrition, coolness, mood"
ARC-1427,Budget Nutrition Label Reader,False,Value-Savvy Explorer,4,0.64,1,0,1,1,0,0,1,0,0,1,0,5,True,"cost, dietary, nutrition, coolness, trendsetter"
ARC-1433,Budget Nutrition Label Reader,False,Value-Savvy Explorer,4,0.64,1,0,1,1,0,0,1,1,0,0,0,5,True,"cost, dietary, nutrition, coolness, seasonal"
ARC-1442,Budget Nutrition Label Reader,False,Value-Savvy Explorer,4,0.64,1,0,1,1,0,1,0,0,0,0,1,5,True,"cost, dietary, nutrition, curiosity, mood"
ARC-1443,Budget Nutrition Label Reader,False,Value-Savvy Explorer,4,0.64,1,0,1,1,0,1,0,0,0,1,0,5,True,"cost, dietary, nutrition, curiosity, trendsetter"
ARC-1449,Budget Nutrition Label Reader,False,Value-Savvy Explorer,4,0.64,1,0,1,1,0,1,0,1,0,0,0,5,True,"cost, dietary, nutrition, curiosity, seasonal"
ARC-1474,Budget Nutrition Label Reader,False,Value-Savvy Explorer,4,0.64,1,0,1,1,1,0,0,0,0,0,1,5,True,"cost, dietary, nutrition, design, mood"
ARC-1475,Budget Nutrition Label Reader,False,Value-Savvy Explorer,4,0.64,1,0,1,1,1,0,0,0,0,1,0,5,True,"cost, dietary, nutrition, design, trendsetter"
ARC-1481,Budget Nutrition Label Reader,False,Value-Savvy Explorer,4,0.64,1,0,1,1,1,0,0,1,0,0,0,5,True,"cost, dietary, nutrition, design, seasonal"
ARC-1589,Budget Wellness Explorer,False,Value-Savvy Explorer,4,0.64,1,1,0,0,0,1,1,0,1,0,0,5,True,"cost, medical, curiosity, coolness, eco_friendly"
ARC-1621,Budget Wellness Conscious Buyer,False,Value-Savvy Explorer,4,0.64,1,1,0,0,1,0,1,0,1,0,0,5,True,"cost, medical, design, coolness, eco_friendly"
ARC-1637,Budget Wellness Explorer,False,Value-Savvy Explorer,4,0.64,1,1,0,0,1,1,0,0,1,0,0,5,True,"cost, medical, design, curiosity, eco_friendly"
ARC-1649,Budget Wellness Explorer,False,Value-Savvy Explorer,4,0.64,1,1,0,0,1,1,1,0,0,0,0,5,True,"cost, medical, design, curiosity, coolness"
ARC-1685,Budget Wellness Tracker,False,Value-Savvy Explorer,4,0.64,1,1,0,1,0,0,1,0,1,0,0,5,True,"cost, medical, nutrition, coolness, eco_friendly"
ARC-1701,Budget Wellness Tracker,False,Value-Savvy Explorer,4,0.64,1,1,0,1,0,1,0,0,1,0,0,5,True,"cost, medical, nutrition, curiosity, eco_friendly"
ARC-1713,Budget Wellness Tracker,False,Value-Savvy Explorer,4,0.64,1,1,0,1,0,1,1,0,0,0,0,5,True,"cost, medical, nutrition, curiosity, coolness"
ARC-1733,Budget Wellness Tracker,False,Value-Savvy Explorer,4,0.64,1,1,0,1,1,0,0,0,1,0,0,5,True,"cost, medical, nutrition, design, eco_friendly"
ARC-1745,Budget Wellness Tracker,False,Value-Savvy Explorer,4,0.64,1,1,0,1,1,0,1,0,0,0,0,5,True,"cost, medical, nutrition, design, coolness"
ARC-1761,Budget Wellness Tracker,False,Value-Savvy Explorer,4,0.64,1,1,0,1,1,1,0,0,0,0,0,5,True,"cost, medical, nutrition, design, curiosity"
ARC-1813,Budget Wellness Label Reader,False,Value-Savvy Explorer,4,0.64,1,1,1,0,0,0,1,0,1,0,0,5,True,"cost, medical, dietary, coolness, eco_friendly"
ARC-1829,Budget Wellness Label Reader,False,Value-Savvy Explorer,4,0.64,1,1,1,0,0,1,0,0,1,0,0,5,True,"cost, medical, dietary, curiosity, eco_friendly"
ARC-1841,Budget Wellness Label Reader,False,Value-Savvy Explorer,4,0.64,1,1,1,0,0,1,1,0,0,0,0,5,True,"cost, medical, dietary, curiosity, coolness"
ARC-1861,Budget Wellness Label Reader,False,Value-Savvy Explorer,4,0.64,1,1,1,0,1,0,0,0,1,0,0,5,True,"cost, medical, dietary, design, eco_friendly"
ARC-1873,Budget Wellness Label Reader,False,Value-Savvy Explorer,4,0.64,1,1,1,0,1,0,1,0,0,0,0,5,True,"cost, medical, dietary, design, coolness"
ARC-1889,Budget Wellness Label Reader,False,Value-Savvy Explorer,4,0.64,1,1,1,0,1,1,0,0,0,0,0,5,True,"cost, medical, dietary, design, curiosity"
ARC-1925,Budget Wellness Tracker,False,Value-Savvy Explorer,4,0.64,1,1,1,1,0,0,0,0,1,0,0,5,True,"cost, medical, dietary, nutrition, eco_friendly"
ARC-1937,Budget Wellness Tracker,False,Value-Savvy Explorer,4,0.64,1,1,1,1,0,0,1,0,0,0,0,5,True,"cost, medical, dietary, nutrition, coolness"
ARC-1953,Budget Wellness Tracker,False,Value-Savvy Explorer,4,0.64,1,1,1,1,0,1,0,0,0,0,0,5,True,"cost, medical, dietary, nutrition, curiosity"
ARC-1985,Budget Wellness Tracker,False,Value-Savvy Explorer,4,0.64,1,1,1,1,1,0,0,0,0,0,0,5,True,"cost, medical, dietary, nutrition, design"
ARC-0053,Premium Explorer Conscious Buyer,False,Value-Savvy Explorer,4,0.64,0,0,0,0,0,1,1,0,1,0,0,3,False,"curiosity, coolness, eco_friendly"
ARC-0085,Premium Eco Image Buyer,False,Value-Savvy Explorer,4,0.64,0,0,0,0,1,0,1,0,1,0,0,3,False,"design, coolness, eco_friendly"
ARC-0101,Premium Explorer Conscious Buyer,False,Value-Savvy Explorer,4,0.64,0,0,0,0,1,1,0,0,1,0,0,3,False,"design, curiosity, eco_friendly"
ARC-0113,Premium Explorer Image Buyer,False,Value-Savvy Explorer,4,0.64,0,0,0,0,1,1,1,0,0,0,0,3,False,"design, curiosity, coolness"
ARC-0149,Premium Nutrition Conscious Buyer,False,Value-Savvy Explorer,4,0.64,0,0,0,1,0,0,1,0,1,0,0,3,False,"nutrition, coolness, eco_friendly"
ARC-0165,Premium Nutrition Explorer,False,Value-Savvy Explorer,4,0.64,0,0,0,1,0,1,0,0,1,0,0,3,False,"nutrition, curiosity, eco_friendly"
ARC-0177,Premium Nutrition Explorer,False,Value-Savvy Explorer,4,0.64,0,0,0,1,0,1,1,0,0,0,0,3,False,"nutrition, curiosity, coolness"
ARC-0197,Premium Nutrition Conscious Buyer,False,Value-Savvy Explorer,4,0.64,0,0,0,1,1,0,0,0,1,0,0,3,False,"nutrition, design, eco_friendly"
ARC-0209,Premium Nutrition Image Buyer,False,Value-Savvy Explorer,4,0.64,0,0,0,1,1,0,1,0,0,0,0,3,False,"nutrition, design, coolness"
ARC-0225,Premium Nutrition Explorer,False,Value-Savvy Explorer,4,0.64,0,0,0,1,1,1,0,0,0,0,0,3,False,"nutrition, design, curiosity"
ARC-0277,Premium Diet-Led Conscious Buyer,False,Value-Savvy Explorer,4,0.64,0,0,1,0,0,0,1,0,1,0,0,3,False,"dietary, coolness, eco_friendly"
ARC-0293,Premium Diet-Led Explorer,False,Value-Savvy Explorer,4,0.64,0,0,1,0,0,1,0,0,1,0,0,3,False,"dietary, curiosity, eco_friendly"
ARC-0305,Premium Diet-Led Explorer,False,Value-Savvy Explorer,4,0.64,0,0,1,0,0,1,1,0,0,0,0,3,False,"dietary, curiosity, coolness"
ARC-0325,Premium Diet-Led Conscious Buyer,False,Value-Savvy Explorer,4,0.64,0,0,1,0,1,0,0,0,1,0,0,3,False,"dietary, design, eco_friendly"
ARC-0337,Premium Diet-Led Image Buyer,False,Value-Savvy Explorer,4,0.64,0,0,1,0,1,0,1,0,0,0,0,3,False,"dietary, design, coolness"
ARC-0353,Premium Diet-Led Explorer,False,Value-Savvy Explorer,4,0.64,0,0,1,0,1,1,0,0,0,0,0,3,False,"dietary, design, curiosity"
ARC-0389,Premium Nutrition Label Reader,False,Value-Savvy Explorer,4,0.64,0,0,1,1,0,0,0,0,1,0,0,3,False,"dietary, nutrition, eco_friendly"
ARC-0401,Premium Nutrition Label Reader,False,Value-Savvy Explorer,4,0.64,0,0,1,1,0,0,1,0,0,0,0,3,False,"dietary, nutrition, coolness"
ARC-0417,Premium Nutrition Label Reader,False,Value-Savvy Explorer,4,0.64,0,0,1,1,0,1,0,0,0,0,0,3,False,"dietary, nutrition, curiosity"
ARC-0449,Premium Nutrition Label Reader,False,Value-Savvy Explorer,4,0.64,0,0,1,1,1,0,0,0,0,0,0,3,False,"dietary, nutrition, design"
ARC-1045,Budget Eco Image Buyer,False,Value-Savvy Explorer,4,0.64,1,0,0,0,0,0,1,0,1,0,0,3,True,"cost, coolness, eco_friendly"
ARC-1061,Budget Explorer Conscious Buyer,False,Value-Savvy Explorer,4,0.64,1,0,0,0,0,1,0,0,1,0,0,3,True,"cost, curiosity, eco_friendly"
ARC-1073,Budget Explorer Image Buyer,False,Value-Savvy Explorer,4,0.64,1,0,0,0,0,1,1,0,0,0,0,3,True,"cost, curiosity, coolness"
ARC-1093,Budget Eco Design Buyer,False,Value-Savvy Explorer,4,0.64,1,0,0,0,1,0,0,0,1,0,0,3,True,"cost, design, eco_friendly"
ARC-1105,Budget Cool-Seeker Design Buyer,False,Value-Savvy Explorer,4,0.64,1,0,0,0,1,0,1,0,0,0,0,3,True,"cost, design, coolness"
ARC-1121,Budget Explorer Design Buyer,False,Value-Savvy Explorer,4,0.64,1,0,0,0,1,1,0,0,0,0,0,3,True,"cost, design, curiosity"
ARC-1157,Budget Nutrition Conscious Buyer,False,Value-Savvy Explorer,4,0.64,1,0,0,1,0,0,0,0,1,0,0,3,True,"cost, nutrition, eco_friendly"
ARC-1169,Budget Nutrition Image Buyer,False,Value-Savvy Explorer,4,0.64,1,0,0,1,0,0,1,0,0,0,0,3,True,"cost, nutrition, coolness"
ARC-1185,Budget Nutrition Explorer,False,Value-Savvy Explorer,4,0.64,1,0,0,1,0,1,0,0,0,0,0,3,True,"cost, nutrition, curiosity"
ARC-1217,Budget Nutrition Design Buyer,False,Value-Savvy Explorer,4,0.64,1,0,0,1,1,0,0,0,0,0,0,3,True,"cost, nutrition, design"
ARC-1285,Budget Diet-Led Conscious Buyer,False,Value-Savvy Explorer,4,0.64,1,0,1,0,0,0,0,0,1,0,0,3,True,"cost, dietary, eco_friendly"
ARC-1297,Budget Diet-Led Image Buyer,False,Value-Savvy Explorer,4,0.64,1,0,1,0,0,0,1,0,0,0,0,3,True,"cost, dietary, coolness"
ARC-1313,Budget Diet-Led Explorer,False,Value-Savvy Explorer,4,0.64,1,0,1,0,0,1,0,0,0,0,0,3,True,"cost, dietary, curiosity"
ARC-1345,Budget Diet-Led Design Buyer,False,Value-Savvy Explorer,4,0.64,1,0,1,0,1,0,0,0,0,0,0,3,True,"cost, dietary, design"
ARC-1409,Budget Nutrition Label Reader,False,Value-Savvy Explorer,4,0.64,1,0,1,1,0,0,0,0,0,0,0,3,True,"cost, dietary, nutrition"
ARC-1140,Budget Explorer Follower,False,Value-Savvy Explorer,5,0.55,1,0,0,0,1,1,1,0,0,1,1,6,True,"cost, design, curiosity, coolness, trendsetter, mood"
ARC-1146,Budget Explorer Mood Buyer,False,Value-Savvy Explorer,5,0.55,1,0,0,0,1,1,1,1,0,0,1,6,True,"cost, design, curiosity, coolness, seasonal, mood"
ARC-1147,Budget Explorer Follower,False,Value-Savvy Explorer,5,0.55,1,0,0,0,1,1,1,1,0,1,0,6,True,"cost, design, curiosity, coolness, seasonal, trendsetter"
ARC-1204,Budget Nutrition Explorer,False,Value-Savvy Explorer,5,0.55,1,0,0,1,0,1,1,0,0,1,1,6,True,"cost, nutrition, curiosity, coolness, trendsetter, mood"
ARC-1210,Budget Nutrition Explorer,False,Value-Savvy Explorer,5,0.55,1,0,0,1,0,1,1,1,0,0,1,6,True,"cost, nutrition, curiosity, coolness, seasonal, mood"
ARC-1211,Budget Nutrition Explorer,False,Value-Savvy Explorer,5,0.55,1,0,0,1,0,1,1,1,0,1,0,6,True,"cost, nutrition, curiosity, coolness, seasonal, trendsetter"
ARC-1236,Budget Nutrition Follower,False,Value-Savvy Explorer,5,0.55,1,0,0,1,1,0,1,0,0,1,1,6,True,"cost, nutrition, design, coolness, trendsetter, mood"
ARC-1242,Budget Nutrition Mood Buyer,False,Value-Savvy Explorer,5,0.55,1,0,0,1,1,0,1,1,0,0,1,6,True,"cost, nutrition, design, coolness, seasonal, mood"
ARC-1243,Budget Nutrition Follower,False,Value-Savvy Explorer,5,0.55,1,0,0,1,1,0,1,1,0,1,0,6,True,"cost, nutrition, design, coolness, seasonal, trendsetter"
ARC-1252,Budget Nutrition Explorer,False,Value-Savvy Explorer,5,0.55,1,0,0,1,1,1,0,0,0,1,1,6,True,"cost, nutrition, design, curiosity, trendsetter, mood"
ARC-1258,Budget Nutrition Explorer,False,Value-Savvy Explorer,5,0.55,1,0,0,1,1,1,0,1,0,0,1,6,True,"cost, nutrition, design, curiosity, seasonal, mood"
ARC-1259,Budget Nutrition Explorer,False,Value-Savvy Explorer,5,0.55,1,0,0,1,1,1,0,1,0,1,0,6,True,"cost, nutrition, design, curiosity, seasonal, trendsetter"
ARC-1332,Budget Diet-Led Explorer,False,Value-Savvy Explorer,5,0.55,1,0,1,0,0,1,1,0,0,1,1,6,True,"cost, dietary, curiosity, coolness, trendsetter, mood"
ARC-1338,Budget Diet-Led Explorer,False,Value-Savvy Explorer,5,0.55,1,0,1,0,0,1,1,1,0,0,1,6,True,"cost, dietary, curiosity, coolness, seasonal, mood"
ARC-1339,Budget Diet-Led Explorer,False,Value-Savvy Explorer,5,0.55,1,0,1,0,0,1,1,1,0,1,0,6,True,"cost, dietary, curiosity, coolness, seasonal, trendsetter"
ARC-1364,Budget Diet-Led Follower,False,Value-Savvy Explorer,5,0.55,1,0,1,0,1,0,1,0,0,1,1,6,True,"cost, dietary, design, coolness, trendsetter, mood"
ARC-1370,Budget Diet-Led Mood Buyer,False,Value-Savvy Explorer,5,0.55,1,0,1,0,1,0,1,1,0,0,1,6,True,"cost, dietary, design, coolness, seasonal, mood"
ARC-1371,Budget Diet-Led Follower,False,Value-Savvy Explorer,5,0.55,1,0,1,0,1,0,1,1,0,1,0,6,True,"cost, dietary, design, coolness, seasonal, trendsetter"
ARC-1380,Budget Diet-Led Explorer,False,Value-Savvy Explorer,5,0.55,1,0,1,0,1,1,0,0,0,1,1,6,True,"cost, dietary, design, curiosity, trendsetter, mood"
ARC-1386,Budget Diet-Led Explorer,False,Value-Savvy Explorer,5,0.55,1,0,1,0,1,1,0,1,0,0,1,6,True,"cost, dietary, design, curiosity, seasonal, mood"
ARC-1387,Budget Diet-Led Explorer,False,Value-Savvy Explorer,5,0.55,1,0,1,0,1,1,0,1,0,1,0,6,True,"cost, dietary, design, curiosity, seasonal, trendsetter"
ARC-1428,Budget Nutrition Label Reader,False,Value-Savvy Explorer,5,0.55,1,0,1,1,0,0,1,0,0,1,1,6,True,"cost, dietary, nutrition, coolness, trendsetter, mood"
ARC-1434,Budget Nutrition Label Reader,False,Value-Savvy Explorer,5,0.55,1,0,1,1,0,0,1,1,0,0,1,6,True,"cost, dietary, nutrition, coolness, seasonal, mood"
ARC-1435,Budget Nutrition Label Reader,False,Value-Savvy Explorer,5,0.55,1,0,1,1,0,0,1,1,0,1,0,6,True,"cost, dietary, nutrition, coolness, seasonal, trendsetter"
ARC-1444,Budget Nutrition Label Reader,False,Value-Savvy Explorer,5,0.55,1,0,1,1,0,1,0,0,0,1,1,6,True,"cost, dietary, nutrition, curiosity, trendsetter, mood"
ARC-1450,Budget Nutrition Label Reader,False,Value-Savvy Explorer,5,0.55,1,0,1,1,0,1,0,1,0,0,1,6,True,"cost, dietary, nutrition, curiosity, seasonal, mood"
ARC-1451,Budget Nutrition Label Reader,False,Value-Savvy Explorer,5,0.55,1,0,1,1,0,1,0,1,0,1,0,6,True,"cost, dietary, nutrition, curiosity, seasonal, trendsetter"
ARC-1476,Budget Nutrition Label Reader,False,Value-Savvy Explorer,5,0.55,1,0,1,1,1,0,0,0,0,1,1,6,True,"cost, dietary, nutrition, design, trendsetter, mood"
ARC-1482,Budget Nutrition Label Reader,False,Value-Savvy Explorer,5,0.55,1,0,1,1,1,0,0,1,0,0,1,6,True,"cost, dietary, nutrition, design, seasonal, mood"
ARC-1483,Budget Nutrition Label Reader,False,Value-Savvy Explorer,5,0.55,1,0,1,1,1,0,0,1,0,1,0,6,True,"cost, dietary, nutrition, design, seasonal, trendsetter"
ARC-1590,Budget Wellness Explorer,False,Value-Savvy Explorer,5,0.55,1,1,0,0,0,1,1,0,1,0,1,6,True,"cost, medical, curiosity, coolness, eco_friendly, mood"
ARC-1591,Budget Wellness Explorer,False,Value-Savvy Explorer,5,0.55,1,1,0,0,0,1,1,0,1,1,0,6,True,"cost, medical, curiosity, coolness, eco_friendly, trendsetter"
ARC-1597,Budget Wellness Explorer,False,Value-Savvy Explorer,5,0.55,1,1,0,0,0,1,1,1,1,0,0,6,True,"cost, medical, curiosity, coolness, seasonal, eco_friendly"
ARC-1622,Budget Wellness Mood Buyer,False,Value-Savvy Explorer,5,0.55,1,1,0,0,1,0,1,0,1,0,1,6,True,"cost, medical, design, coolness, eco_friendly, mood"
ARC-1623,Budget Wellness Follower,False,Value-Savvy Explorer,5,0.55,1,1,0,0,1,0,1,0,1,1,0,6,True,"cost, medical, design, coolness, eco_friendly, trendsetter"
ARC-1629,Budget Wellness Conscious Buyer,False,Value-Savvy Explorer,5,0.55,1,1,0,0,1,0,1,1,1,0,0,6,True,"cost, medical, design, coolness, seasonal, eco_friendly"
ARC-1638,Budget Wellness Explorer,False,Value-Savvy Explorer,5,0.55,1,1,0,0,1,1,0,0,1,0,1,6,True,"cost, medical, design, curiosity, eco_friendly, mood"
ARC-1639,Budget Wellness Explorer,False,Value-Savvy Explorer,5,0.55,1,1,0,0,1,1,0,0,1,1,0,6,True,"cost, medical, design, curiosity, eco_friendly, trendsetter"
ARC-1645,Budget Wellness Explorer,False,Value-Savvy Explorer,5,0.55,1,1,0,0,1,1,0,1,1,0,0,6,True,"cost, medical, design, curiosity, seasonal, eco_friendly"
ARC-1650,Budget Wellness Explorer,False,Value-Savvy Explorer,5,0.55,1,1,0,0,1,1,1,0,0,0,1,6,True,"cost, medical, design, curiosity, coolness, mood"
ARC-1651,Budget Wellness Explorer,False,Value-Savvy Explorer,5,0.55,1,1,0,0,1,1,1,0,0,1,0,6,True,"cost, medical, design, curiosity, coolness, trendsetter"
ARC-1657,Budget Wellness Explorer,False,Value-Savvy Explorer,5,0.55,1,1,0,0,1,1,1,1,0,0,0,6,True,"cost, medical, design, curiosity, coolness, seasonal"
ARC-1686,Budget Wellness Tracker,False,Value-Savvy Explorer,5,0.55,1,1,0,1,0,0,1,0,1,0,1,6,True,"cost, medical, nutrition, coolness, eco_friendly, mood"
ARC-1687,Budget Wellness Tracker,False,Value-Savvy Explorer,5,0.55,1,1,0,1,0,0,1,0,1,1,0,6,True,"cost, medical, nutrition, coolness, eco_friendly, trendsetter"
ARC-1693,Budget Wellness Tracker,False,Value-Savvy Explorer,5,0.55,1,1,0,1,0,0,1,1,1,0,0,6,True,"cost, medical, nutrition, coolness, seasonal, eco_friendly"
ARC-1702,Budget Wellness Tracker,False,Value-Savvy Explorer,5,0.55,1,1,0,1,0,1,0,0,1,0,1,6,True,"cost, medical, nutrition, curiosity, eco_friendly, mood"
ARC-1703,Budget Wellness Tracker,False,Value-Savvy Explorer,5,0.55,1,1,0,1,0,1,0,0,1,1,0,6,True,"cost, medical, nutrition, curiosity, eco_friendly, trendsetter"
ARC-1709,Budget Wellness Tracker,False,Value-Savvy Explorer,5,0.55,1,1,0,1,0,1,0,1,1,0,0,6,True,"cost, medical, nutrition, curiosity, seasonal, eco_friendly"
ARC-1714,Budget Wellness Tracker,False,Value-Savvy Explorer,5,0.55,1,1,0,1,0,1,1,0,0,0,1,6,True,"cost, medical, nutrition, curiosity, coolness, mood"
ARC-1715,Budget Wellness Tracker,False,Value-Savvy Explorer,5,0.55,1,1,0,1,0,1,1,0,0,1,0,6,True,"cost, medical, nutrition, curiosity, coolness, trendsetter"
ARC-1721,Budget Wellness Tracker,False,Value-Savvy Explorer,5,0.55,1,1,0,1,0,1,1,1,0,0,0,6,True,"cost, medical, nutrition, curiosity, coolness, seasonal"
ARC-1734,Budget Wellness Tracker,False,Value-Savvy Explorer,5,0.55,1,1,0,1,1,0,0,0,1,0,1,6,True,"cost, medical, nutrition, design, eco_friendly, mood"
ARC-1735,Budget Wellness Tracker,False,Value-Savvy Explorer,5,0.55,1,1,0,1,1,0,0,0,1,1,0,6,True,"cost, medical, nutrition, design, eco_friendly, trendsetter"
ARC-1741,Budget Wellness Tracker,False,Value-Savvy Explorer,5,0.55,1,1,0,1,1,0,0,1,1,0,0,6,True,"cost, medical, nutrition, design, seasonal, eco_friendly"
ARC-1746,Budget Wellness Tracker,False,Value-Savvy Explorer,5,0.55,1,1,0,1,1,0,1,0,0,0,1,6,True,"cost, medical, nutrition, design, coolness, mood"
ARC-1747,Budget Wellness Tracker,False,Value-Savvy Explorer,5,0.55,1,1,0,1,1,0,1,0,0,1,0,6,True,"cost, medical, nutrition, design, coolness, trendsetter"
ARC-1753,Budget Wellness Tracker,False,Value-Savvy Explorer,5,0.55,1,1,0,1,1,0,1,1,0,0,0,6,True,"cost, medical, nutrition, design, coolness, seasonal"
ARC-1762,Budget Wellness Tracker,False,Value-Savvy Explorer,5,0.55,1,1,0,1,1,1,0,0,0,0,1,6,True,"cost, medical, nutrition, design, curiosity, mood"
ARC-1763,Budget Wellness Tracker,False,Value-Savvy Explorer,5,0.55,1,1,0,1,1,1,0,0,0,1,0,6,True,"cost, medical, nutrition, design, curiosity, trendsetter"
ARC-1769,Budget Wellness Tracker,False,Value-Savvy Explorer,5,0.55,1,1,0,1,1,1,0,1,0,0,0,6,True,"cost, medical, nutrition, design, curiosity, seasonal"
ARC-1814,Budget Wellness Label Reader,False,Value-Savvy Explorer,5,0.55,1,1,1,0,0,0,1,0,1,0,1,6,True,"cost, medical, dietary, coolness, eco_friendly, mood"
ARC-1815,Budget Wellness Label Reader,False,Value-Savvy Explorer,5,0.55,1,1,1,0,0,0,1,0,1,1,0,6,True,"cost, medical, dietary, coolness, eco_friendly, trendsetter"
ARC-1821,Budget Wellness Label Reader,False,Value-Savvy Explorer,5,0.55,1,1,1,0,0,0,1,1,1,0,0,6,True,"cost, medical, dietary, coolness, seasonal, eco_friendly"
ARC-1830,Budget Wellness Label Reader,False,Value-Savvy Explorer,5,0.55,1,1,1,0,0,1,0,0,1,0,1,6,True,"cost, medical, dietary, curiosity, eco_friendly, mood"
ARC-1831,Budget Wellness Label Reader,False,Value-Savvy Explorer,5,0.55,1,1,1,0,0,1,0,0,1,1,0,6,True,"cost, medical, dietary, curiosity, eco_friendly, trendsetter"
ARC-1837,Budget Wellness Label Reader,False,Value-Savvy Explorer,5,0.55,1,1,1,0,0,1,0,1,1,0,0,6,True,"cost, medical, dietary, curiosity, seasonal, eco_friendly"
ARC-1842,Budget Wellness Label Reader,False,Value-Savvy Explorer,5,0.55,1,1,1,0,0,1,1,0,0,0,1,6,True,"cost, medical, dietary, curiosity, coolness, mood"
ARC-1843,Budget Wellness Label Reader,False,Value-Savvy Explorer,5,0.55,1,1,1,0,0,1,1,0,0,1,0,6,True,"cost, medical, dietary, curiosity, coolness, trendsetter"
ARC-1849,Budget Wellness Label Reader,False,Value-Savvy Explorer,5,0.55,1,1,1,0,0,1,1,1,0,0,0,6,True,"cost, medical, dietary, curiosity, coolness, seasonal"
ARC-1862,Budget Wellness Label Reader,False,Value-Savvy Explorer,5,0.55,1,1,1,0,1,0,0,0,1,0,1,6,True,"cost, medical, dietary, design, eco_friendly, mood"
ARC-1863,Budget Wellness Label Reader,False,Value-Savvy Explorer,5,0.55,1,1,1,0,1,0,0,0,1,1,0,6,True,"cost, medical, dietary, design, eco_friendly, trendsetter"
ARC-1869,Budget Wellness Label Reader,False,Value-Savvy Explorer,5,0.55,1,1,1,0,1,0,0,1,1,0,0,6,True,"cost, medical, dietary, design, seasonal, eco_friendly"
ARC-1874,Budget Wellness Label Reader,False,Value-Savvy Explorer,5,0.55,1,1,1,0,1,0,1,0,0,0,1,6,True,"cost, medical, dietary, design, coolness, mood"
ARC-1875,Budget Wellness Label Reader,False,Value-Savvy Explorer,5,0.55,1,1,1,0,1,0,1,0,0,1,0,6,True,"cost, medical, dietary, design, coolness, trendsetter"
ARC-1881,Budget Wellness Label Reader,False,Value-Savvy Explorer,5,0.55,1,1,1,0,1,0,1,1,0,0,0,6,True,"cost, medical, dietary, design, coolness, seasonal"
ARC-1890,Budget Wellness Label Reader,False,Value-Savvy Explorer,5,0.55,1,1,1,0,1,1,0,0,0,0,1,6,True,"cost, medical, dietary, design, curiosity, mood"
ARC-1891,Budget Wellness Label Reader,False,Value-Savvy Explorer,5,0.55,1,1,1,0,1,1,0,0,0,1,0,6,True,"cost, medical, dietary, design, curiosity, trendsetter"
ARC-1897,Budget Wellness Label Reader,False,Value-Savvy Explorer,5,0.55,1,1,1,0,1,1,0,1,0,0,0,6,True,"cost, medical, dietary, design, curiosity, seasonal"
ARC-1926,Budget Wellness Tracker,False,Value-Savvy Explorer,5,0.55,1,1,1,1,0,0,0,0,1,0,1,6,True,"cost, medical, dietary, nutrition, eco_friendly, mood"
ARC-1927,Budget Wellness Tracker,False,Value-Savvy Explorer,5,0.55,1,1,1,1,0,0,0,0,1,1,0,6,True,"cost, medical, dietary, nutrition, eco_friendly, trendsetter"
ARC-1933,Budget Wellness Tracker,False,Value-Savvy Explorer,5,0.55,1,1,1,1,0,0,0,1,1,0,0,6,True,"cost, medical, dietary, nutrition, seasonal, eco_friendly"
ARC-1938,Budget Wellness Tracker,False,Value-Savvy Explorer,5,0.55,1,1,1,1,0,0,1,0,0,0,1,6,True,"cost, medical, dietary, nutrition, coolness, mood"
ARC-1939,Budget Wellness Tracker,False,Value-Savvy Explorer,5,0.55,1,1,1,1,0,0,1,0,0,1,0,6,True,"cost, medical, dietary, nutrition, coolness, trendsetter"
ARC-1945,Budget Wellness Tracker,False,Value-Savvy Explorer,5,0.55,1,1,1,1,0,0,1,1,0,0,0,6,True,"cost, medical, dietary, nutrition, coolness, seasonal"
ARC-1954,Budget Wellness Tracker,False,Value-Savvy Explorer,5,0.55,1,1,1,1,0,1,0,0,0,0,1,6,True,"cost, medical, dietary, nutrition, curiosity, mood"
ARC-1955,Budget Wellness Tracker,False,Value-Savvy Explorer,5,0.55,1,1,1,1,0,1,0,0,0,1,0,6,True,"cost, medical, dietary, nutrition, curiosity, trendsetter"
ARC-1961,Budget Wellness Tracker,False,Value-Savvy Explorer,5,0.55,1,1,1,1,0,1,0,1,0,0,0,6,True,"cost, medical, dietary, nutrition, curiosity, seasonal"
ARC-1986,Budget Wellness Tracker,False,Value-Savvy Explorer,5,0.55,1,1,1,1,1,0,0,0,0,0,1,6,True,"cost, medical, dietary, nutrition, design, mood"
ARC-1987,Budget Wellness Tracker,False,Value-Savvy Explorer,5,0.55,1,1,1,1,1,0,0,0,0,1,0,6,True,"cost, medical, dietary, nutrition, design, trendsetter"
ARC-1993,Budget Wellness Tracker,False,Value-Savvy Explorer,5,0.55,1,1,1,1,1,0,0,1,0,0,0,6,True,"cost, medical, dietary, nutrition, design, seasonal"
ARC-0054,Premium Explorer Mood Buyer,False,Value-Savvy Explorer,5,0.55,0,0,0,0,0,1,1,0,1,0,1,4,False,"curiosity, coolness, eco_friendly, mood"
ARC-0055,Premium Explorer Follower,False,Value-Savvy Explorer,5,0.55,0,0,0,0,0,1,1,0,1,1,0,4,False,"curiosity, coolness, eco_friendly, trendsetter"
ARC-0061,Premium Explorer Conscious Buyer,False,Value-Savvy Explorer,5,0.55,0,0,0,0,0,1,1,1,1,0,0,4,False,"curiosity, coolness, seasonal, eco_friendly"
ARC-0086,Premium Mood Conscious Buyer,False,Value-Savvy Explorer,5,0.55,0,0,0,0,1,0,1,0,1,0,1,4,False,"design, coolness, eco_friendly, mood"
ARC-0087,Premium Trend Conscious Buyer,False,Value-Savvy Explorer,5,0.55,0,0,0,0,1,0,1,0,1,1,0,4,False,"design, coolness, eco_friendly, trendsetter"
ARC-0093,Premium Eco Occasion Buyer,False,Value-Savvy Explorer,5,0.55,0,0,0,0,1,0,1,1,1,0,0,4,False,"design, coolness, seasonal, eco_friendly"
ARC-0102,Premium Explorer Mood Buyer,False,Value-Savvy Explorer,5,0.55,0,0,0,0,1,1,0,0,1,0,1,4,False,"design, curiosity, eco_friendly, mood"
ARC-0103,Premium Explorer Follower,False,Value-Savvy Explorer,5,0.55,0,0,0,0,1,1,0,0,1,1,0,4,False,"design, curiosity, eco_friendly, trendsetter"
ARC-0109,Premium Explorer Conscious Buyer,False,Value-Savvy Explorer,5,0.55,0,0,0,0,1,1,0,1,1,0,0,4,False,"design, curiosity, seasonal, eco_friendly"
ARC-0114,Premium Explorer Mood Buyer,False,Value-Savvy Explorer,5,0.55,0,0,0,0,1,1,1,0,0,0,1,4,False,"design, curiosity, coolness, mood"
ARC-0115,Premium Explorer Follower,False,Value-Savvy Explorer,5,0.55,0,0,0,0,1,1,1,0,0,1,0,4,False,"design, curiosity, coolness, trendsetter"
ARC-0121,Premium Explorer Occasion Buyer,False,Value-Savvy Explorer,5,0.55,0,0,0,0,1,1,1,1,0,0,0,4,False,"design, curiosity, coolness, seasonal"
ARC-0150,Premium Nutrition Mood Buyer,False,Value-Savvy Explorer,5,0.55,0,0,0,1,0,0,1,0,1,0,1,4,False,"nutrition, coolness, eco_friendly, mood"
ARC-0151,Premium Nutrition Follower,False,Value-Savvy Explorer,5,0.55,0,0,0,1,0,0,1,0,1,1,0,4,False,"nutrition, coolness, eco_friendly, trendsetter"
ARC-0157,Premium Nutrition Conscious Buyer,False,Value-Savvy Explorer,5,0.55,0,0,0,1,0,0,1,1,1,0,0,4,False,"nutrition, coolness, seasonal, eco_friendly"
ARC-0166,Premium Nutrition Explorer,False,Value-Savvy Explorer,5,0.55,0,0,0,1,0,1,0,0,1,0,1,4,False,"nutrition, curiosity, eco_friendly, mood"
ARC-0167,Premium Nutrition Explorer,False,Value-Savvy Explorer,5,0.55,0,0,0,1,0,1,0,0,1,1,0,4,False,"nutrition, curiosity, eco_friendly, trendsetter"
ARC-0173,Premium Nutrition Explorer,False,Value-Savvy Explorer,5,0.55,0,0,0,1,0,1,0,1,1,0,0,4,False,"nutrition, curiosity, seasonal, eco_friendly"
ARC-0178,Premium Nutrition Explorer,False,Value-Savvy Explorer,5,0.55,0,0,0,1,0,1,1,0,0,0,1,4,False,"nutrition, curiosity, coolness, mood"
ARC-0179,Premium Nutrition Explorer,False,Value-Savvy Explorer,5,0.55,0,0,0,1,0,1,1,0,0,1,0,4,False,"nutrition, curiosity, coolness, trendsetter"
ARC-0185,Premium Nutrition Explorer,False,Value-Savvy Explorer,5,0.55,0,0,0,1,0,1,1,1,0,0,0,4,False,"nutrition, curiosity, coolness, seasonal"
ARC-0198,Premium Nutrition Mood Buyer,False,Value-Savvy Explorer,5,0.55,0,0,0,1,1,0,0,0,1,0,1,4,False,"nutrition, design, eco_friendly, mood"
ARC-0199,Premium Nutrition Follower,False,Value-Savvy Explorer,5,0.55,0,0,0,1,1,0,0,0,1,1,0,4,False,"nutrition, design, eco_friendly, trendsetter"
ARC-0205,Premium Nutrition Conscious Buyer,False,Value-Savvy Explorer,5,0.55,0,0,0,1,1,0,0,1,1,0,0,4,False,"nutrition, design, seasonal, eco_friendly"
ARC-0210,Premium Nutrition Mood Buyer,False,Value-Savvy Explorer,5,0.55,0,0,0,1,1,0,1,0,0,0,1,4,False,"nutrition, design, coolness, mood"
ARC-0211,Premium Nutrition Follower,False,Value-Savvy Explorer,5,0.55,0,0,0,1,1,0,1,0,0,1,0,4,False,"nutrition, design, coolness, trendsetter"
ARC-0217,Premium Nutrition Occasion Buyer,False,Value-Savvy Explorer,5,0.55,0,0,0,1,1,0,1,1,0,0,0,4,False,"nutrition, design, coolness, seasonal"
ARC-0226,Premium Nutrition Explorer,False,Value-Savvy Explorer,5,0.55,0,0,0,1,1,1,0,0,0,0,1,4,False,"nutrition, design, curiosity, mood"
ARC-0227,Premium Nutrition Explorer,False,Value-Savvy Explorer,5,0.55,0,0,0,1,1,1,0,0,0,1,0,4,False,"nutrition, design, curiosity, trendsetter"
ARC-0233,Premium Nutrition Explorer,False,Value-Savvy Explorer,5,0.55,0,0,0,1,1,1,0,1,0,0,0,4,False,"nutrition, design, curiosity, seasonal"
ARC-0278,Premium Diet-Led Mood Buyer,False,Value-Savvy Explorer,5,0.55,0,0,1,0,0,0,1,0,1,0,1,4,False,"dietary, coolness, eco_friendly, mood"
ARC-0279,Premium Diet-Led Follower,False,Value-Savvy Explorer,5,0.55,0,0,1,0,0,0,1,0,1,1,0,4,False,"dietary, coolness, eco_friendly, trendsetter"
ARC-0285,Premium Diet-Led Conscious Buyer,False,Value-Savvy Explorer,5,0.55,0,0,1,0,0,0,1,1,1,0,0,4,False,"dietary, coolness, seasonal, eco_friendly"
ARC-0294,Premium Diet-Led Explorer,False,Value-Savvy Explorer,5,0.55,0,0,1,0,0,1,0,0,1,0,1,4,False,"dietary, curiosity, eco_friendly, mood"
ARC-0295,Premium Diet-Led Explorer,False,Value-Savvy Explorer,5,0.55,0,0,1,0,0,1,0,0,1,1,0,4,False,"dietary, curiosity, eco_friendly, trendsetter"
ARC-0301,Premium Diet-Led Explorer,False,Value-Savvy Explorer,5,0.55,0,0,1,0,0,1,0,1,1,0,0,4,False,"dietary, curiosity, seasonal, eco_friendly"
ARC-0306,Premium Diet-Led Explorer,False,Value-Savvy Explorer,5,0.55,0,0,1,0,0,1,1,0,0,0,1,4,False,"dietary, curiosity, coolness, mood"
ARC-0307,Premium Diet-Led Explorer,False,Value-Savvy Explorer,5,0.55,0,0,1,0,0,1,1,0,0,1,0,4,False,"dietary, curiosity, coolness, trendsetter"
ARC-0313,Premium Diet-Led Explorer,False,Value-Savvy Explorer,5,0.55,0,0,1,0,0,1,1,1,0,0,0,4,False,"dietary, curiosity, coolness, seasonal"
ARC-0326,Premium Diet-Led Mood Buyer,False,Value-Savvy Explorer,5,0.55,0,0,1,0,1,0,0,0,1,0,1,4,False,"dietary, design, eco_friendly, mood"
ARC-0327,Premium Diet-Led Follower,False,Value-Savvy Explorer,5,0.55,0,0,1,0,1,0,0,0,1,1,0,4,False,"dietary, design, eco_friendly, trendsetter"
ARC-0333,Premium Diet-Led Conscious Buyer,False,Value-Savvy Explorer,5,0.55,0,0,1,0,1,0,0,1,1,0,0,4,False,"dietary, design, seasonal, eco_friendly"
ARC-0338,Premium Diet-Led Mood Buyer,False,Value-Savvy Explorer,5,0.55,0,0,1,0,1,0,1,0,0,0,1,4,False,"dietary, design, coolness, mood"
ARC-0339,Premium Diet-Led Follower,False,Value-Savvy Explorer,5,0.55,0,0,1,0,1,0,1,0,0,1,0,4,False,"dietary, design, coolness, trendsetter"
ARC-0345,Premium Diet-Led Occasion Buyer,False,Value-Savvy Explorer,5,0.55,0,0,1,0,1,0,1,1,0,0,0,4,False,"dietary, design, coolness, seasonal"
ARC-0354,Premium Diet-Led Explorer,False,Value-Savvy Explorer,5,0.55,0,0,1,0,1,1,0,0,0,0,1,4,False,"dietary, design, curiosity, mood"
ARC-0355,Premium Diet-Led Explorer,False,Value-Savvy Explorer,5,0.55,0,0,1,0,1,1,0,0,0,1,0,4,False,"dietary, design, curiosity, trendsetter"
ARC-0361,Premium Diet-Led Explorer,False,Value-Savvy Explorer,5,0.55,0,0,1,0,1,1,0,1,0,0,0,4,False,"dietary, design, curiosity, seasonal"
ARC-0390,Premium Nutrition Label Reader,False,Value-Savvy Explorer,5,0.55,0,0,1,1,0,0,0,0,1,0,1,4,False,"dietary, nutrition, eco_friendly, mood"
ARC-0391,Premium Nutrition Label Reader,False,Value-Savvy Explorer,5,0.55,0,0,1,1,0,0,0,0,1,1,0,4,False,"dietary, nutrition, eco_friendly, trendsetter"
ARC-0397,Premium Nutrition Label Reader,False,Value-Savvy Explorer,5,0.55,0,0,1,1,0,0,0,1,1,0,0,4,False,"dietary, nutrition, seasonal, eco_friendly"
ARC-0402,Premium Nutrition Label Reader,False,Value-Savvy Explorer,5,0.55,0,0,1,1,0,0,1,0,0,0,1,4,False,"dietary, nutrition, coolness, mood"
ARC-0403,Premium Nutrition Label Reader,False,Value-Savvy Explorer,5,0.55,0,0,1,1,0,0,1,0,0,1,0,4,False,"dietary, nutrition, coolness, trendsetter"
ARC-0409,Premium Nutrition Label Reader,False,Value-Savvy Explorer,5,0.55,0,0,1,1,0,0,1,1,0,0,0,4,False,"dietary, nutrition, coolness, seasonal"
ARC-0418,Premium Nutrition Label Reader,False,Value-Savvy Explorer,5,0.55,0,0,1,1,0,1,0,0,0,0,1,4,False,"dietary, nutrition, curiosity, mood"
ARC-0419,Premium Nutrition Label Reader,False,Value-Savvy Explorer,5,0.55,0,0,1,1,0,1,0,0,0,1,0,4,False,"dietary, nutrition, curiosity, trendsetter"
ARC-0425,Premium Nutrition Label Reader,False,Value-Savvy Explorer,5,0.55,0,0,1,1,0,1,0,1,0,0,0,4,False,"dietary, nutrition, curiosity, seasonal"
ARC-0450,Premium Nutrition Label Reader,False,Value-Savvy Explorer,5,0.55,0,0,1,1,1,0,0,0,0,0,1,4,False,"dietary, nutrition, design, mood"
ARC-0451,Premium Nutrition Label Reader,False,Value-Savvy Explorer,5,0.55,0,0,1,1,1,0,0,0,0,1,0,4,False,"dietary, nutrition, design, trendsetter"
ARC-0457,Premium Nutrition Label Reader,False,Value-Savvy Explorer,5,0.55,0,0,1,1,1,0,0,1,0,0,0,4,False,"dietary, nutrition, design, seasonal"
ARC-0565,Premium Wellness Explorer,False,Value-Savvy Explorer,5,0.55,0,1,0,0,0,1,1,0,1,0,0,4,False,"medical, curiosity, coolness, eco_friendly"
ARC-0597,Premium Wellness Conscious Buyer,False,Value-Savvy Explorer,5,0.55,0,1,0,0,1,0,1,0,1,0,0,4,False,"medical, design, coolness, eco_friendly"
ARC-0613,Premium Wellness Explorer,False,Value-Savvy Explorer,5,0.55,0,1,0,0,1,1,0,0,1,0,0,4,False,"medical, design, curiosity, eco_friendly"
ARC-0625,Premium Wellness Explorer,False,Value-Savvy Explorer,5,0.55,0,1,0,0,1,1,1,0,0,0,0,4,False,"medical, design, curiosity, coolness"
ARC-0661,Premium Wellness Tracker,False,Value-Savvy Explorer,5,0.55,0,1,0,1,0,0,1,0,1,0,0,4,False,"medical, nutrition, coolness, eco_friendly"
ARC-0677,Premium Wellness Tracker,False,Value-Savvy Explorer,5,0.55,0,1,0,1,0,1,0,0,1,0,0,4,False,"medical, nutrition, curiosity, eco_friendly"
ARC-0689,Premium Wellness Tracker,False,Value-Savvy Explorer,5,0.55,0,1,0,1,0,1,1,0,0,0,0,4,False,"medical, nutrition, curiosity, coolness"
ARC-0709,Premium Wellness Tracker,False,Value-Savvy Explorer,5,0.55,0,1,0,1,1,0,0,0,1,0,0,4,False,"medical, nutrition, design, eco_friendly"
ARC-0721,Premium Wellness Tracker,False,Value-Savvy Explorer,5,0.55,0,1,0,1,1,0,1,0,0,0,0,4,False,"medical, nutrition, design, coolness"
ARC-0737,Premium Wellness Tracker,False,Value-Savvy Explorer,5,0.55,0,1,0,1,1,1,0,0,0,0,0,4,False,"medical, nutrition, design, curiosity"
ARC-0789,Premium Wellness Label Reader,False,Value-Savvy Explorer,5,0.55,0,1,1,0,0,0,1,0,1,0,0,4,False,"medical, dietary, coolness, eco_friendly"
ARC-0805,Premium Wellness Label Reader,False,Value-Savvy Explorer,5,0.55,0,1,1,0,0,1,0,0,1,0,0,4,False,"medical, dietary, curiosity, eco_friendly"
ARC-0817,Premium Wellness Label Reader,False,Value-Savvy Explorer,5,0.55,0,1,1,0,0,1,1,0,0,0,0,4,False,"medical, dietary, curiosity, coolness"
ARC-0837,Premium Wellness Label Reader,False,Value-Savvy Explorer,5,0.55,0,1,1,0,1,0,0,0,1,0,0,4,False,"medical, dietary, design, eco_friendly"
ARC-0849,Premium Wellness Label Reader,False,Value-Savvy Explorer,5,0.55,0,1,1,0,1,0,1,0,0,0,0,4,False,"medical, dietary, design, coolness"
ARC-0865,Premium Wellness Label Reader,False,Value-Savvy Explorer,5,0.55,0,1,1,0,1,1,0,0,0,0,0,4,False,"medical, dietary, design, curiosity"
ARC-0901,Premium Wellness Tracker,False,Value-Savvy Explorer,5,0.55,0,1,1,1,0,0,0,0,1,0,0,4,False,"medical, dietary, nutrition, eco_friendly"
ARC-0913,Premium Wellness Tracker,False,Value-Savvy Explorer,5,0.55,0,1,1,1,0,0,1,0,0,0,0,4,False,"medical, dietary, nutrition, coolness"
ARC-0929,Premium Wellness Tracker,False,Value-Savvy Explorer,5,0.55,0,1,1,1,0,1,0,0,0,0,0,4,False,"medical, dietary, nutrition, curiosity"
ARC-0961,Premium Wellness Tracker,False,Value-Savvy Explorer,5,0.55,0,1,1,1,1,0,0,0,0,0,0,4,False,"medical, dietary, nutrition, design"
ARC-1074,Budget Explorer Mood Buyer,False,Value-Savvy Explorer,5,0.55,1,0,0,0,0,1,1,0,0,0,1,4,True,"cost, curiosity, coolness, mood"
ARC-1075,Budget Explorer Follower,False,Value-Savvy Explorer,5,0.55,1,0,0,0,0,1,1,0,0,1,0,4,True,"cost, curiosity, coolness, trendsetter"
ARC-1081,Budget Explorer Occasion Buyer,False,Value-Savvy Explorer,5,0.55,1,0,0,0,0,1,1,1,0,0,0,4,True,"cost, curiosity, coolness, seasonal"
ARC-1106,Budget Mood Image Buyer,False,Value-Savvy Explorer,5,0.55,1,0,0,0,1,0,1,0,0,0,1,4,True,"cost, design, coolness, mood"
ARC-1107,Budget Trend Image Buyer,False,Value-Savvy Explorer,5,0.55,1,0,0,0,1,0,1,0,0,1,0,4,True,"cost, design, coolness, trendsetter"
ARC-1113,Budget Seasonal Image Buyer,False,Value-Savvy Explorer,5,0.55,1,0,0,0,1,0,1,1,0,0,0,4,True,"cost, design, coolness, seasonal"
ARC-1122,Budget Explorer Mood Buyer,False,Value-Savvy Explorer,5,0.55,1,0,0,0,1,1,0,0,0,0,1,4,True,"cost, design, curiosity, mood"
ARC-1123,Budget Explorer Follower,False,Value-Savvy Explorer,5,0.55,1,0,0,0,1,1,0,0,0,1,0,4,True,"cost, design, curiosity, trendsetter"
ARC-1129,Budget Explorer Occasion Buyer,False,Value-Savvy Explorer,5,0.55,1,0,0,0,1,1,0,1,0,0,0,4,True,"cost, design, curiosity, seasonal"
ARC-1170,Budget Nutrition Mood Buyer,False,Value-Savvy Explorer,5,0.55,1,0,0,1,0,0,1,0,0,0,1,4,True,"cost, nutrition, coolness, mood"
ARC-1171,Budget Nutrition Follower,False,Value-Savvy Explorer,5,0.55,1,0,0,1,0,0,1,0,0,1,0,4,True,"cost, nutrition, coolness, trendsetter"
ARC-1177,Budget Nutrition Occasion Buyer,False,Value-Savvy Explorer,5,0.55,1,0,0,1,0,0,1,1,0,0,0,4,True,"cost, nutrition, coolness, seasonal"
ARC-1186,Budget Nutrition Explorer,False,Value-Savvy Explorer,5,0.55,1,0,0,1,0,1,0,0,0,0,1,4,True,"cost, nutrition, curiosity, mood"
ARC-1187,Budget Nutrition Explorer,False,Value-Savvy Explorer,5,0.55,1,0,0,1,0,1,0,0,0,1,0,4,True,"cost, nutrition, curiosity, trendsetter"
ARC-1193,Budget Nutrition Explorer,False,Value-Savvy Explorer,5,0.55,1,0,0,1,0,1,0,1,0,0,0,4,True,"cost, nutrition, curiosity, seasonal"
ARC-1218,Budget Nutrition Mood Buyer,False,Value-Savvy Explorer,5,0.55,1,0,0,1,1,0,0,0,0,0,1,4,True,"cost, nutrition, design, mood"
ARC-1219,Budget Nutrition Follower,False,Value-Savvy Explorer,5,0.55,1,0,0,1,1,0,0,0,0,1,0,4,True,"cost, nutrition, design, trendsetter"
ARC-1225,Budget Nutrition Occasion Buyer,False,Value-Savvy Explorer,5,0.55,1,0,0,1,1,0,0,1,0,0,0,4,True,"cost, nutrition, design, seasonal"
ARC-1298,Budget Diet-Led Mood Buyer,False,Value-Savvy Explorer,5,0.55,1,0,1,0,0,0,1,0,0,0,1,4,True,"cost, dietary, coolness, mood"
ARC-1299,Budget Diet-Led Follower,False,Value-Savvy Explorer,5,0.55,1,0,1,0,0,0,1,0,0,1,0,4,True,"cost, dietary, coolness, trendsetter"
ARC-1305,Budget Diet-Led Occasion Buyer,False,Value-Savvy Explorer,5,0.55,1,0,1,0,0,0,1,1,0,0,0,4,True,"cost, dietary, coolness, seasonal"
ARC-1314,Budget Diet-Led Explorer,False,Value-Savvy Explorer,5,0.55,1,0,1,0,0,1,0,0,0,0,1,4,True,"cost, dietary, curiosity, mood"
ARC-1315,Budget Diet-Led Explorer,False,Value-Savvy Explorer,5,0.55,1,0,1,0,0,1,0,0,0,1,0,4,True,"cost, dietary, curiosity, trendsetter"
ARC-1321,Budget Diet-Led Explorer,False,Value-Savvy Explorer,5,0.55,1,0,1,0,0,1,0,1,0,0,0,4,True,"cost, dietary, curiosity, seasonal"
ARC-1346,Budget Diet-Led Mood Buyer,False,Value-Savvy Explorer,5,0.55,1,0,1,0,1,0,0,0,0,0,1,4,True,"cost, dietary, design, mood"
ARC-1347,Budget Diet-Led Follower,False,Value-Savvy Explorer,5,0.55,1,0,1,0,1,0,0,0,0,1,0,4,True,"cost, dietary, design, trendsetter"
ARC-1353,Budget Diet-Led Occasion Buyer,False,Value-Savvy Explorer,5,0.55,1,0,1,0,1,0,0,1,0,0,0,4,True,"cost, dietary, design, seasonal"
ARC-1410,Budget Nutrition Label Reader,False,Value-Savvy Explorer,5,0.55,1,0,1,1,0,0,0,0,0,0,1,4,True,"cost, dietary, nutrition, mood"
ARC-1411,Budget Nutrition Label Reader,False,Value-Savvy Explorer,5,0.55,1,0,1,1,0,0,0,0,0,1,0,4,True,"cost, dietary, nutrition, trendsetter"
ARC-1417,Budget Nutrition Label Reader,False,Value-Savvy Explorer,5,0.55,1,0,1,1,0,0,0,1,0,0,0,4,True,"cost, dietary, nutrition, seasonal"
ARC-1557,Budget Wellness Conscious Buyer,False,Value-Savvy Explorer,5,0.55,1,1,0,0,0,0,1,0,1,0,0,4,True,"cost, medical, coolness, eco_friendly"
ARC-1573,Budget Wellness Explorer,False,Value-Savvy Explorer,5,0.55,1,1,0,0,0,1,0,0,1,0,0,4,True,"cost, medical, curiosity, eco_friendly"
ARC-1585,Budget Wellness Explorer,False,Value-Savvy Explorer,5,0.55,1,1,0,0,0,1,1,0,0,0,0,4,True,"cost, medical, curiosity, coolness"
ARC-1605,Budget Wellness Conscious Buyer,False,Value-Savvy Explorer,5,0.55,1,1,0,0,1,0,0,0,1,0,0,4,True,"cost, medical, design, eco_friendly"
ARC-1617,Budget Wellness Image Buyer,False,Value-Savvy Explorer,5,0.55,1,1,0,0,1,0,1,0,0,0,0,4,True,"cost, medical, design, coolness"
ARC-1633,Budget Wellness Explorer,False,Value-Savvy Explorer,5,0.55,1,1,0,0,1,1,0,0,0,0,0,4,True,"cost, medical, design, curiosity"
ARC-1669,Budget Wellness Tracker,False,Value-Savvy Explorer,5,0.55,1,1,0,1,0,0,0,0,1,0,0,4,True,"cost, medical, nutrition, eco_friendly"
ARC-1681,Budget Wellness Tracker,False,Value-Savvy Explorer,5,0.55,1,1,0,1,0,0,1,0,0,0,0,4,True,"cost, medical, nutrition, coolness"
ARC-1697,Budget Wellness Tracker,False,Value-Savvy Explorer,5,0.55,1,1,0,1,0,1,0,0,0,0,0,4,True,"cost, medical, nutrition, curiosity"
ARC-1729,Budget Wellness Tracker,False,Value-Savvy Explorer,5,0.55,1,1,0,1,1,0,0,0,0,0,0,4,True,"cost, medical, nutrition, design"
ARC-1797,Budget Wellness Label Reader,False,Value-Savvy Explorer,5,0.55,1,1,1,0,0,0,0,0,1,0,0,4,True,"cost, medical, dietary, eco_friendly"
ARC-1809,Budget Wellness Label Reader,False,Value-Savvy Explorer,5,0.55,1,1,1,0,0,0,1,0,0,0,0,4,True,"cost, medical, dietary, coolness"
ARC-1825,Budget Wellness Label Reader,False,Value-Savvy Explorer,5,0.55,1,1,1,0,0,1,0,0,0,0,0,4,True,"cost, medical, dietary, curiosity"
ARC-1857,Budget Wellness Label Reader,False,Value-Savvy Explorer,5,0.55,1,1,1,0,1,0,0,0,0,0,0,4,True,"cost, medical, dietary, design"
ARC-1921,Budget Wellness Tracker,False,Value-Savvy Explorer,5,0.55,1,1,1,1,0,0,0,0,0,0,0,4,True,"cost, medical, dietary, nutrition"
ARC-0021,Premium Eco Image Buyer,False,Value-Savvy Explorer,5,0.55,0,0,0,0,0,0,1,0,1,0,0,2,False,"coolness, eco_friendly"
ARC-0037,Premium Explorer Conscious Buyer,False,Value-Savvy Explorer,5,0.55,0,0,0,0,0,1,0,0,1,0,0,2,False,"curiosity, eco_friendly"
ARC-0049,Premium Explorer Image Buyer,False,Value-Savvy Explorer,5,0.55,0,0,0,0,0,1,1,0,0,0,0,2,False,"curiosity, coolness"
ARC-0069,Premium Eco Design Buyer,False,Value-Savvy Explorer,5,0.55,0,0,0,0,1,0,0,0,1,0,0,2,False,"design, eco_friendly"
ARC-0081,Premium Cool-Seeker Design Buyer,False,Value-Savvy Explorer,5,0.55,0,0,0,0,1,0,1,0,0,0,0,2,False,"design, coolness"
ARC-0097,Premium Explorer Design Buyer,False,Value-Savvy Explorer,5,0.55,0,0,0,0,1,1,0,0,0,0,0,2,False,"design, curiosity"
ARC-0133,Premium Nutrition Conscious Buyer,False,Value-Savvy Explorer,5,0.55,0,0,0,1,0,0,0,0,1,0,0,2,False,"nutrition, eco_friendly"
ARC-0145,Premium Nutrition Image Buyer,False,Value-Savvy Explorer,5,0.55,0,0,0,1,0,0,1,0,0,0,0,2,False,"nutrition, coolness"
ARC-0161,Premium Nutrition Explorer,False,Value-Savvy Explorer,5,0.55,0,0,0,1,0,1,0,0,0,0,0,2,False,"nutrition, curiosity"
ARC-0193,Premium Nutrition Design Buyer,False,Value-Savvy Explorer,5,0.55,0,0,0,1,1,0,0,0,0,0,0,2,False,"nutrition, design"
ARC-0261,Premium Diet-Led Conscious Buyer,False,Value-Savvy Explorer,5,0.55,0,0,1,0,0,0,0,0,1,0,0,2,False,"dietary, eco_friendly"
ARC-0273,Premium Diet-Led Image Buyer,False,Value-Savvy Explorer,5,0.55,0,0,1,0,0,0,1,0,0,0,0,2,False,"dietary, coolness"
ARC-0289,Premium Diet-Led Explorer,False,Value-Savvy Explorer,5,0.55,0,0,1,0,0,1,0,0,0,0,0,2,False,"dietary, curiosity"
ARC-0321,Premium Diet-Led Design Buyer,False,Value-Savvy Explorer,5,0.55,0,0,1,0,1,0,0,0,0,0,0,2,False,"dietary, design"
ARC-0385,Premium Nutrition Label Reader,False,Value-Savvy Explorer,5,0.55,0,0,1,1,0,0,0,0,0,0,0,2,False,"dietary, nutrition"
ARC-1041,Budget Image Buyer,False,Value-Savvy Explorer,5,0.55,1,0,0,0,0,0,1,0,0,0,0,2,True,"cost, coolness"
ARC-1057,Budget Explorer,False,Value-Savvy Explorer,5,0.55,1,0,0,0,0,1,0,0,0,0,0,2,True,"cost, curiosity"
ARC-1089,Budget Design Buyer,False,Value-Savvy Explorer,5,0.55,1,0,0,0,1,0,0,0,0,0,0,2,True,"cost, design"
ARC-1153,Budget Tracker,False,Value-Savvy Explorer,5,0.55,1,0,0,1,0,0,0,0,0,0,0,2,True,"cost, nutrition"
ARC-1281,Budget Label Reader,False,Value-Savvy Explorer,5,0.55,1,0,1,0,0,0,0,0,0,0,0,2,True,"cost, dietary"
ARC-1586,Budget Wellness Explorer,False,Value-Savvy Explorer,6,0.45,1,1,0,0,0,1,1,0,0,0,1,5,True,"cost, medical, curiosity, coolness, mood"
ARC-1587,Budget Wellness Explorer,False,Value-Savvy Explorer,6,0.45,1,1,0,0,0,1,1,0,0,1,0,5,True,"cost, medical, curiosity, coolness, trendsetter"
ARC-1593,Budget Wellness Explorer,False,Value-Savvy Explorer,6,0.45,1,1,0,0,0,1,1,1,0,0,0,5,True,"cost, medical, curiosity, coolness, seasonal"
ARC-1618,Budget Wellness Mood Buyer,False,Value-Savvy Explorer,6,0.45,1,1,0,0,1,0,1,0,0,0,1,5,True,"cost, medical, design, coolness, mood"
ARC-1619,Budget Wellness Follower,False,Value-Savvy Explorer,6,0.45,1,1,0,0,1,0,1,0,0,1,0,5,True,"cost, medical, design, coolness, trendsetter"
ARC-1625,Budget Wellness Occasion Buyer,False,Value-Savvy Explorer,6,0.45,1,1,0,0,1,0,1,1,0,0,0,5,True,"cost, medical, design, coolness, seasonal"
ARC-1634,Budget Wellness Explorer,False,Value-Savvy Explorer,6,0.45,1,1,0,0,1,1,0,0,0,0,1,5,True,"cost, medical, design, curiosity, mood"
ARC-1635,Budget Wellness Explorer,False,Value-Savvy Explorer,6,0.45,1,1,0,0,1,1,0,0,0,1,0,5,True,"cost, medical, design, curiosity, trendsetter"
ARC-1641,Budget Wellness Explorer,False,Value-Savvy Explorer,6,0.45,1,1,0,0,1,1,0,1,0,0,0,5,True,"cost, medical, design, curiosity, seasonal"
ARC-1682,Budget Wellness Tracker,False,Value-Savvy Explorer,6,0.45,1,1,0,1,0,0,1,0,0,0,1,5,True,"cost, medical, nutrition, coolness, mood"
ARC-1683,Budget Wellness Tracker,False,Value-Savvy Explorer,6,0.45,1,1,0,1,0,0,1,0,0,1,0,5,True,"cost, medical, nutrition, coolness, trendsetter"
ARC-1689,Budget Wellness Tracker,False,Value-Savvy Explorer,6,0.45,1,1,0,1,0,0,1,1,0,0,0,5,True,"cost, medical, nutrition, coolness, seasonal"
ARC-1698,Budget Wellness Tracker,False,Value-Savvy Explorer,6,0.45,1,1,0,1,0,1,0,0,0,0,1,5,True,"cost, medical, nutrition, curiosity, mood"
ARC-1699,Budget Wellness Tracker,False,Value-Savvy Explorer,6,0.45,1,1,0,1,0,1,0,0,0,1,0,5,True,"cost, medical, nutrition, curiosity, trendsetter"
ARC-1705,Budget Wellness Tracker,False,Value-Savvy Explorer,6,0.45,1,1,0,1,0,1,0,1,0,0,0,5,True,"cost, medical, nutrition, curiosity, seasonal"
ARC-1730,Budget Wellness Tracker,False,Value-Savvy Explorer,6,0.45,1,1,0,1,1,0,0,0,0,0,1,5,True,"cost, medical, nutrition, design, mood"
ARC-1731,Budget Wellness Tracker,False,Value-Savvy Explorer,6,0.45,1,1,0,1,1,0,0,0,0,1,0,5,True,"cost, medical, nutrition, design, trendsetter"
ARC-1737,Budget Wellness Tracker,False,Value-Savvy Explorer,6,0.45,1,1,0,1,1,0,0,1,0,0,0,5,True,"cost, medical, nutrition, design, seasonal"
ARC-1810,Budget Wellness Label Reader,False,Value-Savvy Explorer,6,0.45,1,1,1,0,0,0,1,0,0,0,1,5,True,"cost, medical, dietary, coolness, mood"
ARC-1811,Budget Wellness Label Reader,False,Value-Savvy Explorer,6,0.45,1,1,1,0,0,0,1,0,0,1,0,5,True,"cost, medical, dietary, coolness, trendsetter"
ARC-1817,Budget Wellness Label Reader,False,Value-Savvy Explorer,6,0.45,1,1,1,0,0,0,1,1,0,0,0,5,True,"cost, medical, dietary, coolness, seasonal"
ARC-1826,Budget Wellness Label Reader,False,Value-Savvy Explorer,6,0.45,1,1,1,0,0,1,0,0,0,0,1,5,True,"cost, medical, dietary, curiosity, mood"
ARC-1827,Budget Wellness Label Reader,False,Value-Savvy Explorer,6,0.45,1,1,1,0,0,1,0,0,0,1,0,5,True,"cost, medical, dietary, curiosity, trendsetter"
ARC-1833,Budget Wellness Label Reader,False,Value-Savvy Explorer,6,0.45,1,1,1,0,0,1,0,1,0,0,0,5,True,"cost, medical, dietary, curiosity, seasonal"
ARC-1858,Budget Wellness Label Reader,False,Value-Savvy Explorer,6,0.45,1,1,1,0,1,0,0,0,0,0,1,5,True,"cost, medical, dietary, design, mood"
ARC-1859,Budget Wellness Label Reader,False,Value-Savvy Explorer,6,0.45,1,1,1,0,1,0,0,0,0,1,0,5,True,"cost, medical, dietary, design, trendsetter"
ARC-1865,Budget Wellness Label Reader,False,Value-Savvy Explorer,6,0.45,1,1,1,0,1,0,0,1,0,0,0,5,True,"cost, medical, dietary, design, seasonal"
ARC-1922,Budget Wellness Tracker,False,Value-Savvy Explorer,6,0.45,1,1,1,1,0,0,0,0,0,0,1,5,True,"cost, medical, dietary, nutrition, mood"
ARC-1923,Budget Wellness Tracker,False,Value-Savvy Explorer,6,0.45,1,1,1,1,0,0,0,0,0,1,0,5,True,"cost, medical, dietary, nutrition, trendsetter"
ARC-1929,Budget Wellness Tracker,False,Value-Savvy Explorer,6,0.45,1,1,1,1,0,0,0,1,0,0,0,5,True,"cost, medical, dietary, nutrition, seasonal"
ARC-0050,Premium Explorer Mood Buyer,False,Value-Savvy Explorer,6,0.45,0,0,0,0,0,1,1,0,0,0,1,3,False,"curiosity, coolness, mood"
ARC-0051,Premium Explorer Follower,False,Value-Savvy Explorer,6,0.45,0,0,0,0,0,1,1,0,0,1,0,3,False,"curiosity, coolness, trendsetter"
ARC-0057,Premium Explorer Occasion Buyer,False,Value-Savvy Explorer,6,0.45,0,0,0,0,0,1,1,1,0,0,0,3,False,"curiosity, coolness, seasonal"
ARC-0082,Premium Mood Image Buyer,False,Value-Savvy Explorer,6,0.45,0,0,0,0,1,0,1,0,0,0,1,3,False,"design, coolness, mood"
ARC-0083,Premium Trend Image Buyer,False,Value-Savvy Explorer,6,0.45,0,0,0,0,1,0,1,0,0,1,0,3,False,"design, coolness, trendsetter"
ARC-0089,Premium Seasonal Image Buyer,False,Value-Savvy Explorer,6,0.45,0,0,0,0,1,0,1,1,0,0,0,3,False,"design, coolness, seasonal"
ARC-0098,Premium Explorer Mood Buyer,False,Value-Savvy Explorer,6,0.45,0,0,0,0,1,1,0,0,0,0,1,3,False,"design, curiosity, mood"
ARC-0099,Premium Explorer Follower,False,Value-Savvy Explorer,6,0.45,0,0,0,0,1,1,0,0,0,1,0,3,False,"design, curiosity, trendsetter"
ARC-0105,Premium Explorer Occasion Buyer,False,Value-Savvy Explorer,6,0.45,0,0,0,0,1,1,0,1,0,0,0,3,False,"design, curiosity, seasonal"
ARC-0146,Premium Nutrition Mood Buyer,False,Value-Savvy Explorer,6,0.45,0,0,0,1,0,0,1,0,0,0,1,3,False,"nutrition, coolness, mood"
ARC-0147,Premium Nutrition Follower,False,Value-Savvy Explorer,6,0.45,0,0,0,1,0,0,1,0,0,1,0,3,False,"nutrition, coolness, trendsetter"
ARC-0153,Premium Nutrition Occasion Buyer,False,Value-Savvy Explorer,6,0.45,0,0,0,1,0,0,1,1,0,0,0,3,False,"nutrition, coolness, seasonal"
ARC-0162,Premium Nutrition Explorer,False,Value-Savvy Explorer,6,0.45,0,0,0,1,0,1,0,0,0,0,1,3,False,"nutrition, curiosity, mood"
ARC-0163,Premium Nutrition Explorer,False,Value-Savvy Explorer,6,0.45,0,0,0,1,0,1,0,0,0,1,0,3,False,"nutrition, curiosity, trendsetter"
ARC-0169,Premium Nutrition Explorer,False,Value-Savvy Explorer,6,0.45,0,0,0,1,0,1,0,1,0,0,0,3,False,"nutrition, curiosity, seasonal"
ARC-0194,Premium Nutrition Mood Buyer,False,Value-Savvy Explorer,6,0.45,0,0,0,1,1,0,0,0,0,0,1,3,False,"nutrition, design, mood"
ARC-0195,Premium Nutrition Follower,False,Value-Savvy Explorer,6,0.45,0,0,0,1,1,0,0,0,0,1,0,3,False,"nutrition, design, trendsetter"
ARC-0201,Premium Nutrition Occasion Buyer,False,Value-Savvy Explorer,6,0.45,0,0,0,1,1,0,0,1,0,0,0,3,False,"nutrition, design, seasonal"
ARC-0274,Premium Diet-Led Mood Buyer,False,Value-Savvy Explorer,6,0.45,0,0,1,0,0,0,1,0,0,0,1,3,False,"dietary, coolness, mood"
ARC-0275,Premium Diet-Led Follower,False,Value-Savvy Explorer,6,0.45,0,0,1,0,0,0,1,0,0,1,0,3,False,"dietary, coolness, trendsetter"
ARC-0281,Premium Diet-Led Occasion Buyer,False,Value-Savvy Explorer,6,0.45,0,0,1,0,0,0,1,1,0,0,0,3,False,"dietary, coolness, seasonal"
ARC-0290,Premium Diet-Led Explorer,False,Value-Savvy Explorer,6,0.45,0,0,1,0,0,1,0,0,0,0,1,3,False,"dietary, curiosity, mood"
ARC-0291,Premium Diet-Led Explorer,False,Value-Savvy Explorer,6,0.45,0,0,1,0,0,1,0,0,0,1,0,3,False,"dietary, curiosity, trendsetter"
ARC-0297,Premium Diet-Led Explorer,False,Value-Savvy Explorer,6,0.45,0,0,1,0,0,1,0,1,0,0,0,3,False,"dietary, curiosity, seasonal"
ARC-0322,Premium Diet-Led Mood Buyer,False,Value-Savvy Explorer,6,0.45,0,0,1,0,1,0,0,0,0,0,1,3,False,"dietary, design, mood"
ARC-0323,Premium Diet-Led Follower,False,Value-Savvy Explorer,6,0.45,0,0,1,0,1,0,0,0,0,1,0,3,False,"dietary, design, trendsetter"
ARC-0329,Premium Diet-Led Occasion Buyer,False,Value-Savvy Explorer,6,0.45,0,0,1,0,1,0,0,1,0,0,0,3,False,"dietary, design, seasonal"
ARC-0386,Premium Nutrition Label Reader,False,Value-Savvy Explorer,6,0.45,0,0,1,1,0,0,0,0,0,0,1,3,False,"dietary, nutrition, mood"
ARC-0387,Premium Nutrition Label Reader,False,Value-Savvy Explorer,6,0.45,0,0,1,1,0,0,0,0,0,1,0,3,False,"dietary, nutrition, trendsetter"
ARC-0393,Premium Nutrition Label Reader,False,Value-Savvy Explorer,6,0.45,0,0,1,1,0,0,0,1,0,0,0,3,False,"dietary, nutrition, seasonal"
ARC-0533,Premium Wellness Conscious Buyer,False,Value-Savvy Explorer,6,0.45,0,1,0,0,0,0,1,0,1,0,0,3,False,"medical, coolness, eco_friendly"
ARC-0549,Premium Wellness Explorer,False,Value-Savvy Explorer,6,0.45,0,1,0,0,0,1,0,0,1,0,0,3,False,"medical, curiosity, eco_friendly"
ARC-0561,Premium Wellness Explorer,False,Value-Savvy Explorer,6,0.45,0,1,0,0,0,1,1,0,0,0,0,3,False,"medical, curiosity, coolness"
ARC-0581,Premium Wellness Conscious Buyer,False,Value-Savvy Explorer,6,0.45,0,1,0,0,1,0,0,0,1,0,0,3,False,"medical, design, eco_friendly"
ARC-0593,Premium Wellness Image Buyer,False,Value-Savvy Explorer,6,0.45,0,1,0,0,1,0,1,0,0,0,0,3,False,"medical, design, coolness"
ARC-0609,Premium Wellness Explorer,False,Value-Savvy Explorer,6,0.45,0,1,0,0,1,1,0,0,0,0,0,3,False,"medical, design, curiosity"
ARC-0645,Premium Wellness Tracker,False,Value-Savvy Explorer,6,0.45,0,1,0,1,0,0,0,0,1,0,0,3,False,"medical, nutrition, eco_friendly"
ARC-0657,Premium Wellness Tracker,False,Value-Savvy Explorer,6,0.45,0,1,0,1,0,0,1,0,0,0,0,3,False,"medical, nutrition, coolness"
ARC-0673,Premium Wellness Tracker,False,Value-Savvy Explorer,6,0.45,0,1,0,1,0,1,0,0,0,0,0,3,False,"medical, nutrition, curiosity"
ARC-0705,Premium Wellness Tracker,False,Value-Savvy Explorer,6,0.45,0,1,0,1,1,0,0,0,0,0,0,3,False,"medical, nutrition, design"
ARC-0773,Premium Wellness Label Reader,False,Value-Savvy Explorer,6,0.45,0,1,1,0,0,0,0,0,1,0,0,3,False,"medical, dietary, eco_friendly"
ARC-0785,Premium Wellness Label Reader,False,Value-Savvy Explorer,6,0.45,0,1,1,0,0,0,1,0,0,0,0,3,False,"medical, dietary, coolness"
ARC-0801,Premium Wellness Label Reader,False,Value-Savvy Explorer,6,0.45,0,1,1,0,0,1,0,0,0,0,0,3,False,"medical, dietary, curiosity"
ARC-0833,Premium Wellness Label Reader,False,Value-Savvy Explorer,6,0.45,0,1,1,0,1,0,0,0,0,0,0,3,False,"medical, dietary, design"
ARC-0897,Premium Wellness Tracker,False,Value-Savvy Explorer,6,0.45,0,1,1,1,0,0,0,0,0,0,0,3,False,"medical, dietary, nutrition"
ARC-1553,Budget Wellness Image Buyer,False,Value-Savvy Explorer,6,0.45,1,1,0,0,0,0,1,0,0,0,0,3,True,"cost, medical, coolness"
ARC-1569,Budget Wellness Explorer,False,Value-Savvy Explorer,6,0.45,1,1,0,0,0,1,0,0,0,0,0,3,True,"cost, medical, curiosity"
ARC-1601,Budget Wellness Design Buyer,False,Value-Savvy Explorer,6,0.45,1,1,0,0,1,0,0,0,0,0,0,3,True,"cost, medical, design"
ARC-1665,Budget Wellness Tracker,False,Value-Savvy Explorer,6,0.45,1,1,0,1,0,0,0,0,0,0,0,3,True,"cost, medical, nutrition"
ARC-1793,Budget Wellness Label Reader,False,Value-Savvy Explorer,6,0.45,1,1,1,0,0,0,0,0,0,0,0,3,True,"cost, medical, dietary"
ARC-0017,Premium Image Buyer,False,Value-Savvy Explorer,6,0.45,0,0,0,0,0,0,1,0,0,0,0,1,False,coolness
ARC-0033,Premium Explorer,False,Value-Savvy Explorer,6,0.45,0,0,0,0,0,1,0,0,0,0,0,1,False,curiosity
ARC-0065,Premium Design Buyer,False,Value-Savvy Explorer,6,0.45,0,0,0,0,1,0,0,0,0,0,0,1,False,design
ARC-0129,Premium Tracker,False,Value-Savvy Explorer,6,0.45,0,0,0,1,0,0,0,0,0,0,0,1,False,nutrition
ARC-0257,Premium Label Reader,False,Value-Savvy Explorer,6,0.45,0,0,1,0,0,0,0,0,0,0,0,1,False,dietary
ARC-0529,Premium Wellness Image Buyer,False,Value-Savvy Explorer,7,0.36,0,1,0,0,0,0,1,0,0,0,0,2,False,"medical, coolness"
ARC-0545,Premium Wellness Explorer,False,Value-Savvy Explorer,7,0.36,0,1,0,0,0,1,0,0,0,0,0,2,False,"medical, curiosity"
ARC-0577,Premium Wellness Design Buyer,False,Value-Savvy Explorer,7,0.36,0,1,0,0,1,0,0,0,0,0,0,2,False,"medical, design"
ARC-0641,Premium Wellness Tracker,False,Value-Savvy Explorer,7,0.36,0,1,0,1,0,0,0,0,0,0,0,2,False,"medical, nutrition"
ARC-0769,Premium Wellness Label Reader,False,Value-Savvy Explorer,7,0.36,0,1,1,0,0,0,0,0,0,0,0,2,False,"medical, dietary"
