review_id,group_id,product_shopify_id,product_handle,product_name,variant,rating,title,content,created_at,updated_at,order_purchase_date,days_purchase_to_review,verified,edited,incentive_type,syndication_platform,has_media,keywords,custom_form,brand_reply,brand_reply_at,mentions_return
21801857,8400184410420,15549992698240,productivity-drink-aus-orange,Smarter Energy Drink - Orange Sunrise,12 Cans,4.0,im a fan,its great definitely can feel improvement in cognitive actions memory recall etc makes me a little snippy though don't know if I'm more focused and just cant tolerate bullshit or just an asshole haha either way love it more flavours please xoxo,2026-10-02T05:25:10.769226Z,2026-10-02T05:25:10.769257Z,2026-09-03T01:05:05Z,29.2,True,False,,,False,,,,,False
21777822,8400184410420,15202956968320,blue-raspberry-productivity-drink-12-cans,Productivity Drink - Blue Raspberry,12 Cans,5.0,10/10 - Will Buy again,"I rely on these drinks for productivity gains every single day at work. Love the product, 10/10 will buy again.",2026-10-01T10:14:10.562702Z,2026-10-01T10:14:10.562733Z,2026-08-23T23:12:31Z,38.5,True,False,,,False,,,,,False
21768649,8400184410420,8400184410420,orange-sunrise-productivity-drink,Productivity Drink - Orange Sunrise,12 Cans,5.0,Fuel for productivity,I wouldn’t live (or work productively) without this product!!,2026-09-30T15:14:54.079792Z,2026-09-30T15:14:54.079823Z,2026-08-19T23:14:43Z,41.7,True,False,,,False,,,,,False
21765670,8400184410420,8400185033012,tropical-ice-12pk,Productivity Drink - Tropical Ice,12 Cans,5.0,CAN'T BE WITHOUT IT!,Great product- can’t be without it now!,2026-09-30T12:18:09.095886Z,2026-09-30T12:18:09.095916Z,2026-09-06T18:57:34Z,23.7,True,False,,,False,,,,,False
21760321,8400184410420,15549992698240,productivity-drink-aus-orange,Smarter Energy Drink - Orange Sunrise,12 Cans,5.0,HE DRINKS THEM ALL!,I have a subscription and my only complaint is that my husband drinks them all too quickly. We feel great after having one so it's become part of our daily routine. Looking forward to new flavours. ,2026-09-30T02:29:24.240464Z,2026-09-30T02:29:24.240494Z,2026-09-05T23:57:40Z,24.1,True,False,,,False,,,,,False
21747760,8400184410420,15351561519488,productivity-drink-12-variety-pack,Productivity Drink - Mixed Flavours,12 Cans,5.0,Afternoon game changer,Perfect pick me up on busy days without feeling anxious or getting heart palpitations. Great flavour and it has made me ditch the afternoon coffee which did not suit me but found hard to drop,2026-09-29T17:14:01.343206Z,2026-09-29T17:14:01.343240Z,2026-09-09T23:22:39Z,19.7,True,False,,,False,,,,,False
21730985,8400184410420,15351561519488,productivity-drink-12-variety-pack,Productivity Drink - Mixed Flavours,12 Cans,5.0,Tasty caffeine source without the crash,All flavours taste good without the normal ‘energy drink’ taste and crash. Can feel a noticeable difference when working post drink. Can’t wait to try the white peach in the future! 10/10 will remain subscribed for a long while.,2026-09-28T14:37:49.857133Z,2026-09-28T14:37:49.857164Z,2026-09-09T08:31:30Z,19.3,True,False,,,False,,,,,False
21730570,8400184410420,8400185033012,tropical-ice-12pk,Productivity Drink - Tropical Ice,12 Cans,5.0,KICK I NEED!,Love it have it on a rolling order. Gives me the kick I need to keep energetic and locked in,2026-09-28T13:43:47.110409Z,2026-09-28T13:43:47.110441Z,2026-08-18T23:14:00Z,40.6,True,False,,,False,,,,,False
21723900,8400184410420,15351561519488,productivity-drink-12-variety-pack,Productivity Drink - Mixed Flavours,12 Cans,5.0,ENERGIZING AND DELICIOUS!,Delicious flavours but better than that it really does energise you and helps you focus. It's similar but so much better than the famous branded energy drinks on the market. I'd recommend anyone to give it a try. ,2026-09-27T18:11:10.068707Z,2026-09-27T18:11:10.068744Z,2026-08-18T23:28:56Z,39.8,True,False,,,False,,,,,False
21721446,8400184410420,15549992698240,productivity-drink-aus-orange,Smarter Energy Drink - Orange Sunrise,12 Cans,5.0,Bang on product!,"Noticeable change in alertness, energy & focus & the taste is great!",2026-09-27T08:38:22.604655Z,2026-09-27T08:38:22.604687Z,2026-08-14T04:34:42Z,44.2,True,False,,,False,,,,,False
21721137,8400184410420,15351561519488,productivity-drink-12-variety-pack,Productivity Drink - Mixed Flavours,12 Cans,5.0,TASTY FLAVOURS! 😀,All the flavours are tasty! Can’t wait to try the white peach flavour 😀,2026-09-27T06:47:58.007317Z,2026-09-27T06:47:58.007349Z,2026-09-07T07:11:21Z,20.0,True,False,,,False,,,,,False
21720325,8400184410420,15549988667776,productivity-drink-aus-trop,Smarter Energy Drink - Tropical Ice,12 Cans,5.0,BOOST FOR NIGHT SHIFTS!,"Love it. Recently got a promotion to a highly demanding role, which also happens to be a roster of 14 hour night shifts. This gives me a boost and the mental edge I need to prepare for each shift on my commute to work.",2026-09-27T01:25:59.694210Z,2026-09-27T01:25:59.694242Z,2026-09-08T23:35:21Z,18.1,True,False,,,False,,,,,False
21718405,8400184410420,8400185033012,tropical-ice-12pk,Productivity Drink - Tropical Ice,12 Cans,5.0,TOTALLY TROPICAL TASTE!,The best flavour. It’s like totally tropical taste with an added boost of focus for hours! Love it,2026-09-26T19:07:22.593651Z,2026-09-26T19:07:22.593685Z,2026-09-08T09:41:11Z,18.4,True,False,,,False,,,,,False
21715503,8400184410420,15202956968320,blue-raspberry-productivity-drink-12-cans,Productivity Drink - Blue Raspberry,12 Cans,5.0,CAFFEINE & FLAVOR PERFECTION!,Perfect level of caffeine and focus delivered when needed. Flavour is exceptional ,2026-09-26T08:01:10.983125Z,2026-09-26T08:01:10.983157Z,2026-08-14T23:15:20Z,42.4,True,False,,,False,,,,,False
21715259,8400184410420,15549988667776,productivity-drink-aus-trop,Smarter Energy Drink - Tropical Ice,12 Cans,5.0,"AWESOME FLAVOR, FOCUS BOOST! 😎",Give it a go and don’t be a wuss. It’s awesome 😎  great flavor and nothing else comes as close to it as in helping with focus and attention.,2026-09-26T06:30:49.692851Z,2026-09-26T06:30:49.692896Z,2026-08-24T23:15:23Z,32.3,True,False,,,False,,,,,False
21715175,8400184410420,15351561519488,productivity-drink-12-variety-pack,Productivity Drink - Mixed Flavours,12 Cans,4.0,Great,"Genuinely really tasty with a solid kick, initially bought to support James and Chris but I really like the product  Best drank mid morning with a bit of food in your belly",2026-09-26T06:04:59.307698Z,2026-09-26T06:04:59.307729Z,2026-08-17T08:27:13Z,39.9,True,False,,,False,,,,,False
21678522,8400184410420,15351561519488,productivity-drink-12-variety-pack,Productivity Drink - Mixed Flavours,12 Cans,5.0,Great value on the bundle,Great value per can which can be pricey in stores! Add white peach to this and it's perfect!,2026-09-24T13:05:59.274633Z,2026-09-24T13:05:59.274663Z,2026-08-30T23:27:11Z,24.6,True,False,,,False,,,,,False
21657532,8400184410420,15193429967232,productivity-drink-strawberry-lemonade-us,Productivity Drink - Strawberry Lemonade [US],12 Cans,5.0,Great product,Fantastic product. Really love this flavor and feel the difference when I’m drinking these compared to coffee. My only gripe is I there seems to be one can in every 12 pack that has lost its carbonation and seal. It’s not leaking but the drink is flat. It could happen through shipping but it’s consistently one every time. The product itself is amazing though.,2026-09-23T18:22:33.884847Z,2026-09-23T18:22:33.884882Z,2026-08-09T23:18:18Z,44.8,True,False,,,False,,,,,False
21616584,8400184410420,15202964930944,productivity-drink-12-cans-strawberry-lemonade,Productivity Drink - Strawberry Lemonade,12 Cans,5.0,STRAWBERRY RULES... FOR NOW!,Strawberry is my absolute favourite…….unless the new flavour out tomorrow beats it. Purchase is a no brainer to boost your brain 😍,2026-09-22T12:23:57.859757Z,2026-09-22T12:23:57.859788Z,2026-07-29T23:13:22Z,54.5,True,False,,,False,,,,,False
21616583,8400184410420,15351561519488,productivity-drink-12-variety-pack,Productivity Drink - Mixed Flavours,12 Cans,5.0,JUST TRY IT!😍,Great drink. Especially vs the other over gassy energy drinks. Gives the extra boost even when you didn’t realise you needed it. 😍,2026-09-22T12:21:54.849193Z,2026-09-22T12:21:54.849224Z,2026-07-29T23:13:22Z,54.5,True,False,,,False,,,,,False
21615970,8400184410420,15202964930944,productivity-drink-12-cans-strawberry-lemonade,Productivity Drink - Strawberry Lemonade,12 Cans,5.0,"Just Focus, No Jitters.",Great Drink. Gives me a consistent dose of energy and leveled head to focus on the tasks on the days list. also the Strawberry Lemonade is the best flavour by far. ,2026-09-22T10:14:47.782314Z,2026-09-22T10:14:47.782348Z,2026-07-30T23:14:47Z,53.5,True,False,,,False,,,,,False
21611069,8400184410420,15513143378304,mixed-flavours-12-cans,Productivity Drink - Mixed Flavors,12 Cans,5.0,LOCKING THE F**K IN!,"Absolutely love these. As individuals who often find themselves having to focus for cognitive work and wanting to lock the f**k in for physical workouts, Neutonic has been perfect for my girlfriend and I. I look forward to the flavor and the effects almost every single day. When are household is out of Neutonic's we are a sad and less productive household. Best energy drink I have ever had.",2026-09-21T19:38:07.820461Z,2026-09-21T19:38:07.820495Z,2026-07-19T23:17:51Z,63.8,True,False,,,False,,,,,False
21609494,8400184410420,15202956968320,blue-raspberry-productivity-drink-12-cans,Productivity Drink - Blue Raspberry,12 Cans,5.0,10/10 recommend ,"Blue Raspberry is by far the best flavour!  Love Neutonic & its my go to when I need to focus. I've converted a few folks after taking them into work, especially during the long meetings. ",2026-09-21T16:53:42.078298Z,2026-09-21T16:53:42.078331Z,2026-08-13T23:13:59Z,38.7,True,False,,,False,,,,,False
21606710,8400184410420,15351561519488,productivity-drink-12-variety-pack,Productivity Drink - Mixed Flavours,12 Cans,5.0,Bababooey,Should probs do a 30 pack,2026-09-21T14:03:14.116106Z,2026-09-21T14:03:14.116142Z,2026-08-14T12:21:42Z,38.1,True,False,,,False,,,,,False
21596036,8400184410420,15549988667776,productivity-drink-aus-trop,Smarter Energy Drink - Tropical Ice,12 Cans,5.0,great product,awesome drink,2026-09-21T03:38:07.212550Z,2026-09-21T03:38:07.212581Z,2026-07-28T12:27:10Z,54.6,True,False,,,False,,,,,False
21596035,8400184410420,15549992698240,productivity-drink-aus-orange,Smarter Energy Drink - Orange Sunrise,12 Cans,5.0,FANTA WITH BENEFITS!,Amazing taste like fanta but with nutritional benefits,2026-09-21T03:37:33.597633Z,2026-09-21T03:37:33.597664Z,2026-07-28T12:27:10Z,54.6,True,False,,,False,,,,,False
21595057,8400184410420,15549988667776,productivity-drink-aus-trop,Smarter Energy Drink - Tropical Ice,12 Cans,5.0,Taste Great,"Tastes great! As for the focus I wouldn't say i notice anything, but this is my first time trying a nootropic drink and I dont have anything to judge it off.   Have subscribed and waiting for the next order in 2 weeks time. Should do a fortnightly subscription as its only 12 cans",2026-09-21T01:17:07.597004Z,2026-09-21T01:17:07.597034Z,2026-08-30T08:36:14Z,21.7,True,False,,,False,,,,,False
21593269,8400184410420,15193429967232,productivity-drink-strawberry-lemonade-us,Productivity Drink - Strawberry Lemonade [US],12 Cans,4.0,"LOVE IT, BUT SO SWEET!",I love this stuff. What a great idea! It really clears my fuzzy brain. My only wish is that it wasn't so sweet! Wish it was a little more subtle and maybe a tad more tangy/tart.,2026-09-20T19:12:39.704683Z,2026-09-20T19:12:39.704715Z,2026-08-26T23:15:46Z,24.8,True,False,,,False,,,,,False
21586613,8400184410420,8400185033012,tropical-ice-12pk,Productivity Drink - Tropical Ice,12 Cans,5.0,AMAZING DRINK!,Amazing drink - Helps with alertness different to how a caffeine only drink is. No crash or irritability after. Now I get it delivered monthly it’s soo good,2026-09-19T21:18:49.648791Z,2026-09-19T21:18:49.648820Z,2026-08-07T23:41:50Z,42.9,True,False,,,False,,,,,False
21581920,8400184410420,15549992698240,productivity-drink-aus-orange,Smarter Energy Drink - Orange Sunrise,12 Cans,5.0,Great,Great product.  Nice taste and good benefits.  Cut a few coffee out with one of these,2026-09-19T09:49:34.394788Z,2026-09-19T09:49:34.394819Z,2026-08-17T09:35:18Z,33.0,True,False,,,False,,,,,False
21581893,8400184410420,15549992698240,productivity-drink-aus-orange,Smarter Energy Drink - Orange Sunrise,12 Cans,5.0,ENERGIZED EVERY DAY!,"I don't know if it's just a placebo effect of good marketing, but all I know is I've now been trying it for 6 months, every day, one can and I've basically stopped worrying about coffee, I feel energized and ready to take on the day, every day, I don't crash in the afternoon and I'm thinking clear while working. As far as a ""productivity"" drink, 10 out of 10.",2026-09-19T09:39:47.868009Z,2026-09-19T09:39:47.868041Z,2026-08-10T23:15:15Z,39.4,True,False,,,False,,,,,False
21581165,8400184410420,15549988667776,productivity-drink-aus-trop,Smarter Energy Drink - Tropical Ice,12 Cans,5.0,Goated,Of the caffeinated health conscious energy beverages on the market. This is the goat.,2026-09-19T05:05:41.043018Z,2026-09-19T05:05:41.043079Z,2026-08-05T23:15:03Z,44.2,True,False,,,False,,,,,False
21579139,8400184410420,15351561519488,productivity-drink-12-variety-pack,Productivity Drink - Mixed Flavours,12 Cans,5.0,Best drink for tired people,I feel so focused and energised and no crash afterwards.,2026-09-18T21:43:44.266397Z,2026-09-18T21:43:44.266431Z,2026-08-09T23:15:38Z,39.9,True,False,,,False,,,,,False
21571025,8400184410420,15351561519488,productivity-drink-12-variety-pack,Productivity Drink - Mixed Flavours,12 Cans,5.0,LIMITLESS IN A TIN!,The closest thing to taking the pill in Limitless. There's nothing I can't do after a tin of Neutonic.,2026-09-18T14:36:01.051159Z,2026-09-18T14:36:01.051191Z,2026-08-27T23:15:52Z,21.6,True,False,,,False,,,,,False
21570771,8400184410420,8400185033012,tropical-ice-12pk,Productivity Drink - Tropical Ice,12 Cans,5.0,Dialled In.,"My brain wonders like Alice Wonderland is on vacation in Narnia, I can't stay focused on one thing for long even when I have a to do list as long as my arm.  But when I have heavy admin days, or back to back client calls a neutonic is ALWAYS my go to, over a coffee as well, I found it helps me focus and the association of the flavour (Tropical Ice as my OG fav) dials me in as well.   No crazy come down so I don't feel tired after, and they sit well in my tummy.   I've been ordering these for probably over a year now and I'm aways greatful when my subscription gets delivered.",2026-09-18T13:57:20.268432Z,2026-09-18T13:57:20.268469Z,2026-08-26T23:21:37Z,22.6,True,False,,,False,,,,,False
21557192,8400184410420,15202964930944,productivity-drink-12-cans-strawberry-lemonade,Productivity Drink - Strawberry Lemonade,12 Cans,5.0,Legendary,The best flavour. GOATED in every way. Focus is next level when drinking these,2026-09-18T09:10:42.441782Z,2026-09-18T09:10:42.441844Z,2026-08-08T23:15:33Z,40.4,True,False,,,False,,,,,False
21557190,8400184410420,8400184672564,wild-citrus-productivity-drink,Productivity Drink - Wild Citrus,12 Cans,5.0,Extraordinary,,2026-09-18T09:09:40.499064Z,2026-09-18T09:09:40.499098Z,2026-08-08T23:15:33Z,40.4,True,False,,,False,,,,,False
21550610,8400184410420,15549992698240,productivity-drink-aus-orange,Smarter Energy Drink - Orange Sunrise,12 Cans,5.0,MONSTERS NO MORE!,I was smashing monsters for deep work sessions and now I drink these instead. They taste better and I dont seem to feel the crash like I used to with other drinks.,2026-09-17T22:10:36.194861Z,2026-09-17T22:10:36.194911Z,2026-08-02T23:13:35Z,46.0,True,False,,,False,,,,,False
21546907,8400184410420,15549992698240,productivity-drink-aus-orange,Smarter Energy Drink - Orange Sunrise,12 Cans,5.0,SO GODDAMN GOOD!,Not only is this stuff super tasty it is so goddamn good! For someone with super spicy brain this locks me in without the jitters or without a crash. No dirty rise in energy and like I said no drop just smooth clean and focused energy.💪,2026-09-17T19:01:13.097835Z,2026-09-17T19:01:13.097866Z,2026-08-02T23:13:51Z,45.8,True,False,,,False,,,,,False
21534901,8400184410420,15549992698240,productivity-drink-aus-orange,Smarter Energy Drink - Orange Sunrise,12 Cans,5.0,Banging Flavour!,"Best flavour in my opinion. Perfect in the arvo when I hit my 1-2pm slump, it's like I'm a new man.",2026-09-17T01:37:50.096271Z,2026-09-17T01:37:50.096312Z,2026-08-16T23:14:44Z,31.1,True,False,,,False,,,,,False
21524197,8400184410420,15351561519488,productivity-drink-12-variety-pack,Productivity Drink - Mixed Flavours,12 Cans,5.0,HELPED MY HEADACHES!,"Love these! As a little bonus I have realized that these help with the hormonal headaches I seem to get monthly these days. Headache pills aren’t always effective and I tend to crave a caffeine kick but when I have a really bad headache, coffee leaves me feeling queasy. This however hits the nail on the head and I often find I feel much better after I have had one. I usually buy off Amazon.",2026-09-16T13:28:38.846507Z,2026-09-16T13:28:38.846543Z,2026-08-01T21:25:52Z,45.7,True,False,,,False,,,,,False
21514363,8400184410420,15351561519488,productivity-drink-12-variety-pack,Productivity Drink - Mixed Flavours,12 Cans,4.0,"AVERAGE FLAVOR, A BIT TOO SWEET","They are okay, flavour is average, a little too sweet for me the flavours don’t taste as fruity and refreshing as I would like. I haven’t noticed any increased focus when I use the drinks. My partner loves them though.",2026-09-15T17:29:09.849172Z,2026-09-15T17:29:09.849205Z,2026-08-02T23:17:27Z,43.8,True,False,,,False,,,,,False
21476561,8400184410420,8400184672564,wild-citrus-productivity-drink,Productivity Drink - Wild Citrus,12 Cans,5.0,"I am not a wuss, James. 10/10 necessity purchase","A bit like starting in bottom side control in BJJ positional drills, you sometimes think you dont want it, but you need it. This drink is a 10/10. I never go a day without having one.  My mental focus, for someone with ADHD, has become way better on important tasks, especially as I work with data a lot.  Buy it. You wont regret it. Or continue missing out... your choice",2026-09-14T11:48:03.015758Z,2026-09-14T11:48:03.015792Z,2026-08-03T23:19:12Z,41.5,True,False,,,False,,,,,False
21462147,8400184410420,15202964930944,productivity-drink-12-cans-strawberry-lemonade,Productivity Drink - Strawberry Lemonade,12 Cans,5.0,I’m a not Wuss,Enjoy the products and service and communication,2026-09-13T14:05:17.705156Z,2026-09-13T14:05:17.705186Z,2026-08-25T06:18:36Z,19.3,True,False,,,False,,,,,False
21447204,8400184410420,15351561519488,productivity-drink-12-variety-pack,Productivity Drink - Mixed Flavours,12 Cans,5.0,LOVE THEM ALL,"Loving the flavours, tropical is my fav",2026-09-11T15:35:49.954637Z,2026-09-11T15:35:49.954670Z,2026-07-31T19:19:34Z,41.8,True,False,,,False,,,,,False
21446735,8400184410420,8758066512180,wild-citrus-12-pack-us,Productivity Drink - Wild Citrus [US],12 Cans,5.0,No crash,Keeps me focused without a crash.,2026-09-11T15:01:31.844958Z,2026-09-11T15:01:31.845000Z,2026-08-15T23:14:52Z,26.7,True,False,,,False,,,,,False
21442880,8400184410420,8758066053428,orange-sunrise-12-pack-us,Productivity Drink - Orange Sunrise [US],12 Cans,5.0,Great drink,I love the taste and energy it delivers.,2026-09-11T03:55:34.352386Z,2026-09-11T03:55:34.352417Z,2026-07-28T23:14:06Z,44.2,True,False,,,False,,,,,False
21400038,8400184410420,8400185033012,tropical-ice-12pk,Productivity Drink - Tropical Ice,12 Cans,5.0,Almost perfect product,It sounds like a vape flavour but if you ignore that it's got some decent stuff in it,2026-09-10T13:27:03.524730Z,2026-09-10T13:27:03.524766Z,2026-05-30T23:17:18Z,102.6,True,False,,,False,,,,,False
21374091,8400184410420,8400184672564,wild-citrus-productivity-drink,Productivity Drink - Wild Citrus,12 Cans,5.0,Never regretted a sip,Drinking this makes me feel superior to everyone who isn't drinking it. ,2026-09-09T14:01:55.959360Z,2026-09-09T14:01:55.959405Z,2026-08-17T20:18:04Z,22.7,True,False,,,False,,,,,False
21373891,8400184410420,8400185033012,tropical-ice-12pk,Productivity Drink - Tropical Ice,12 Cans,5.0,"Goodbye RedBull, hello new focus fix",It’s addictive. I’m hooked on Tropical Ice. Costing me a fortune. Redbull shares have plummeted since my switch. Be careful. Can massively increase productivity and focus.,2026-09-09T13:25:33.359662Z,2026-09-09T13:25:33.359722Z,2026-08-16T08:45:28Z,24.2,True,False,,,False,,,,,False
21371211,8400184410420,15549988667776,productivity-drink-aus-trop,Smarter Energy Drink - Tropical Ice,12 Cans,5.0,"Top 2, not 2",One of the best energy drinks in the game!,2026-09-09T02:58:56.646277Z,2026-09-09T02:58:56.646309Z,2026-08-17T23:19:21Z,22.2,True,False,,,False,,,,,False
21347554,8400184410420,8400185033012,tropical-ice-12pk,Productivity Drink - Tropical Ice,12 Cans,5.0,SO DELICIOUS AND FOCUSED!,It’s so delicious! And hits the mark. I have mine before a workout and I’m way more focused,2026-09-07T20:06:50.419821Z,2026-09-07T20:06:50.419850Z,2026-08-18T23:38:48Z,19.9,True,False,,,False,,,,,False
21327644,8400184410420,15202956968320,blue-raspberry-productivity-drink-12-cans,Productivity Drink - Blue Raspberry,12 Cans,5.0,By morning boost! Can’t do without it!,"I get into my car for the hour drive to work, nearly always tired, but by the time I reach my demanding job I’m awake and alert; at my best mentally! I even keep a spare couple of can in the boot in case I forget it!",2026-09-05T21:07:15.730203Z,2026-09-05T21:07:31.936221Z,2026-07-25T15:18:14Z,42.2,True,True,,,False,,,,,False
21325685,8400184410420,15202956968320,blue-raspberry-productivity-drink-12-cans,Productivity Drink - Blue Raspberry,12 Cans,5.0,NEUTONIC FOR FOCUS!,"Neutonic is my go to energy drink but the productivity benefits are second to none, clear and focused. Blue Raspberry is also my favourite flavour!",2026-09-05T15:12:05.353128Z,2026-09-05T15:17:30.138860Z,2026-07-28T09:31:58Z,39.2,True,True,,,False,,,,,False
21321791,8400184410420,8758066053428,orange-sunrise-12-pack-us,Productivity Drink - Orange Sunrise [US],12 Cans,5.0,NEUTONIC LOVE!,We love neutonic and this flavor is my favorite.,2026-09-04T22:37:51.878198Z,2026-09-04T22:37:51.878228Z,2026-08-09T23:15:39Z,26.0,True,False,,,False,,,,,False
21315392,8400184410420,8400184672564,wild-citrus-productivity-drink,Productivity Drink - Wild Citrus,12 Cans,5.0,"If you don’t know, you better get to know","These are banging! If you like caffeine fixes through the day, coffee sometimes gets a bit boring and you want that extra push to get shit done, where the other drinks are just too much sugar, then these have to be on your shopping list. And they taste 👌🏻",2026-09-04T12:08:36.199488Z,2026-09-04T12:08:36.199532Z,2026-07-27T23:12:40Z,38.5,True,False,,,False,,,,,False
21308361,8400184410420,15351561519488,productivity-drink-12-variety-pack,Productivity Drink - Mixed Flavours,12 Cans,5.0,"DECENT FLAVORS, BETTER FOCUS!","Decent flavours, improves my focus and concentration when I’m struggling second half of the day",2026-09-03T20:14:56.331391Z,2026-09-03T20:14:56.331423Z,2026-08-13T09:38:37Z,21.4,True,False,,,False,,,,,False
21302354,8400184410420,15202964930944,productivity-drink-12-cans-strawberry-lemonade,Productivity Drink - Strawberry Lemonade,12 Cans,5.0,LOVE THIS PRODUCT!,So I’ve been a subscriber for just over a year now and absolutely love the product. It tastes good and makes a real difference. Before I became a subscriber I used to buy it regularly so thought I may as well just sign up!,2026-09-03T13:41:57.090614Z,2026-09-03T13:41:57.090647Z,2026-07-22T23:13:07Z,42.6,True,False,,,False,,,,,False
21299607,8400184410420,15549992698240,productivity-drink-aus-orange,Smarter Energy Drink - Orange Sunrise,12 Cans,5.0,DELIGHTFULLY BUZZING!,Like a delicious slap in the face that leaves you buzzing for the next hour,2026-09-03T04:01:27.422963Z,2026-09-03T04:01:27.423015Z,2026-08-08T23:13:09Z,25.2,True,False,,,False,,,,,False
21287403,8400184410420,15351561519488,productivity-drink-12-variety-pack,Productivity Drink - Mixed Flavours,12 Cans,5.0,LOVE THE BLUE RASPBERRY,Really love the drink- particularly the blue raspberry! They’re my go to on an afternoon slump when I’ve got a mountain of work to get through. I’ve got the multipack on a subscription. One month I received a notification telling me the multipack was out of stock so I didn’t get a delivery- didn’t seem to have the option of getting a pack of a different flavour which I would have preferred rather than not get anything which I did that month. Hopefully an easy fix to build into the website options.,2026-09-02T18:54:08.947067Z,2026-09-02T18:54:08.947098Z,2026-08-09T23:18:17Z,23.8,True,False,,,False,,,,,False
21275890,8400184410420,15351561519488,productivity-drink-12-variety-pack,Productivity Drink - Mixed Flavours,12 Cans,5.0,Good,Great product. All favours are nice and no crash later on in the day,2026-09-02T18:21:50.802445Z,2026-09-02T18:21:50.802477Z,2026-07-23T05:28:54Z,41.5,True,False,,,False,,,,,False
21275776,8400184410420,15351561519488,productivity-drink-12-variety-pack,Productivity Drink - Mixed Flavours,12 Cans,5.0,"Great Taste, Better Focus & No Crash","Been really impressed with Neutonic. It tastes great, is refreshing and gives me a noticeable lift in focus and concentration without the horrible wired feeling or crash I get from some energy drinks. I train a lot and have pretty busy days, so I like having something that helps me feel switched on without just hammering more caffeine. The branding and quality are spot on too. Definitely something I’ll keep buying and would happily recommend.",2026-09-02T18:04:19.536572Z,2026-09-02T18:04:19.536606Z,2026-08-08T21:52:03Z,24.8,True,False,,,False,,,,,False
21272482,8400184410420,8799704154420,tropical-ice-12pk-us,Productivity Drink - Tropical Ice [US],12 Cans,5.0,Full Cognitive Benefits plus Energy Boost,"I have tried many energy drinks over the years. This is consistently one that I come back to for its full cognitive benefits, as well as its effective energy boost without the crash. Highly recommend this product, and this flavor in particular. As a chiropractic physician, we are always looking for clean supplements to help our patients get through their days, and this is something that can be beneficial.",2026-09-02T14:03:42.868799Z,2026-09-02T14:03:42.868834Z,2026-07-29T23:10:26Z,34.6,True,False,,,False,,,,,False
21271293,8400184410420,15351561519488,productivity-drink-12-variety-pack,Productivity Drink - Mixed Flavours,12 Cans,5.0,Perfect pre workout!,"I think these cans are fantastic. The variety of flavours means I never get bored of drinking the same one, and the subscription options are incredibly convenient. I've been recommending them to everyone I know. They provide a focused boost of energy without the jitters often associated with other energy drinks, making them perfect for my BJJ pre workout drink.  My personal favourite is the blue rasberry flavour and although it is nice my least favourite would be the orange sunset flavour.",2026-09-02T11:22:53.046326Z,2026-09-02T11:22:53.046361Z,2026-08-05T23:13:15Z,27.5,True,False,,,False,,,,,False
21271054,8400184410420,15549992698240,productivity-drink-aus-orange,Smarter Energy Drink - Orange Sunrise,12 Cans,5.0,Sign me up,"Don’t do it…. It’s that good that you will have to pay for another thing on the regular because you just feel so focussed ,that not getting it, is doing yourself dirty .  Tastes great and I have standards,and I hate the smell and taste of other energy drinks . Neutronic really does help you achieve  stuff,coffee  gives you the alertness but not the staying power , I won’t stop having coffee because I love the flavour but this just hits different it really does keep you to task.",2026-09-02T10:18:59.611140Z,2026-09-02T10:18:59.611172Z,2026-08-08T23:14:39Z,24.5,True,False,,,False,,,,,False
21270764,8400184410420,15549992698240,productivity-drink-aus-orange,Smarter Energy Drink - Orange Sunrise,12 Cans,5.0,Do It ! Well Worth It !,"Great product, taste, no crash, clear thinking",2026-09-02T08:48:34.331728Z,2026-09-02T08:48:34.331759Z,2026-07-29T01:49:52Z,35.3,True,False,,,False,,,,,False
21270005,8400184410420,15549992698240,productivity-drink-aus-orange,Smarter Energy Drink - Orange Sunrise,12 Cans,5.0,"TASTES GREAT, ENERGY BOOST! 😁","This stuff is great, tastes good and really does give you that energy and focus. Definitely recommend both flavours 😁",2026-09-02T05:43:10.871413Z,2026-09-02T05:43:10.871442Z,2026-08-11T23:16:36Z,21.3,True,False,,,False,,,,,False
21269742,8400184410420,15549992698240,productivity-drink-aus-orange,Smarter Energy Drink - Orange Sunrise,12 Cans,5.0,TASTES GREAT! WISH FOR MORE FLAVORS,"Tastes great, doesn't give me the shakes. Wishing australia had others flavours available though.",2026-09-02T04:20:14.052892Z,2026-09-02T04:20:14.052939Z,2026-08-09T23:13:06Z,23.2,True,False,,,False,,,,,False
21267550,8400184410420,15513143378304,mixed-flavours-12-cans,Productivity Drink - Mixed Flavors,12 Cans,5.0,CAN'T HAVE JUST ONE! 👁️,"Can’t have just one. There can only be one. Definitely makes a difference. Focus, energy, no crazy counter productive shakes creating scatterbrain. Steady fuel. And sadly love the flavors I have tried so far just have to remember I’m cut off at 2.",2026-09-01T22:29:37.907567Z,2026-09-01T22:29:37.907600Z,2026-07-22T23:14:14Z,41.0,True,False,,,False,,,,,False
21305078,8400184410420,15202956968320,blue-raspberry-productivity-drink-12-cans,Productivity Drink - Blue Raspberry,12 Cans,5.0,,Actually works. A brilliant tool for a sharp mind. Would recommend.,2026-09-01T08:25:02Z,2026-09-01T08:25:02Z,,,True,False,,shop_app,False,,,,,False
21197068,8400184410420,15549988667776,productivity-drink-aus-trop,Smarter Energy Drink - Tropical Ice,12 Cans,5.0,BEST FOR FOCUS AND FLAVOUR!,Best on the market for Focus and flavour.,2026-08-30T23:08:26.011467Z,2026-08-30T23:08:26.011499Z,2026-08-12T23:19:07Z,18.0,True,False,,,False,,,,,False
21193694,8400184410420,15549992698240,productivity-drink-aus-orange,Smarter Energy Drink - Orange Sunrise,12 Cans,5.0,Goodbye iced coffee!,Thank you so much for creating this drink!!!! Prior to this I have been stuck on iced coffee for years and I finally have been able to make the switch to something else that gives me the boost I need with zero headaches if a skip a day!!! Can’t wait to sus the new flavours.,2026-08-30T11:41:12.810755Z,2026-08-30T11:41:12.810788Z,2026-08-05T03:01:18Z,25.4,True,False,,,False,,,,,False
21305077,8400184410420,15351561519488,productivity-drink-12-variety-pack,Productivity Drink - Mixed Flavours,12 Cans,1.0,,Product got delivered to wrong address no afrersales support. Emailed 3 times and no reply. Wont order again.,2026-08-29T18:50:08Z,2026-08-29T18:50:08Z,,,True,False,,shop_app,False,,,,,False
21186932,8400184410420,15549992698240,productivity-drink-aus-orange,Smarter Energy Drink - Orange Sunrise,12 Cans,5.0,"Give it a crack, nothing to loose","Give it a crack you have nothing to loose, its better then the rest as they do next to nothing compared to these drinks ❤️",2026-08-29T06:50:30.572931Z,2026-08-29T06:50:30.572974Z,2026-07-30T23:16:36Z,29.3,True,False,,,False,,,,,False
21182603,8400184410420,15549992698240,productivity-drink-aus-orange,Smarter Energy Drink - Orange Sunrise,12 Cans,5.0,CHEAT CODE!,Delicious. Doesn’t taste fake sweet. And it feels like a cheat code. The review prompt said “what would you tell your friends?” Nothing. I’m not telling anyone. ,2026-08-28T16:48:58.760482Z,2026-08-28T16:48:58.760512Z,2026-08-02T05:17:57Z,26.5,True,False,,,False,,,,,False
21179090,8400184410420,8758066512180,wild-citrus-12-pack-us,Productivity Drink - Wild Citrus [US],12 Cans,5.0,sardines + Neutonic!,"delicious - just what you need to wash the sardine flavor out of my mouth that I eat for breakfast most days. There ya go - get your omega 3s in along with your cognitive boost. Become the super human if you're in the office, or if you have a kettlebell workout coming up sometime in the near future.",2026-08-28T13:39:44.752822Z,2026-08-28T13:39:44.752855Z,2026-07-14T12:00:03Z,45.1,True,False,,,False,,,,,False
21179058,8400184410420,15202964930944,productivity-drink-12-cans-strawberry-lemonade,Productivity Drink - Strawberry Lemonade,12 Cans,5.0,Keep it coming,"I love neutonic really and truly, incredible flavours especially the tropical ice and strawberry lemonade. I drink one a day to kickstart my morning so I really wish they were packs of 14 instead of 12. The only other thing is I wish there was an option to do a 2 week subscription instead of the current 4 week minimum. All in all though absolutely love this product and the ethos behind it. Keep it up Chris and James",2026-08-28T13:33:59.365978Z,2026-08-28T13:33:59.366022Z,2026-08-05T20:55:44Z,22.7,True,False,,,False,,,,,False
21142605,8400184410420,15351561519488,productivity-drink-12-variety-pack,Productivity Drink - Mixed Flavours,12 Cans,5.0,ADHD MEDS IN A CAN,Just perfection. ADHD meds in a can,2026-08-26T18:46:49.844022Z,2026-08-26T18:46:49.844051Z,2026-08-02T23:19:57Z,23.8,True,False,,,False,,,,,False
21132951,8400184410420,8400184410420,orange-sunrise-productivity-drink,Productivity Drink - Orange Sunrise,12 Cans,5.0,PUTTING ON THE BLINKERS,"I was sceptical that a drink could help with productivity however, I find Neutonic allows me to put the blinkers on and really focus on the task at hand even when it is busy around me. Also , great to see this in shops now!",2026-08-26T12:38:51.183893Z,2026-08-26T12:38:51.183925Z,2026-08-03T23:18:57Z,22.6,True,False,,,False,,,,,False
21116387,8400184410420,15549992698240,productivity-drink-aus-orange,Smarter Energy Drink - Orange Sunrise,12 Cans,5.0,"NEVER DRANK ENERGY DRINKS, BUT I LIKE",I've never drank energy drinks before but these I like. Make me feel more energised,2026-08-25T23:16:32.221044Z,2026-08-25T23:16:32.221078Z,2026-07-20T23:15:46Z,36.0,True,False,,,False,,,,,False
21115386,8400184410420,8400184672564,wild-citrus-productivity-drink,Productivity Drink - Wild Citrus,12 Cans,5.0,STEADY PRODUCTIVITY!,If you want a steady productive drink without the coffee crash & jitters that tastes great. This is for you. Keep up the good work,2026-08-25T20:44:41.703273Z,2026-08-25T20:44:41.703307Z,2026-07-31T23:13:18Z,24.9,True,False,,,False,,,,,False
21110454,8400184410420,8400184410420,orange-sunrise-productivity-drink,Productivity Drink - Orange Sunrise,12 Cans,5.0,Fantastic,Best drink on the market. Second to none,2026-08-25T14:34:51.684773Z,2026-08-25T14:34:51.684802Z,2026-08-02T07:36:16Z,23.3,True,False,,,False,,,,,False
21092268,8400184410420,8400184410420,orange-sunrise-productivity-drink,Productivity Drink - Orange Sunrise,12 Cans,5.0,Awesome,"Awesome taste, fantastic customer service through subscription and flexibility of making changes….I have spread the word far and wide about this great product.",2026-08-24T12:52:16.229078Z,2026-08-24T12:52:16.229109Z,2026-08-06T00:29:10Z,18.5,True,False,,,False,,,,,False
21076189,8400184410420,15351561519488,productivity-drink-12-variety-pack,Productivity Drink - Mixed Flavours,12 Cans,5.0,"GREAT FLAVOURS, AWESOME FOCUS!",Great flavours and the focus is awesome! Easily my go to for caffeine - CFL,2026-08-22T13:30:19.537274Z,2026-08-22T13:30:19.537304Z,2026-07-30T23:16:17Z,22.6,True,False,,,False,,,,,False
21028927,8400184410420,15513143378304,mixed-flavours-12-cans,Productivity Drink - Mixed Flavors,12 Cans,5.0,It really is a productivity drink,"I've always had a morning routine that I would say is pretty strong and structured, but once I got to work it was hard to focus and ""grind."" Ever since I started drinking these a few months ago, that has gone away. My mornings, all the way until lunch, have been a lot easier and I've been able to focus a lot better. And, I also happen to LOVE the flavors - just a cherry on top!",2026-08-20T20:47:03.217084Z,2026-08-20T20:47:03.217125Z,2026-07-28T23:14:43Z,22.9,True,False,,,False,,,,,False
21012337,8400184410420,15549992698240,productivity-drink-aus-orange,Smarter Energy Drink - Orange Sunrise,12 Cans,5.0,Amazing,Great for a pick up in the afternoon or starting a long day,2026-08-20T00:57:36.081509Z,2026-08-20T00:57:36.081583Z,2026-07-21T14:27:27Z,29.4,True,False,,,False,,,,,False
20999091,8400184410420,15513143378304,mixed-flavours-12-cans,Productivity Drink - Mixed Flavors,12 Cans,5.0,Just buy it!,"Great product, just what I was missing at a long work day. Citrus is my favorite and I also really like the white “monster” as well!  5 ⭐️ for flavor and ingredients.",2026-08-18T21:13:15.158802Z,2026-08-18T21:13:15.158838Z,2026-07-26T23:14:32Z,22.9,True,False,,,False,,,,,False
20988284,8400184410420,15351561519488,productivity-drink-12-variety-pack,Productivity Drink - Mixed Flavours,12 Cans,5.0,GAME CHANGER FOR ALERTNESS!,"I have a can of the productivity drink every morning and if I don't have any in, I will have the capsules. The neutonic products have been a game changer for my processing speeds, focus and memory.",2026-08-18T16:09:28.498818Z,2026-08-18T16:09:28.498860Z,2026-07-29T18:00:06Z,19.9,True,False,,,False,,,,,False
20976747,8400184410420,8400184672564,wild-citrus-productivity-drink,Productivity Drink - Wild Citrus,12 Cans,5.0,Tasty AF,Tasty AF,2026-08-17T20:20:08.030873Z,2026-08-17T20:20:08.030919Z,2026-07-25T08:43:04Z,23.5,True,False,,,False,,,,,False
20943046,8400184410420,15549992698240,productivity-drink-aus-orange,Smarter Energy Drink - Orange Sunrise,12 Cans,5.0,GAME-CHANGER FOR PRODUCTIVITY!,"Neutonic has been a game‑changer for me at work. I feel noticeably more focused throughout the day, and it really helps spark my creativity when I’m tackling big projects. It’s become my go‑to drink whenever I need to get into a productive flow.",2026-08-16T22:57:27.356328Z,2026-08-16T22:57:27.356362Z,2026-07-05T23:16:06Z,42.0,True,False,,,False,,,,,False
20920055,8400184410420,15202964930944,productivity-drink-12-cans-strawberry-lemonade,Productivity Drink - Strawberry Lemonade,12 Cans,5.0,Focused energy without the comedown,If you’re struggling for focused energy this has to be your go to product. Significantly better feeling at a more reasonable price  than coffee and energy drinks,2026-08-14T10:28:46.994241Z,2026-08-14T10:28:46.994272Z,2026-06-03T23:15:06Z,71.5,True,False,,,False,,,,,False
20917076,8400184410420,15549992698240,productivity-drink-aus-orange,Smarter Energy Drink - Orange Sunrise,12 Cans,5.0,Focus like a mofo for trials hsc,Lovelyyy,2026-08-14T00:11:32.778911Z,2026-08-14T00:11:32.778942Z,2026-07-25T10:39:46Z,19.6,True,False,,,False,,,,,False
20900906,8400184410420,15351561519488,productivity-drink-12-variety-pack,Productivity Drink - Mixed Flavours,12 Cans,5.0,Goated products,Amazing,2026-08-12T23:49:24.066980Z,2026-08-12T23:49:24.067021Z,2026-07-01T12:33:33Z,42.5,True,False,,,False,,,,,False
20869917,8400184410420,15135241765248,productivity-drink-blue-raspberry-us,Productivity Drink - Blue Raspberry [US],12 Cans,5.0,Love! Wish there were mini sizes,This has been a wonderful replacement for coffee. Long lasting energy (I can’t have one later than 11am otherwise I’m still up when it’s bedtime) I only wish they were sold in mini half sizes. A half of one drink is perfect to get me through the day and it doesn’t store well once opened.,2026-08-11T21:51:52.114863Z,2026-08-11T21:51:52.114896Z,2026-06-21T23:26:04Z,50.9,True,False,,,False,,,,,False
20867090,8400184410420,8400185033012,tropical-ice-12pk,Productivity Drink - Tropical Ice,12 Cans,5.0,AFTERNOON CLARITY,"In addition to a _fairly_ clean and wholesome diet and lifestyle, I feel I have that bit more clarity when I crack-and-slurp my afternoon Neutropical. Thanks Team",2026-08-11T17:58:05.342592Z,2026-08-11T17:58:05.342624Z,2026-07-23T23:15:32Z,18.8,True,False,,,False,,,,,False
20842699,8400184410420,15351561519488,productivity-drink-12-variety-pack,Productivity Drink - Mixed Flavours,12 Cans,5.0,CAN'T GET ENOUGH!,"Awesome stuff, can’t get enough of it. Something to look forward to every day!!",2026-08-10T20:23:36.889917Z,2026-08-10T20:23:36.889956Z,2026-06-02T23:28:55Z,68.9,True,False,,,False,,,,,False
20834430,8400184410420,15202956968320,blue-raspberry-productivity-drink-12-cans,Productivity Drink - Blue Raspberry,12 Cans,5.0,This stuff is top tier,"This stuff is unreal. Liquid focus. Tastes amazing. Crucially, it's not scatty either, it's like the noise in your brain and outside what you're doing has been turned down, rather than drinking two coffees and feeling like you're sat on top of a rocket.",2026-08-10T14:49:31.042870Z,2026-08-10T14:49:31.042904Z,2026-07-05T23:15:53Z,35.6,True,False,,,False,,,,,False
20827897,8400184410420,8758066053428,orange-sunrise-12-pack-us,Productivity Drink - Orange Sunrise [US],12 Cans,5.0,Solid consistent energy with no crash,,2026-08-09T22:42:11.612395Z,2026-08-09T22:42:11.612428Z,2026-05-26T23:17:39Z,75.0,True,False,,,False,,,,,False
20827606,8400184410420,15549992698240,productivity-drink-aus-orange,Smarter Energy Drink - Orange Sunrise,12 Cans,5.0,ORDERING MORE TODAY!,A drink that tastes good and gets you through the long 12 hour days/nights without the crash. Ordering more today as we have just run out.,2026-08-09T21:50:39.100899Z,2026-08-09T21:50:39.100971Z,2026-06-23T11:57:02Z,47.4,True,False,,,False,,,,,False
20826932,8400184410420,15351561519488,productivity-drink-12-variety-pack,Productivity Drink - Mixed Flavours,12 Cans,5.0,TASTY MIXED FLAVOURS!,"I've tried the mixed flavour bundles a few times, all flavours are really tasty. I mix my creatine into it to male an uber cocktail of awesomeness. Recommended",2026-08-09T19:46:16.424077Z,2026-08-09T19:46:16.424107Z,2026-05-31T23:16:15Z,69.9,True,False,,,False,,,,,False
20826360,8400184410420,8400184410420,orange-sunrise-productivity-drink,Productivity Drink - Orange Sunrise,12 Cans,5.0,It’s brill,Best drink I’ve ever had. Just love the blend and flavour. Totally different to anything I’ve ever tried and would highly recommend it along with all the other flavours,2026-08-09T17:58:00.190975Z,2026-08-09T17:58:00.191008Z,2026-05-24T10:46:02Z,77.3,True,False,,,False,,,,,False
20822465,8400184410420,8400185033012,tropical-ice-12pk,Productivity Drink - Tropical Ice,12 Cans,5.0,Let me go order some more.,I drink at least one every day.,2026-08-09T07:30:13.449492Z,2026-08-09T07:30:13.449524Z,2026-06-19T05:50:58Z,51.1,True,False,,,False,,,,,False
20812315,8400184410420,15549988667776,productivity-drink-aus-trop,Smarter Energy Drink - Tropical Ice,12 Cans,4.0,SON TOOK MY DRINKS!,"The drink was great the only problem was I didn’t have many, my son drank most of my order.",2026-08-08T05:40:24.373290Z,2026-08-08T05:40:24.373321Z,2026-06-30T08:57:08Z,38.9,True,False,,,False,,,,,False
20781371,8400184410420,15351561519488,productivity-drink-12-variety-pack,Productivity Drink - Mixed Flavours,12 Cans,5.0,"I love Neutonic (no, I'm not being paid to say that).","I love Neutonic (no, I'm not being paid to say that).  For years, I've been an 'energy drink addict'. I drink them like regular people drink coffee - although I do drink coffee too.   I used to get a lot of flack from family and friends for drinking energy drinks. They're unhealthy. They're full of sh*t. They're no good for you.  Then I heard of Neutonic.  I originally bought a pack with the intention of giving it a go, maybe for a month, to get people off my back.  Several months later, I'm on a subscription, have drank many cans and love them all. Flavours are great. They're full of good stuff that makes me feel better about myself and best of all, no more nagging about sinking 'unhealthy energy drinks'.  I recommend giving them a go",2026-08-06T15:29:21.461479Z,2026-08-06T15:29:21.461512Z,2026-07-16T23:17:26Z,20.7,True,False,,,False,,,,,False
20774849,8400184410420,15549992698240,productivity-drink-aus-orange,Smarter Energy Drink - Orange Sunrise,12 Cans,5.0,BEST ENERGY DRINK!,Best energy drink on the market.,2026-08-05T23:54:30.574083Z,2026-08-05T23:54:30.574113Z,2026-07-16T04:30:55Z,20.8,True,False,,,False,,,,,False
20773567,8400184410420,15351561519488,productivity-drink-12-variety-pack,Productivity Drink - Mixed Flavours,12 Cans,4.0,"GOOD DRINK, BUT STEVIA WOULD BE NICE!","Works for me, would like to see it use stevia as a sweetener, but it’s still a good drink.",2026-08-05T20:33:48.795113Z,2026-08-05T20:33:48.795150Z,2026-05-27T23:20:13Z,69.9,True,False,,,False,,,,,False
20773330,8400184410420,15513143378304,mixed-flavours-12-cans,Productivity Drink - Mixed Flavors,12 Cans,5.0,AFTERNOON PICK ME UP!,These drinks are absolutely perfect for an afternoon pick me up to keep crushing the day. I am borderline addicted and enjoy every flavor.,2026-08-05T20:02:25.175191Z,2026-08-05T20:02:25.175221Z,2026-05-23T23:16:59Z,73.9,True,False,,,False,,,,,False
20769385,8400184410420,8400184410420,orange-sunrise-productivity-drink,Productivity Drink - Orange Sunrise,12 Cans,5.0,Tasty and effective energy drink,"A tasty energy/nootropic drink which is sweet but not too sweet, and gives a good, balanced caffeine kick which is not too strong but does the job!",2026-08-05T15:24:52.356007Z,2026-08-05T15:24:52.356043Z,2026-06-05T09:50:09Z,61.2,True,False,,,False,,,,,False
20727774,8400184410420,15351561519488,productivity-drink-12-variety-pack,Productivity Drink - Mixed Flavours,12 Cans,5.0,Locked in,Love it honestly,2026-08-03T20:54:44.467185Z,2026-08-03T20:54:44.467218Z,2026-05-24T23:14:43Z,70.9,True,False,,,False,,,,,False
20727268,8400184410420,15351561519488,productivity-drink-12-variety-pack,Productivity Drink - Mixed Flavours,12 Cans,5.0,Which one is best?,"I love the stuff, helps my work days after training, gets me back on it. Excited about the new flavours coming, but I still can't pick a favourite.",2026-08-03T19:42:47.993467Z,2026-08-03T19:42:47.993502Z,2026-05-26T23:13:45Z,68.9,True,False,,,False,,,,,False
20726136,8400184410420,15351561519488,productivity-drink-12-variety-pack,Productivity Drink - Mixed Flavours,12 Cans,5.0,Does what it says on the tin,,2026-08-03T16:45:21.720770Z,2026-08-03T16:45:21.720803Z,2026-05-26T23:15:47Z,68.7,True,False,,,False,,,,,False
20699506,8400184410420,15549988667776,productivity-drink-aus-trop,Smarter Energy Drink - Tropical Ice,12 Cans,5.0,"HOLY F***, THIS STUFF WORKS!","As someone that has lived on another brand of energy drink for the past 15+ years trying something new was going to be hard but holy fuck the clarity and focus i get from a can of neutonic is second to none, you guys have nailed the orange and tropical and now have a rolling order of 24 cans each month, excited to try new flavours as they roll through as well as the focus pouches when they restock, thank you for a guy that balances office and on site work needing to be on the ball as been a tall order that has been greatly assisted with Neutonic",2026-08-03T11:58:11.769484Z,2026-08-03T11:58:11.769527Z,2026-06-08T10:14:26Z,56.1,True,False,,,False,,,,,False
20684533,8400184410420,15549992698240,productivity-drink-aus-orange,Smarter Energy Drink - Orange Sunrise,12 Cans,5.0,THIS STUFF IS LEGIT!,"I was sceptical, but this stuff is legit. It made a world of difference to my cognitive function will definitely buy more",2026-08-01T09:55:20.780724Z,2026-08-01T09:55:20.780763Z,2026-07-08T04:28:39Z,24.2,True,False,,,False,,,,,False
20684361,8400184410420,15549992698240,productivity-drink-aus-orange,Smarter Energy Drink - Orange Sunrise,12 Cans,5.0,Quality product - very effective,Genuine focus and energy - no crash and great tasting.,2026-08-01T08:48:07.646841Z,2026-08-01T08:48:07.646888Z,2026-07-10T13:26:33Z,21.8,True,False,,,False,,,,,False
20679265,8400184410420,15193429967232,productivity-drink-strawberry-lemonade-us,Productivity Drink - Strawberry Lemonade [US],12 Cans,5.0,FOCUS AND FUEL!,Superior energy drink that fuels my focus and workouts.,2026-07-31T16:59:08.145737Z,2026-07-31T16:59:08.145766Z,2026-05-20T23:16:26Z,71.7,True,False,,,False,,,,,False
20679104,8400184410420,15351561519488,productivity-drink-12-variety-pack,Productivity Drink - Mixed Flavours,12 Cans,5.0,It’s fucking awesome,Don’t usually leave reviews. I’m on holiday. I drink this every day. Unreal product. Two more flavours added in to the range please boys.,2026-07-31T16:34:05.247203Z,2026-07-31T16:34:05.247235Z,2026-05-20T06:24:31Z,72.4,True,False,,,False,,,,,False
20671596,8400184410420,15513143378304,mixed-flavours-12-cans,Productivity Drink - Mixed Flavors,12 Cans,5.0,"10/10, Just a Couple of Dings!","The drink is a 10/10. My only issue is out of three cases I’ve received so far, there were 2 cans that were damaged open. Other than that, I highly recommend them to everyone.",2026-07-31T00:26:51.007998Z,2026-07-31T00:26:51.008034Z,2026-05-09T23:16:36Z,82.0,True,False,,,False,,,,,False
20670429,8400184410420,15762259542400,productivity-drink-mixed-flavours,Productivity Drink - Mixed Flavours,12 Cans,5.0,UNREAL PRODUCT! 💪🏻,"Tastes good but above all, it makes me so much more focused and genuinely helps my productivity. Effect doesn't seem to wear off the more I drink it either like it would with caffeine. Genuinely an unreal product, got my loyalty for sure 💪🏻",2026-07-30T21:40:22.468613Z,2026-07-30T21:40:22.468646Z,2026-05-30T17:07:45Z,61.2,True,False,,,False,,,,,False
20666998,8400184410420,8400184410420,orange-sunrise-productivity-drink,Productivity Drink - Orange Sunrise,12 Cans,5.0,Life’s essential,Since launch I’ve had one of these cans nearly everyday. Amazing focus and no comedown. It has become a daily supplement.,2026-07-30T15:04:53.329509Z,2026-07-30T15:04:53.329553Z,2026-06-01T09:54:49Z,59.2,True,False,,,False,,,,,False
20660806,8400184410420,8400185033012,tropical-ice-12pk,Productivity Drink - Tropical Ice,12 Cans,5.0,Great taste,"My favourite flavour.  Think Lilt (or whatever it's called now), with a boost. ",2026-07-30T10:03:47.521669Z,2026-07-30T10:03:47.521710Z,2026-06-09T23:20:19Z,50.4,True,False,,,False,,,,,False
20660805,8400184410420,15202964930944,productivity-drink-12-cans-strawberry-lemonade,Productivity Drink - Strawberry Lemonade,12 Cans,5.0,AFTERNOON KICK!,"Gives me the kick I need to keep going in the afternoon, and helps reduce brain fog.  On a day with no brain fog, it makes me feel razor sharp. ",2026-07-30T10:02:49.685562Z,2026-07-30T10:02:49.685592Z,2026-06-09T23:20:19Z,50.4,True,False,,,False,,,,,False
21305054,8400184410420,15549988667776,productivity-drink-aus-trop,Smarter Energy Drink - Tropical Ice,12 Cans,5.0,,1st sip of the orange elite,2026-07-30T04:48:22Z,2026-07-30T04:48:22Z,,,True,False,,shop_app,False,,,,,False
20646881,8400184410420,8400184410420,orange-sunrise-productivity-drink,Productivity Drink - Orange Sunrise,12 Cans,5.0,Focus,Love it! Full office team run on it,2026-07-29T14:29:55.368239Z,2026-07-29T14:29:55.368275Z,2026-05-17T23:16:50Z,72.6,True,False,,,False,,,,,False
20646199,8400184410420,8400184410420,orange-sunrise-productivity-drink,Productivity Drink - Orange Sunrise,12 Cans,5.0,Daily go to,"Been drinking this daily for over a year now, love it. Replaced my bad habit of unhealthy energy drinks",2026-07-29T12:58:04.041137Z,2026-07-29T12:58:04.041181Z,2026-05-12T15:54:31Z,77.9,True,False,,,False,,,,,False
20645712,8400184410420,8400184410420,orange-sunrise-productivity-drink,Productivity Drink - Orange Sunrise,12 Cans,5.0,JEALOUSY ENDUCING NECTAR & PILOT APPROVED,"At this point I don’t need to tell them they never see me without a can in hand. All of them love it and despite only convincing two to sign up themselves every single one of them asks for a can whenever they come over. Side note I’m an airline pilot (glorified bus driver) and when I have stupidly early flights or deep night duties, this product absolutely zones me the F in. Thousands of passengers around Europe have had Cushdy buttery landings into London Gatwick because of Nuetonic… I’d say you’re welcome but I should be saying thanks 🫡👁️",2026-07-29T12:27:46.212537Z,2026-07-29T12:27:46.212587Z,2026-05-15T23:13:18Z,74.6,True,False,,,False,,,,,False
20644230,8400184410420,8400184672564,wild-citrus-productivity-drink,Productivity Drink - Wild Citrus,12 Cans,5.0,BEST PRODUCT FOR PRODUCTIVITY!,"I love Neutonic, it is by far the best product on the market to improve productivity and I’ve tried them all.  Wild Citrus is the best flavour - I always feel refreshed, energised and ready to work  after drinking it. It’s been part of my daily routine for some time now and wouldn’t have it any other way.",2026-07-29T07:05:21.835851Z,2026-07-29T07:05:21.835883Z,2026-05-14T23:21:09Z,75.3,True,False,,,False,,,,,False
21305053,8400184410420,15549992698240,productivity-drink-aus-orange,Smarter Energy Drink - Orange Sunrise,12 Cans,5.0,,"Service, delivery and product amazing. Ive been waiting forever to be able to buy this product in Australia. I have watched James Smiths journey for the past few years since i have lived in Australia. He is such an ispiration, i love his sales techniques, his educatiobal content. Yiull never have to refund me i love this product",2026-07-29T05:00:00Z,2026-07-29T05:00:00Z,,,True,False,,shop_app,False,,,,,True
20643076,8400184410420,15549988667776,productivity-drink-aus-trop,Smarter Energy Drink - Tropical Ice,12 Cans,5.0,DAILY PICK ME UP!,I enjoy one every day - nice mid morning pick me up without being too buzzy,2026-07-29T03:05:26.875231Z,2026-07-29T03:05:26.875263Z,2026-06-10T05:26:56Z,48.9,True,False,,,False,,,,,False
20548716,8400184410420,15549988667776,productivity-drink-aus-trop,Smarter Energy Drink - Tropical Ice,12 Cans,5.0,NO BS ENERGY BOOST!,I have always been skeptical of Facebook ads claiming they have the best product. But the fact you were up front and no bs was a breath of fresh air.   I am a shift worker and a new baby and needed all the help in could get and thought why not give it a try.   First can I get the difference than other drinks. I could concentrate and had the energy to keep up.,2026-07-27T10:43:12.418787Z,2026-07-27T10:43:12.418843Z,2026-07-08T06:03:27Z,19.2,True,False,,,False,,,,,False
20546482,8400184410420,15351561519488,productivity-drink-12-variety-pack,Productivity Drink - Mixed Flavours,12 Cans,5.0,"""GOOD DRINKS, BUT A LITTLE TRICKY","Good variety in the drinks, but wish they were easier to get hold of",2026-07-27T08:35:03.925987Z,2026-07-27T08:35:03.926018Z,2026-07-06T20:58:23Z,20.5,True,False,,,False,,,,,False
21305051,8400184410420,15549988667776,productivity-drink-aus-trop,Smarter Energy Drink - Tropical Ice,12 Cans,5.0,,Tastes amazing,2026-07-27T00:32:57Z,2026-07-27T00:32:57Z,,,True,False,,shop_app,False,,,,,False
20541232,8400184410420,15202964930944,productivity-drink-12-cans-strawberry-lemonade,Productivity Drink - Strawberry Lemonade,12 Cans,5.0,More than just strawberry lemonade,"I love all of the neutonic drinks for how they give me an afternoon boost that keeps going through to my post work training. However, especially LOVE strawberry lemonade 😍",2026-07-26T19:14:08.440814Z,2026-07-26T19:14:08.440847Z,2026-06-03T23:16:37Z,52.8,True,False,,,False,,,,,False
21305050,8400184410420,15202956968320,blue-raspberry-productivity-drink-12-cans,Productivity Drink - Blue Raspberry,12 Cans,5.0,,My favourite flavour… but to he fair they all taste great.,2026-07-26T15:37:36Z,2026-07-26T15:37:36Z,,,True,False,,shop_app,False,,,,,False
21305049,8400184410420,15202964930944,productivity-drink-12-cans-strawberry-lemonade,Productivity Drink - Strawberry Lemonade,12 Cans,5.0,,Love them… happy with subscription service.,2026-07-26T15:37:13Z,2026-07-26T15:37:13Z,,,True,False,,shop_app,False,,,,,False
20535295,8400184410420,15202956968320,blue-raspberry-productivity-drink-12-cans,Productivity Drink - Blue Raspberry,12 Cans,5.0,"All flavours are great, but Blue Raspberry tops it.",Best of the flavours!,2026-07-25T20:29:35.422679Z,2026-07-25T20:29:35.422730Z,2026-05-12T14:01:30Z,74.3,True,False,,,False,,,,,False
20532283,8400184410420,8758066512180,wild-citrus-12-pack-us,Productivity Drink - Wild Citrus [US],12 Cans,5.0,LOVE THIS!!!,This is my go-to wake up drink before workouts.  I love it and it gives me the boost I need to get moving and grooving.,2026-07-25T13:02:46.332678Z,2026-07-25T13:02:46.332712Z,2026-05-09T10:49:50Z,77.1,True,False,,,False,,,,,False
20532252,8400184410420,15351561519488,productivity-drink-12-variety-pack,Productivity Drink - Mixed Flavours,12 Cans,5.0,HITS THE MARK EVERY TIME!,Genuinely hits the mark every time! Flavours are spot on! Clarity of thought post drink is great… will carry on with my subscription! Also run by people who give a SH!t… s ms rare in this world! Thank you!,2026-07-25T12:54:23.026777Z,2026-07-25T12:54:23.026809Z,2026-05-15T06:28:31Z,71.3,True,False,,,False,,,,,False
20519558,8400184410420,15549988667776,productivity-drink-aus-trop,Smarter Energy Drink - Tropical Ice,12 Cans,5.0,"Yep, works.","I honestly thought Neutronic was just going to be another energy drink with a fancy label and a few big promises. The only reason I gave it a crack was because I rate James Smith and his content.  I’m a shift worker, and normally between 2–4am I’m negotiating with my eyelids. “Just a quick rest” usually turns into staring blankly at a computer screen while questioning every life decision.  Had a Neutronic on night shift last week and was absolutely wired. I figured it had to be a fluke.  Tried it again the following night.  Turns out the fluke was me thinking it wouldn’t work.  Safe to say I’m impressed. It actually does what it says on the tin.",2026-07-24T11:01:22.739007Z,2026-07-24T11:01:22.739042Z,2026-07-02T04:29:59Z,22.3,True,False,,,False,,,,,False
20517342,8400184410420,15202956968320,blue-raspberry-productivity-drink-12-cans,Productivity Drink - Blue Raspberry,12 Cans,5.0,👍,👍,2026-07-24T10:26:03.189783Z,2026-07-24T10:26:03.189814Z,2026-06-02T07:55:57Z,52.1,True,False,,,False,,,,,False
20514954,8400184410420,15549988667776,productivity-drink-aus-trop,Smarter Energy Drink - Tropical Ice,12 Cans,5.0,Pleasantly satisfied great pick me up,Good sized can and delivered as a pick me Up without the over the top buzz. Taste was great.,2026-07-24T01:17:29.829429Z,2026-07-24T01:17:29.829461Z,2026-07-01T01:50:30Z,23.0,True,False,,,False,,,,,False
20506121,8400184410420,15351561519488,productivity-drink-12-variety-pack,Productivity Drink - Mixed Flavours,12 Cans,5.0,"Long term review, feelin' 10/10","Long term review and reflections:  Having been around the block enough with energy drinks and tea's, dealing with the frequent jitteryness and crashes that always follow, i had to complete stop when i got a palpitation.   Pushed me to look for better alternatives to help with lack of focus and energy to help with fatigue reduction and unsure about what was safe, what was tasty to drink, as that really is part of the issue. Tried many a health tonic and botanical drink and while they work, they always felt me left wanting.  Coming across Neutonic, I was intrigued, read through the site, the research, watched the video doc and well I gace it a try, bought a case and trialed it out and darn yeah I mean after some time with it in my usual routine for work and creative tasks i certainly started to see improvements in my focus and energy levels.   Its good many many months on now and I can proudly say im a fan of the products, dont think im the target audience for the creatine variant but for the most part what i have in my routine works for me, helps with that adhd brainfog and helping me just generally feel more productive   Focus blend in the morning part of my day into work shift and a cold can of the Productivity drink after lunch to sip at and see me through the day and cycle home. Certainly was a skeptic at first but now im onboard and feeling good, along side a balnced diet ofc which Ive felt more encouraged to develop thanks to feeling more engaged and focused on my health and wellbeing :)",2026-07-23T18:01:41.083961Z,2026-07-23T18:01:41.083996Z,2026-05-11T23:23:29Z,72.8,True,False,,,False,,,,,False
20499800,8400184410420,15351561519488,productivity-drink-12-variety-pack,Productivity Drink - Mixed Flavours,,5.0,,Well impressed! All flavours are banging ! No afternoon crash.,2026-07-23T08:33:29Z,2026-07-23T08:33:29Z,,,False,False,,,False,,,,,False
20499798,8400184410420,15549992698240,productivity-drink-aus-orange,Smarter Energy Drink - Orange Sunrise,,5.0,,Banging,2026-07-23T03:33:31Z,2026-07-23T03:33:31Z,,,False,False,,,False,,,,,False
20495425,8400184410420,15549992698240,productivity-drink-aus-orange,Smarter Energy Drink - Orange Sunrise,12 Cans,5.0,CREDIT WHERE CREDIT IS DUE,Actually epic drink. Don't give out reviews lightly. But this one is credit where credit is due.,2026-07-23T02:24:41.426283Z,2026-07-23T02:24:41.426314Z,2026-07-02T01:52:02Z,21.0,True,False,,,False,,,,,False
20499797,8400184410420,15549988667776,productivity-drink-aus-trop,Smarter Energy Drink - Tropical Ice,,5.0,,Exactly what I needed for an afternoon pick me up in the office. Tastes great and keeps me focus without the afternoon crash. Got the whole team onto them!,2026-07-22T23:50:04Z,2026-07-22T23:50:04Z,,,False,False,,,False,,,,,False
20499795,8400184410420,8400184672564,wild-citrus-productivity-drink,Productivity Drink - Wild Citrus,,5.0,,Tastes great,2026-07-22T20:50:52Z,2026-07-22T20:50:52Z,,,False,False,,,False,,,,,False
20499790,8400184410420,15135241765248,productivity-drink-blue-raspberry-us,Productivity Drink - Blue Raspberry [US],,5.0,,Love!!,2026-07-22T17:23:55Z,2026-07-22T17:23:55Z,,,False,False,,,False,,,,,False
20499789,8400184410420,8758066512180,wild-citrus-12-pack-us,Productivity Drink - Wild Citrus [US],,5.0,,Love the flavor.  My go to for productivity.  Doesn't create the spike then the crash.,2026-07-22T17:23:38Z,2026-07-22T17:23:38Z,,,False,False,,,False,,,,,False
20499788,8400184410420,15549992698240,productivity-drink-aus-orange,Smarter Energy Drink - Orange Sunrise,,5.0,,Enjoying one right now. I’m on my 3rd reorder.,2026-07-22T02:09:08Z,2026-07-22T02:09:08Z,,,False,False,,,False,,,,,False
20499787,8400184410420,15549988667776,productivity-drink-aus-trop,Smarter Energy Drink - Tropical Ice,,5.0,,Love them. I’ve been enjoying one every day,2026-07-22T02:08:31Z,2026-07-22T02:08:31Z,,,False,False,,,False,,,,,False
20499784,8400184410420,15351561519488,productivity-drink-12-variety-pack,Productivity Drink - Mixed Flavours,,5.0,,"Love these drinks, they taste great, but more importantly they focus my brain. No idea how it works but it stops my brain from wandering and makes it easier to stay on task of long periods of times. Great for studies and work.",2026-07-21T16:21:43Z,2026-07-21T16:21:43Z,,,False,False,,,False,,,,,False
20499783,8400184410420,15351561519488,productivity-drink-12-variety-pack,Productivity Drink - Mixed Flavours,,5.0,,"Great product, but pricey but a nice treat for a healthy alternative to what's on the market",2026-07-21T12:21:37Z,2026-07-21T12:21:37Z,,,False,False,,,False,,,,,False
20456138,8400184410420,15202964930944,productivity-drink-12-cans-strawberry-lemonade,Productivity Drink - Strawberry Lemonade,12 Cans,4.0,"TASTY, BUT NO MENTAL BOOST","Great taste, I just don't experience the mental boost.",2026-07-21T11:20:21.018897Z,2026-07-21T11:20:21.018929Z,2026-05-31T23:20:51Z,50.5,True,False,,,False,,,,,False
20499782,8400184410420,15351561519488,productivity-drink-12-variety-pack,Productivity Drink - Mixed Flavours,,5.0,,The mixed flavours prevents the boredom of this quality energy drink.,2026-07-21T10:50:05Z,2026-07-21T10:50:05Z,,,False,False,,,False,,,,,False
20499781,8400184410420,15202964930944,productivity-drink-12-cans-strawberry-lemonade,Productivity Drink - Strawberry Lemonade,,5.0,,"Great product & so much better than the regular energy drinks, really rate them, for their ingredients & taste!",2026-07-21T09:38:46Z,2026-07-21T09:38:46Z,,,False,False,,,False,,,,,False
20499780,8400184410420,8400184672564,wild-citrus-productivity-drink,Productivity Drink - Wild Citrus,,5.0,,My favourite go-to work drink. Coffee is far inferior as it doesn’t have all the added brain benefits that neutonic has. Well done on a great product,2026-07-21T09:12:20Z,2026-07-21T09:12:20Z,,,False,False,,,False,,,,,False
20499779,8400184410420,15202956968320,blue-raspberry-productivity-drink-12-cans,Productivity Drink - Blue Raspberry,,5.0,,Love this flavour so much! Would love a low or  no caffeine version too for afternoons,2026-07-21T08:59:26Z,2026-07-21T08:59:26Z,,,False,False,,,False,,,,,False
20499777,8400184410420,8758066512180,wild-citrus-12-pack-us,Productivity Drink - Wild Citrus [US],,5.0,,Love it,2026-07-21T01:47:50Z,2026-07-21T01:47:50Z,,,False,False,,,False,,,,,False
20499776,8400184410420,15549988667776,productivity-drink-aus-trop,Smarter Energy Drink - Tropical Ice,,5.0,,"Taste is great, refreshing even.  The buzz is great with a graceful dropoff come the afternoon, don't crash as hard as other energy drinks.  Reckon this is the one to get me off the White Monsters.",2026-07-20T23:11:44Z,2026-07-20T23:11:44Z,,,False,False,,,False,,,,,False
20445502,8400184410420,8400185033012,tropical-ice-12pk,Productivity Drink - Tropical Ice,12 Cans,5.0,BEST PRODUCTIVITY DRINK EVER!,Absolutely dig this product! Best productivity drink out there! The flavours are devine! I notice such a difference when I have these on those really busy heavy days and great for recovery after a hangover!,2026-07-20T20:24:41.790549Z,2026-07-20T20:24:41.790581Z,2026-05-09T19:46:26Z,72.0,True,False,,,False,,,,,False
20499774,8400184410420,15351561519488,productivity-drink-12-variety-pack,Productivity Drink - Mixed Flavours,,5.0,,"In the nicest way possible, I’m surprised it wasn’t BS. Part of me can’t tell if it’s placebo but it definitely works.",2026-07-20T20:08:44Z,2026-07-20T20:08:44Z,,,False,False,,,False,,,,,False
20499773,8400184410420,8400184672564,wild-citrus-productivity-drink,Productivity Drink - Wild Citrus,,5.0,,"Great flavour , probably my favourite",2026-07-20T19:53:15Z,2026-07-20T19:53:15Z,,,False,False,,,False,,,,,False
20499772,8400184410420,15202956968320,blue-raspberry-productivity-drink-12-cans,Productivity Drink - Blue Raspberry,,5.0,,Best thing since sliced bread. Really love these - they’re my favourite flavour,2026-07-20T19:45:55Z,2026-07-20T19:45:55Z,,,False,False,,,False,,,,,False
21305040,8400184410420,15202956968320,blue-raspberry-productivity-drink-12-cans,Productivity Drink - Blue Raspberry,12 Cans,5.0,,Amazing products from neutonic,2026-07-20T15:50:40Z,2026-07-20T15:50:40Z,,,True,False,,shop_app,False,,,,,False
20499770,8400184410420,8400184410420,orange-sunrise-productivity-drink,Productivity Drink - Orange Sunrise,,5.0,,Amazing products from neutonic,2026-07-20T15:50:24Z,2026-07-20T15:50:24Z,,,False,False,,,False,,,,,False
21305039,8400184410420,8400184410420,orange-sunrise-productivity-drink,Productivity Drink - Orange Sunrise,12 Cans,5.0,,Amazing products from neutonic,2026-07-20T15:50:24Z,2026-07-20T15:50:24Z,,,True,False,,shop_app,False,,,,,False
20499769,8400184410420,8400185033012,tropical-ice-12pk,Productivity Drink - Tropical Ice,,5.0,,Love the drinks - this is the best flavour for a first-timer,2026-07-20T11:52:43Z,2026-07-20T11:52:43Z,,,False,False,,,False,,,,,False
20499767,8400184410420,8400184410420,orange-sunrise-productivity-drink,Productivity Drink - Orange Sunrise,,5.0,,"Every flavour becomes the new, nicest energy drink I've tried. And all without the afternoon crash.",2026-07-20T10:33:00Z,2026-07-20T10:33:00Z,,,False,False,,,False,,,,,False
20499766,8400184410420,15351561519488,productivity-drink-12-variety-pack,Productivity Drink - Mixed Flavours,,3.0,,"The blueberry flavour, and the strawberry one aren't great. But I like the others. In terms of the drink itself, it's a good drink. I like to think it helps a bit with focus too.",2026-07-20T06:11:31Z,2026-07-20T06:11:31Z,,,False,False,,,False,,,,,False
20427385,8400184410420,15202956968320,blue-raspberry-productivity-drink-12-cans,Productivity Drink - Blue Raspberry,12 Cans,5.0,Great taste,Tastes nice,2026-07-19T15:42:13.582302Z,2026-07-19T15:42:13.582334Z,2026-05-24T23:25:35Z,55.7,True,False,,,False,,,,,False
20499765,8400184410420,15549992698240,productivity-drink-aus-orange,Smarter Energy Drink - Orange Sunrise,,5.0,,"Tastes awesome, no funny after taste or anything like usual drinks",2026-07-18T03:33:46Z,2026-07-18T03:33:46Z,,,False,False,,,False,,,,,False
20499760,8400184410420,15549988667776,productivity-drink-aus-trop,Smarter Energy Drink - Tropical Ice,,5.0,,Really like this!,2026-07-17T07:31:15Z,2026-07-17T07:31:15Z,,,False,False,,,False,,,,,False
20377820,8400184410420,15202956968320,blue-raspberry-productivity-drink-12-cans,Productivity Drink - Blue Raspberry,12 Cans,4.0,Very Good but wheres the wee bonus's,"Great flavour and taste and works a treat for the mid afternoon slump in energy. Slightly disappointed in the little extras or treats that used to be put in the delivery when you subscribe are no longer there in the last 2 or 3 deliveries though. Thought it was a nice touch getting that little extra as a ""Thank you""",2026-07-15T15:06:53.703991Z,2026-07-15T15:06:53.704044Z,2026-04-29T14:16:50Z,77.0,True,False,,,False,,,,,False
20376433,8400184410420,15513143378304,mixed-flavours-12-cans,Productivity Drink - Mixed Flavors,12 Cans,5.0,Great post-lunch performance booster.,"Not an energy drink guy, but these have been fantastic with my lunch, especially helping get over that mid-afternoon drowsiness that sets in, Will buy again.",2026-07-15T12:59:41.413226Z,2026-07-15T12:59:41.413268Z,2026-05-29T01:29:39Z,47.5,True,False,,,False,,,,,False
20345940,8400184410420,15366509429120,productivity-drink-12-cans-tropical-ice-uae,Productivity Drink - Tropical Ice,12 Cans,5.0,BEST PICK ME UP EVER!,Honestly the best pick me up/focus drink I’ve ever had!,2026-07-14T14:16:49.824715Z,2026-07-14T14:16:49.824747Z,2026-05-20T04:46:53Z,55.4,True,False,,,False,,,,,False
20345915,8400184410420,8400184410420,orange-sunrise-productivity-drink,Productivity Drink - Orange Sunrise,12 Cans,5.0,Game changing,Couldn’t run my small business without these!!,2026-07-14T14:12:16.384631Z,2026-07-14T14:12:16.384672Z,2026-05-20T23:14:03Z,54.6,True,False,,,False,,,,,False
20499757,8400184410420,15351561519488,productivity-drink-12-variety-pack,Productivity Drink - Mixed Flavours,,5.0,,Amazing,2026-07-13T23:06:56Z,2026-07-13T23:06:56Z,,,False,False,,,False,,,,,False
21305034,8400184410420,15202956968320,blue-raspberry-productivity-drink-12-cans,Productivity Drink - Blue Raspberry,12 Cans,5.0,,Amazing as usual,2026-07-12T22:24:36Z,2026-07-12T22:24:36Z,,,True,False,,shop_app,False,,,,,False
20499754,8400184410420,8400184672564,wild-citrus-productivity-drink,Productivity Drink - Wild Citrus,,5.0,,Amazing as usual,2026-07-12T22:24:31Z,2026-07-12T22:24:31Z,,,False,False,,,False,,,,,False
21305033,8400184410420,8400184672564,wild-citrus-productivity-drink,Productivity Drink - Wild Citrus,12 Cans,5.0,,Amazing as usual,2026-07-12T22:24:31Z,2026-07-12T22:24:31Z,,,True,False,,shop_app,False,,,,,False
20307975,8400184410420,15193429967232,productivity-drink-strawberry-lemonade-us,Productivity Drink - Strawberry Lemonade [US],12 Cans,5.0,GREAT MORNING BOOST!,I love this drink to start my day.  Give me a great boost of energy,2026-07-12T17:40:10.457766Z,2026-07-12T17:40:10.457799Z,2026-04-30T03:00:26Z,73.6,True,False,,,False,,,,,False
20300025,8400184410420,15135241765248,productivity-drink-blue-raspberry-us,Productivity Drink - Blue Raspberry [US],12 Cans,5.0,Focus without the crashout,This is the kind of mythical drink that you didn’t think was real until you have it. It brings you up without sending your nerves into orbit and as you’re coming down you don’t have to worry about nosediving into exhaustion.,2026-07-11T14:12:38.942297Z,2026-07-11T14:12:38.942330Z,2026-04-24T23:18:11Z,77.6,True,False,,,False,,,,,False
21305032,8400184410420,15549992698240,productivity-drink-aus-orange,Smarter Energy Drink - Orange Sunrise,12 Cans,5.0,,The orange flavour is excellent. The tropical flavour is okay. I think you guys would do really well to bring in a grape flavour and maybe look at a cola flavour.,2026-07-10T11:37:36Z,2026-07-10T11:37:36Z,,,True,False,,shop_app,False,,,,,False
20277940,8400184410420,15202956968320,blue-raspberry-productivity-drink-12-cans,Productivity Drink - Blue Raspberry,12 Cans,5.0,Love these,I bloody love these. They taste great and I feel better drinking this than having a red bull,2026-07-10T10:17:50.586008Z,2026-07-10T10:17:50.586039Z,2026-05-20T16:09:02Z,50.8,True,False,,,False,,,,,False
20499753,8400184410420,15202956968320,blue-raspberry-productivity-drink-12-cans,Productivity Drink - Blue Raspberry,,5.0,,"Love this, I subscribe as cant be without it!",2026-07-09T10:10:22Z,2026-07-09T10:10:22Z,,,False,False,,,False,,,,,False
21305031,8400184410420,15202956968320,blue-raspberry-productivity-drink-12-cans,Productivity Drink - Blue Raspberry,12 Cans,5.0,,"Love this, I subscribe as cant be without it!",2026-07-09T10:10:22Z,2026-07-09T10:10:22Z,,,True,False,,shop_app,False,,,,,False
20256209,8400184410420,15351561519488,productivity-drink-12-variety-pack,Productivity Drink - Mixed Flavours,12 Cans,4.0,"Loved it, but shipping broke me","Really enjoyed the product, but waited around 2 months for shipping to Eastern Europe and it ended up costing as much as the pack. I realise this is a government thing, but it is the only thing stopping me from ordering again. Which is a shame, really loved Tropical Ice.",2026-07-09T08:53:16.535744Z,2026-07-09T08:53:16.535785Z,2026-05-15T19:35:34Z,54.6,True,False,,,False,,,,,False
20245326,8400184410420,15413939503488,productivity-drink-orange-sunrise-uk,Productivity Drink - Orange Sunrise,,4.0,Great Tasting,Love the taste,2026-07-08T13:32:20.401694Z,2026-07-08T13:32:20.401724Z,,,False,False,,,False,,,,,False
20232293,8400184410420,15351561519488,productivity-drink-12-variety-pack,Productivity Drink - Mixed Flavours,,5.0,⭐️⭐️⭐️⭐️⭐️ product,Neutonic is a massive game changer. I’ve worked in an office based environment for over 30 years and I genuinely feel way more alive in meetings. My generation has increased and my concentration levels in meetings has taken me back to my twenties. I’ve recommended this brand to multiple people and I genuinely believe it’s making an impact in giving me a better life 7 days a week.,2026-07-07T18:47:30.821804Z,2026-07-07T18:47:37.107443Z,,,False,True,,,False,,,,,False
20195874,8400184410420,8400184672564,wild-citrus-productivity-drink,Productivity Drink - Wild Citrus,12 Cans,5.0,Surprisingly tasty for a drink with no sugar,,2026-07-07T06:31:20.325868Z,2026-07-07T06:31:20.325897Z,2026-05-11T14:57:18Z,56.6,True,False,,,False,,,,,False
20121555,8400184410420,8799704154420,tropical-ice-12pk-us,Productivity Drink - Tropical Ice [US],12 Cans,5.0,Fizzy focus,My favorite flavor but they are too fizzy.,2026-07-01T06:09:26.004818Z,2026-07-01T06:09:26.004852Z,2026-05-10T23:12:38Z,51.3,True,False,,,False,,,,,False
20121554,8400184410420,8758066053428,orange-sunrise-12-pack-us,Productivity Drink - Orange Sunrise [US],12 Cans,4.0,Good focus,It does seem to boost focus but there is no affect that comes along with the product. It works but it feels more like a placebo than an energy type drink. I do enjoy them and recommend my only thought is they are pretty pricey.,2026-07-01T06:08:31.468961Z,2026-07-01T06:08:31.468993Z,2026-05-10T23:12:38Z,51.3,True,False,,,False,,,,,False
20104588,8400184410420,8400184672564,wild-citrus-productivity-drink,Productivity Drink - Wild Citrus,12 Cans,5.0,UNREAL FLAVOUR!,This flavour is unreal. Absolutely nailed it. Been using these for some time now and the focus benefit is exactly what I hoped it would be. Need to try the Blue Raspberry but i'm not sure it could top this one.,2026-06-30T09:28:09.530270Z,2026-06-30T09:28:09.530302Z,2026-05-10T23:33:11Z,50.4,True,False,,,False,,,,,False
20499717,8400184410420,15351561519488,productivity-drink-12-variety-pack,Productivity Drink - Mixed Flavours,,5.0,,Great way to try the flavours,2026-06-29T18:17:15Z,2026-06-29T18:17:15Z,,,False,False,,,False,,,,,False
21305029,8400184410420,15351561519488,productivity-drink-12-variety-pack,Productivity Drink - Mixed Flavours,12 Cans,5.0,,Great way to try the flavours,2026-06-29T18:17:15Z,2026-06-29T18:17:15Z,,,True,False,,shop_app,False,,,,,False
21305028,8400184410420,15549992698240,productivity-drink-aus-orange,Smarter Energy Drink - Orange Sunrise,12 Cans,4.0,,Like the tropical better. But still pretty good,2026-06-29T11:53:25Z,2026-06-29T11:53:25Z,,,True,False,,shop_app,False,,,,,False
20499713,8400184410420,15549988667776,productivity-drink-aus-trop,Smarter Energy Drink - Tropical Ice,,4.0,,Tropical is good,2026-06-29T11:52:37Z,2026-06-29T11:52:37Z,,,False,False,,,False,,,,,False
21305027,8400184410420,15549988667776,productivity-drink-aus-trop,Smarter Energy Drink - Tropical Ice,12 Cans,4.0,,Tropical is good,2026-06-29T11:52:37Z,2026-06-29T11:52:37Z,,,True,False,,shop_app,False,,,,,False
20044016,8400184410420,15351561519488,productivity-drink-12-variety-pack,Productivity Drink - Mixed Flavours,12 Cans,5.0,TROPICAL ICE FTW!,"Tropical Ice and Orange Sunrise are amazin! I’d drink them every day. Strawberry is just too sweet, and blueberry is not my cup of tea.  But overall amazing, would recommend everyone to try it.",2026-06-28T18:43:24.948422Z,2026-06-28T18:43:24.948457Z,2026-05-19T17:28:18Z,40.1,True,False,,,False,,,,,False
19997370,8400184410420,15202956968320,blue-raspberry-productivity-drink-12-cans,Productivity Drink - Blue Raspberry,12 Cans,5.0,This is what focus should taste like,"Lovely, well-balanced drop of laser-focus in a can. No crashes that you get with energy drinks, just an extra kick of energy. Worst case scenario? You'll like the drink for the flavour",2026-06-26T10:17:53.575549Z,2026-06-26T10:17:53.575582Z,2026-05-18T13:55:00Z,38.8,True,False,,,False,,,,,False
20499716,8400184410420,15351561519488,productivity-drink-12-variety-pack,Productivity Drink - Mixed Flavours,,5.0,,"Drinks are a good selection, Blue Raspberry reminds me of bonbons! Sachets are good for a midday pick me up!",2026-06-24T13:40:22Z,2026-06-24T13:40:22Z,,,False,False,,,False,,,,,False
21305025,8400184410420,15351561519488,productivity-drink-12-variety-pack,Productivity Drink - Mixed Flavours,12 Cans,5.0,,"Drinks are a good selection, Blue Raspberry reminds me of bonbons! Sachets are good for a midday pick me up!",2026-06-24T13:40:22Z,2026-06-24T13:40:22Z,,,True,False,,shop_app,False,,,,,False
20499699,8400184410420,15549988667776,productivity-drink-aus-trop,Smarter Energy Drink - Tropical Ice,,5.0,,Amazing taste!,2026-06-24T11:57:28Z,2026-06-24T11:57:28Z,,,False,False,,,False,,,,,False
21305024,8400184410420,15549988667776,productivity-drink-aus-trop,Smarter Energy Drink - Tropical Ice,12 Cans,5.0,,Amazing taste!,2026-06-24T11:57:28Z,2026-06-24T11:57:28Z,,,True,False,,shop_app,False,,,,,False
19952935,8400184410420,15557350785408,productivity-drink-12-cans-aus-tropical,Smarter Energy Drink - Tropical Ice,,5.0,"Feeling focused, helpful and hopeful! 🏀🩵",I got my order of Neutonic today and tried Tropical Ice this afternoon. I set myself a goal this week to score my son’s basketball game. I have always avoided it because I’m worried I will mess it up or miss something. Really second guessing my brain! He has played for 5 years now and I have always handballed it to my husband and he’s kind of over it lol so tonight I got to the stadium feeling calm and focused like I COULD DO IT! … and I did. I didn’t second guess my brain or my decisions. I felt clear. I know it’s the first day but it’s already helped me in this really special way. Thanks boys!,2026-06-24T08:49:34.436626Z,2026-06-24T08:49:34.436707Z,,,False,False,,,True,,,,,False
20499709,8400184410420,15549988667776,productivity-drink-aus-trop,Smarter Energy Drink - Tropical Ice,,5.0,,"These are delicious, tastes amazing.  In the words of TB12 - ‘Laser focused’",2026-06-24T00:56:42Z,2026-06-24T00:56:42Z,,,False,False,,,False,,,,,False
21305022,8400184410420,15549988667776,productivity-drink-aus-trop,Smarter Energy Drink - Tropical Ice,12 Cans,5.0,,"These are delicious, tastes amazing.  In the words of TB12 - ‘Laser focused’",2026-06-24T00:56:42Z,2026-06-24T00:56:42Z,,,True,False,,shop_app,False,,,,,False
21305021,8400184410420,15549992698240,productivity-drink-aus-orange,Smarter Energy Drink - Orange Sunrise,12 Cans,5.0,,"Great taste, better than expected I think I prefer this over tropical ice but not by much they are both great, and also worked well.",2026-06-23T01:54:54Z,2026-06-23T01:54:54Z,,,True,False,,shop_app,False,,,,,False
20499698,8400184410420,15549988667776,productivity-drink-aus-trop,Smarter Energy Drink - Tropical Ice,,5.0,,"Great taste, better than expected, and also worked well",2026-06-23T01:53:52Z,2026-06-23T01:53:52Z,,,False,False,,,False,,,,,False
21305020,8400184410420,15549988667776,productivity-drink-aus-trop,Smarter Energy Drink - Tropical Ice,12 Cans,5.0,,"Great taste, better than expected, and also worked well",2026-06-23T01:53:52Z,2026-06-23T01:53:52Z,,,True,False,,shop_app,False,,,,,False
21305019,8400184410420,15513143378304,mixed-flavours-12-cans,Productivity Drink - Mixed Flavors,12 Cans,5.0,,Mostly wise,2026-06-22T13:36:28Z,2026-06-22T13:36:28Z,,,True,False,,shop_app,False,,,,,False
19831994,8400184410420,8758066053428,orange-sunrise-12-pack-us,Productivity Drink - Orange Sunrise [US],12 Cans,5.0,BEST ENERGY DRINK EVER!,Yea this is my favorite energy drink of all time the focus is nuts and it’s just so much better than anything that has ever existed. I wish i was rich i would just drink like 4 of these a day and ditch everything else,2026-06-18T00:15:33.844574Z,2026-06-18T00:15:33.844606Z,2026-04-26T13:11:44Z,52.5,True,False,,,False,,,,,False
21305017,8400184410420,8400185033012,tropical-ice-12pk,Productivity Drink - Tropical Ice,12 Cans,3.0,,"The drinks come well packaged, and I do like the flavours. It's just got too expensive and the subscription rarely gives any decent freebies.",2026-06-17T08:53:01Z,2026-06-17T08:53:01Z,,,True,False,,shop_app,False,,,,,False
20499719,8400184410420,8400185033012,tropical-ice-12pk,Productivity Drink - Tropical Ice,,3.0,,"The drinks come well packaged, and I do like the flavours. It's just got too expensive and the subscription rarely gives any decent freebies.",2026-06-17T08:53:01Z,2026-06-17T08:53:01Z,,,False,False,,,False,,,,,False
21305015,8400184410420,8400185033012,tropical-ice-12pk,Productivity Drink - Tropical Ice,12 Cans,5.0,,Lekker!,2026-06-15T16:29:27Z,2026-06-15T16:29:27Z,,,True,False,,shop_app,False,,,,,False
21305014,8400184410420,15549992698240,productivity-drink-aus-orange,Smarter Energy Drink - Orange Sunrise,12 Cans,5.0,,"This is my favourite flavour for sure! Fantastic product, perfect to counteract the 3pm arvo slump at the office",2026-06-11T04:02:14Z,2026-06-11T04:02:14Z,,,True,False,,shop_app,False,,,,,False
20499706,8400184410420,15549988667776,productivity-drink-aus-trop,Smarter Energy Drink - Tropical Ice,,5.0,,Great taste and definitely noticed the benefits when I’m at the office later in the day rather than having a coffee,2026-06-11T04:01:23Z,2026-06-11T04:01:23Z,,,False,False,,,False,,,,,False
21305013,8400184410420,15549988667776,productivity-drink-aus-trop,Smarter Energy Drink - Tropical Ice,12 Cans,5.0,,Great taste and definitely noticed the benefits when I’m at the office later in the day rather than having a coffee,2026-06-11T04:01:23Z,2026-06-11T04:01:23Z,,,True,False,,shop_app,False,,,,,False
21305012,8400184410420,15549992698240,productivity-drink-aus-orange,Smarter Energy Drink - Orange Sunrise,12 Cans,5.0,,Great tasting.  Try both this and Tropical. Tropical is next level.,2026-06-10T23:20:51Z,2026-06-10T23:20:51Z,,,True,False,,shop_app,False,,,,,False
20499702,8400184410420,15549992698240,productivity-drink-aus-orange,Smarter Energy Drink - Orange Sunrise,,5.0,,Great tasting.  Try both this and Tropical. Tropical is next level.,2026-06-10T23:20:51Z,2026-06-10T23:20:51Z,,,False,False,,,False,,,,,False
21305011,8400184410420,15549988667776,productivity-drink-aus-trop,Smarter Energy Drink - Tropical Ice,12 Cans,5.0,,Easy 5 😎,2026-06-10T23:20:05Z,2026-06-10T23:20:05Z,,,True,False,,shop_app,False,,,,,False
20499705,8400184410420,15549988667776,productivity-drink-aus-trop,Smarter Energy Drink - Tropical Ice,,5.0,,Easy 5 😎,2026-06-10T23:20:05Z,2026-06-10T23:20:05Z,,,False,False,,,False,,,,,False
21305010,8400184410420,15549992698240,productivity-drink-aus-orange,Smarter Energy Drink - Orange Sunrise,12 Cans,5.0,,"Prefer the tropical flavour, but still tastes good. Gives a good buzz without jitters like so many energy drinks. Will keep coming back",2026-06-08T07:14:40Z,2026-06-08T07:14:40Z,,,True,False,,shop_app,False,,,,,False
21305009,8400184410420,15549988667776,productivity-drink-aus-trop,Smarter Energy Drink - Tropical Ice,12 Cans,5.0,,My preferred flavour of the two. Gives a good buzz without jitters like so many energy drinks. Will keep coming back,2026-06-08T07:14:16Z,2026-06-08T07:14:16Z,,,True,False,,shop_app,False,,,,,False
20499696,8400184410420,15549988667776,productivity-drink-aus-trop,Smarter Energy Drink - Tropical Ice,,5.0,,My preferred flavour of the two. Gives a good buzz without jitters like so many energy drinks. Will keep coming back,2026-06-08T07:14:16Z,2026-06-08T07:14:16Z,,,False,False,,,False,,,,,False
21305007,8400184410420,8400184672564,wild-citrus-productivity-drink,Productivity Drink - Wild Citrus,12 Cans,5.0,,I like the taste and the brand and the caffine,2026-06-05T10:39:05Z,2026-06-05T10:39:05Z,,,True,False,,shop_app,False,,,,,False
20499689,8400184410420,8400184672564,wild-citrus-productivity-drink,Productivity Drink - Wild Citrus,,5.0,,I like the taste and the brand and the caffine,2026-06-05T10:39:05Z,2026-06-05T10:39:05Z,,,False,False,,,False,,,,,False
20499707,8400184410420,15549988667776,productivity-drink-aus-trop,Smarter Energy Drink - Tropical Ice,,5.0,,"Not your typical wake up juice. The first time I drank it was first thing in the morning, I wanted to do great things.  My current job does not require that level of creativity and grandeur, I use it solely for my passion projects now.  I have had other productivity drinks, this is the only one I'll use in future...",2026-06-05T08:15:33Z,2026-06-05T08:15:33Z,,,False,False,,,False,,,,,False
21305006,8400184410420,15549988667776,productivity-drink-aus-trop,Smarter Energy Drink - Tropical Ice,12 Cans,5.0,,"Not your typical wake up juice. The first time I drank it was first thing in the morning, I wanted to do great things.  My current job does not require that level of creativity and grandeur, I use it solely for my passion projects now.  I have had other productivity drinks, this is the only one I'll use in future...",2026-06-05T08:15:33Z,2026-06-05T08:15:33Z,,,True,False,,shop_app,False,,,,,False
21305004,8400184410420,8799704154420,tropical-ice-12pk-us,Productivity Drink - Tropical Ice [US],12 Cans,5.0,,Favorite flavor amazing product,2026-06-05T00:50:43Z,2026-06-05T00:50:43Z,,,True,False,,shop_app,False,,,,,False
20499685,8400184410420,8758066053428,orange-sunrise-12-pack-us,Productivity Drink - Orange Sunrise [US],,5.0,,Amazing product and it came so fast,2026-06-05T00:50:19Z,2026-06-05T00:50:19Z,,,False,False,,,False,,,,,False
21305003,8400184410420,8758066053428,orange-sunrise-12-pack-us,Productivity Drink - Orange Sunrise [US],12 Cans,5.0,,Amazing product and it came so fast,2026-06-05T00:50:19Z,2026-06-05T00:50:19Z,,,True,False,,shop_app,False,,,,,False
20499687,8400184410420,15549992698240,productivity-drink-aus-orange,Smarter Energy Drink - Orange Sunrise,,5.0,,Amazing product!,2026-06-03T01:33:15Z,2026-06-03T01:33:15Z,,,False,False,,,False,,,,,False
21305002,8400184410420,15549992698240,productivity-drink-aus-orange,Smarter Energy Drink - Orange Sunrise,12 Cans,5.0,,Amazing product!,2026-06-03T01:33:15Z,2026-06-03T01:33:15Z,,,True,False,,shop_app,False,,,,,False
20499692,8400184410420,15549988667776,productivity-drink-aus-trop,Smarter Energy Drink - Tropical Ice,,5.0,,Love the flavour and even more the benefits. Clean energy and focus.,2026-06-01T02:33:25Z,2026-06-01T02:33:25Z,,,False,False,,,False,,,,,False
21305001,8400184410420,15549988667776,productivity-drink-aus-trop,Smarter Energy Drink - Tropical Ice,12 Cans,5.0,,Love the flavour and even more the benefits. Clean energy and focus.,2026-06-01T02:33:25Z,2026-06-01T02:33:25Z,,,True,False,,shop_app,False,,,,,False
19208435,8400184410420,8799704154420,tropical-ice-12pk-us,Productivity Drink - Tropical Ice [US],12 Cans,5.0,What you need to focus,"Second best flavor, but the same great feeling.  I have this on rotation with Wild Citrus and Strawberry Lemonade.  Give it a try before your next run or workout to dial you in.",2026-05-28T19:53:17.653351Z,2026-05-28T19:53:17.653383Z,2026-04-06T23:24:57Z,51.9,True,False,,,False,,,,,False
19208433,8400184410420,8758066512180,wild-citrus-12-pack-us,Productivity Drink - Wild Citrus [US],12 Cans,5.0,Focus and Clarity for daily activities,"Simply the best flavor of the bunch (and I have tried them all). I am a one can of Neutonic per morning person, and just love it.  Helps with focus at work, and I usually drink one 60-90 minutes prior to a 5K or 10K race.  It definitely keeps me in the zone both at work and the gym.  ",2026-05-28T19:51:18.521621Z,2026-05-28T19:51:18.521654Z,2026-04-06T23:24:57Z,51.9,True,False,,,False,,,,,False
21305000,8400184410420,15549992698240,productivity-drink-aus-orange,Smarter Energy Drink - Orange Sunrise,12 Cans,4.0,,"Hey guys, the orange has a funky chemical taste to it  Not good",2026-05-28T03:35:35Z,2026-05-28T03:35:35Z,,,True,False,,shop_app,False,,,,,False
20499700,8400184410420,15549992698240,productivity-drink-aus-orange,Smarter Energy Drink - Orange Sunrise,,5.0,,Delicious - good sustained energy,2026-05-28T03:26:29Z,2026-05-28T03:26:29Z,,,False,False,,,False,,,,,False
21304999,8400184410420,15549992698240,productivity-drink-aus-orange,Smarter Energy Drink - Orange Sunrise,12 Cans,5.0,,Delicious - good sustained energy,2026-05-28T03:26:29Z,2026-05-28T03:26:29Z,,,True,False,,shop_app,False,,,,,False
20499688,8400184410420,15366509429120,productivity-drink-12-cans-tropical-ice-uae,Productivity Drink - Tropical Ice,,5.0,,"This was my first time trying Neutonic. The flavors are great and energy lasts for hours. I replacedy morning coffees with one Neutonic and feel so much better, less jittery and more calm focus. I am definitely subscribing today.",2026-05-27T13:33:22Z,2026-05-27T13:33:22Z,,,False,False,,,False,,,,,False
21304998,8400184410420,15366509429120,productivity-drink-12-cans-tropical-ice-uae,Productivity Drink - Tropical Ice,12 Cans,5.0,,"This was my first time trying Neutonic. The flavors are great and energy lasts for hours. I replacedy morning coffees with one Neutonic and feel so much better, less jittery and more calm focus. I am definitely subscribing today.",2026-05-27T13:33:22Z,2026-05-27T13:33:22Z,,,True,False,,shop_app,False,,,,,False
19088274,8400184410420,15513143378304,mixed-flavours-12-cans,Productivity Drink - Mixed Flavors,12 Cans,5.0,"Seriously, buy every flavor","Love, love, love Neutonic! every flavor is banger and the mix of ingredients doesn't leave you feeling jitter or like youre about to pass out or crash as soon as you consume it.",2026-05-21T22:57:35.638581Z,2026-05-21T22:57:35.638611Z,2026-03-27T23:15:30Z,55.0,True,False,,,False,,,,,False
21304995,8400184410420,15202964930944,productivity-drink-12-cans-strawberry-lemonade,Productivity Drink - Strawberry Lemonade,12 Cans,3.0,,Very sweet & just well marketted As a product fine,2026-05-20T12:46:04Z,2026-05-20T12:46:04Z,,,True,False,,shop_app,False,,,,,False
20499679,8400184410420,8400185033012,tropical-ice-12pk,Productivity Drink - Tropical Ice,,5.0,,Best flavor,2026-05-05T09:31:58Z,2026-05-05T09:31:58Z,,,False,False,,,False,,,,,False
21304989,8400184410420,8400185033012,tropical-ice-12pk,Productivity Drink - Tropical Ice,12 Cans,5.0,,Best flavor,2026-05-05T09:31:58Z,2026-05-05T09:31:58Z,,,True,False,,shop_app,False,,,,,False
21304987,8400184410420,15202956968320,blue-raspberry-productivity-drink-12-cans,Productivity Drink - Blue Raspberry,12 Cans,5.0,,"Great taste, ordered as advertised, good condition, on time",2026-04-30T16:58:25Z,2026-04-30T16:58:25Z,,,True,False,,shop_app,False,,,,,False
20499666,8400184410420,15202956968320,blue-raspberry-productivity-drink-12-cans,Productivity Drink - Blue Raspberry,,5.0,,"Great taste, ordered as advertised, good condition, on time",2026-04-30T16:58:25Z,2026-04-30T16:58:25Z,,,False,False,,,False,,,,,False
20499675,8400184410420,15351561519488,productivity-drink-12-variety-pack,Productivity Drink - Mixed Flavours,,5.0,,"Fantastic product, a little bit dubious at the beginning because I've tried lots of different drinks like this. It's got a little to no effect at all, but this is definitely the best on the market that I have had.",2026-04-30T10:32:46Z,2026-04-30T10:32:46Z,,,False,False,,,False,,,,,False
18573318,8400184410420,15414514876800,productivity-drink-12-cans-orange-sunrise-us,Productivity Drink - Orange Sunrise,,5.0,STUDY FUEL!,Great taste and flavor! Excellent company who takes great care for their customers. Highly recommend drinking while studying to help enhance your focus! ,2026-04-29T22:50:44.437274Z,2026-04-29T22:50:44.437310Z,,,False,False,,,False,,,,,False
18273753,8400184410420,8400184672564,wild-citrus-productivity-drink,Productivity Drink - Wild Citrus,12 Cans,5.0,Great flavor and focus,"Great flavor , great focus , I use these when I need to get dialed in for work or as a pre workout when I need a lift and focus not to be wired",2026-04-18T18:08:23.216336Z,2026-04-18T18:08:23.216366Z,2026-02-22T12:40:48Z,55.2,True,False,,,False,,,,,False
18180340,8400184410420,15366511591808,productivity-drink-12-cans-wild-citrus-uae,Productivity Drink - Wild Citrus,12 Cans,5.0,"WOW, GAME CHANGER!",Honestly... it does absolute wonders and has now become part of my routine. Just wow. The focus is on point. Hard to believe a drink can do such magic! The best product I've ever tried. I'm converted.,2026-04-15T06:06:18.675611Z,2026-04-15T06:06:18.675640Z,2026-02-24T06:23:04Z,50.0,True,False,,,False,,,,,False
21304977,8400184410420,15202956968320,blue-raspberry-productivity-drink-12-cans,Productivity Drink - Blue Raspberry,12 Cans,5.0,,Great price & delivery 👏,2026-04-03T17:31:59Z,2026-04-03T17:31:59Z,,,True,False,,shop_app,False,,,,,False
20499640,8400184410420,15202956968320,blue-raspberry-productivity-drink-12-cans,Productivity Drink - Blue Raspberry,,5.0,,Great price & delivery 👏,2026-04-03T17:31:59Z,2026-04-03T17:31:59Z,,,False,False,,,False,,,,,False
17812177,8400184410420,15351561519488,productivity-drink-12-variety-pack,Productivity Drink - Mixed Flavours,12 Cans,5.0,Jo,The flavours Incredible ,2026-04-02T20:54:54.484073Z,2026-04-02T20:54:54.484108Z,2026-02-16T20:28:17Z,45.0,True,False,,,False,,,,,False
20499631,8400184410420,15202956968320,blue-raspberry-productivity-drink-12-cans,Productivity Drink - Blue Raspberry,,5.0,,Favourite flavour,2026-03-12T16:50:47Z,2026-03-12T16:50:47Z,,,False,False,,,False,,,,,False
21304970,8400184410420,15202956968320,blue-raspberry-productivity-drink-12-cans,Productivity Drink - Blue Raspberry,12 Cans,5.0,,Favourite flavour,2026-03-12T16:50:47Z,2026-03-12T16:50:47Z,,,True,False,,shop_app,False,,,,,False
21304965,8400184410420,8758066053428,orange-sunrise-12-pack-us,Productivity Drink - Orange Sunrise [US],12 Cans,5.0,,"Love the taste, no jitters, no crash and what i look forward to every morning now.",2026-03-01T22:46:41Z,2026-03-01T22:46:41Z,,,True,False,,shop_app,False,,,,,False
20499648,8400184410420,8758066053428,orange-sunrise-12-pack-us,Productivity Drink - Orange Sunrise [US],,5.0,,"Love the taste, no jitters, no crash and what i look forward to every morning now.",2026-03-01T22:46:41Z,2026-03-01T22:46:41Z,,,False,False,,,False,,,,,False
21304961,8400184410420,15202956968320,blue-raspberry-productivity-drink-12-cans,Productivity Drink - Blue Raspberry,12 Cans,5.0,,Very nice,2026-02-25T14:59:41Z,2026-02-25T14:59:41Z,,,True,False,,shop_app,False,,,,,False
20499653,8400184410420,15202956968320,blue-raspberry-productivity-drink-12-cans,Productivity Drink - Blue Raspberry,,5.0,,Very nice,2026-02-25T14:59:41Z,2026-02-25T14:59:41Z,,,False,False,,,False,,,,,False
20499684,8400184410420,8400184672564,wild-citrus-productivity-drink,Productivity Drink - Wild Citrus,,5.0,,Spot on,2026-02-25T14:59:32Z,2026-02-25T14:59:32Z,,,False,False,,,False,,,,,False
21304960,8400184410420,8400184672564,wild-citrus-productivity-drink,Productivity Drink - Wild Citrus,12 Cans,5.0,,Spot on,2026-02-25T14:59:32Z,2026-02-25T14:59:32Z,,,True,False,,shop_app,False,,,,,False
16630033,8400184410420,15135241765248,productivity-drink-blue-raspberry-us,Productivity Drink - Blue Raspberry [US],12 Cans,5.0,"CLEAR HEAD, GREAT FLAVORS!","Doesn't provide any of the jittery feeling at all. Makes me feel clear headed, able to focus on my daily work tasks, and allows me to come up with ideas and solutions in the moment. Highly would recommend to anyone. Oh, and the flavors are great too :) ",2026-02-17T15:31:09.019948Z,2026-02-17T15:31:09.019979Z,2026-01-27T15:53:47Z,21.0,True,False,,,False,,,,,False
21304957,8400184410420,15202956968320,blue-raspberry-productivity-drink-12-cans,Productivity Drink - Blue Raspberry,12 Cans,5.0,,Does what it says on the tin. Good flavours as well,2026-02-12T12:09:25Z,2026-02-12T12:09:25Z,,,True,False,,shop_app,False,,,,,False
20499661,8400184410420,15202956968320,blue-raspberry-productivity-drink-12-cans,Productivity Drink - Blue Raspberry,,5.0,,Does what it says on the tin. Good flavours as well,2026-02-12T12:09:25Z,2026-02-12T12:09:25Z,,,False,False,,,False,,,,,False
16489970,8400184410420,15202956968320,blue-raspberry-productivity-drink-12-cans,Productivity Drink - Blue Raspberry,12 Cans,5.0,BLUE RASPBERRY IS BANGING!,"Blue raspberry is banging I’ve got to try the other flavours now, grab your yourself a bundle!",2026-02-10T18:33:12.703378Z,2026-02-10T22:23:29.250547Z,2026-01-27T10:14:32Z,14.3,True,True,,,False,,,,,False
16483802,8400184410420,15351561519488,productivity-drink-12-variety-pack,Productivity Drink - Mixed Flavours,12 Cans,3.0,NOT QUITE WHAT I EXPECTED,It gives me little of stress and the energy level and focus is not that much as I expected.,2026-02-10T17:00:03.524217Z,2026-02-10T17:00:03.524250Z,2026-01-26T20:58:46Z,14.8,True,False,,,False,,,,,False
21304956,8400184410420,8400184410420,orange-sunrise-productivity-drink,Productivity Drink - Orange Sunrise,12 Cans,5.0,,Does what it says on the tin. Great flavours too.,2026-02-10T14:49:34Z,2026-02-10T14:49:34Z,,,True,False,,shop_app,False,,,,,False
20499649,8400184410420,8400184410420,orange-sunrise-productivity-drink,Productivity Drink - Orange Sunrise,,5.0,,Does what it says on the tin. Great flavours too.,2026-02-10T14:49:34Z,2026-02-10T14:49:34Z,,,False,False,,,False,,,,,False
20499655,8400184410420,15351561519488,productivity-drink-12-variety-pack,Productivity Drink - Mixed Flavours,,4.0,,Tasty!,2026-02-06T23:45:43Z,2026-02-06T23:45:43Z,,,False,False,,,False,,,,,False
21304955,8400184410420,15351561519488,productivity-drink-12-variety-pack,Productivity Drink - Mixed Flavours,12 Cans,4.0,,Tasty!,2026-02-06T23:45:43Z,2026-02-06T23:45:43Z,,,True,False,,shop_app,False,,,,,False
20499656,8400184410420,8400184410420,orange-sunrise-productivity-drink,Productivity Drink - Orange Sunrise,,5.0,,Brilliant product,2026-02-06T20:03:23Z,2026-02-06T20:03:23Z,,,False,False,,,False,,,,,False
21304954,8400184410420,8400184410420,orange-sunrise-productivity-drink,Productivity Drink - Orange Sunrise,12 Cans,5.0,,Brilliant product,2026-02-06T20:03:23Z,2026-02-06T20:03:23Z,,,True,False,,shop_app,False,,,,,False
16411334,8400184410420,15351561519488,productivity-drink-12-variety-pack,Productivity Drink - Mixed Flavours,12 Cans,5.0,BRAIN BOOSTER!,"2 a day keeps the doctor away! Love them, kicks the old brain into life.",2026-02-06T08:22:19.508208Z,2026-02-06T08:22:19.508239Z,2026-01-22T00:22:22Z,15.3,True,False,,,False,,,,,False
16339149,8400184410420,15414506324352,productivity-drink-12-cans-strawberry-lemonade-us,Productivity Drink - Strawberry Lemonade,,5.0,Please make variety pack in cans,"Love the product was just diagnosed with ADHD I have not gotten on meds, and for the first time feel like I can focus.  Only thing I would change is I wish you would do a variety pack.  Would love to try some of the flavors but don’t want to commit to a whole pack",2026-02-04T06:20:43.757253Z,2026-02-04T06:20:43.757289Z,,,False,False,,,False,,,,,False
16112659,8400184410420,8400184410420,orange-sunrise-productivity-drink,Productivity Drink - Orange Sunrise,12 Cans,5.0,FLAVOR GAME CHANGER!,"Really enjoyed the flavour, I'm an avid Monster user and this has taken the place of that kick and dramatically lowered my dependency on energy drinks",2026-01-21T17:58:59.758150Z,2026-01-21T17:58:59.758183Z,2026-01-06T18:54:56Z,15.0,True,False,,,False,,,,,False
16107706,8400184410420,8400185033012,tropical-ice-12pk,Productivity Drink - Tropical Ice,12 Cans,5.0,TROPICAL ICE IS A TREAT!,Love it.  I've stopped drinking alcohol for over a year and I've substituted it with Tropical Ice.  It's a nice treat that lifts me up.  I'd welcome the chance to invest... ;),2026-01-21T09:11:18.369033Z,2026-01-21T09:11:18.369064Z,2026-01-05T14:29:55Z,15.8,True,False,,,False,,,,,False
16055037,8400184410420,15366513557888,productivity-drink-12-cans-orange-sunrise-uae,Productivity Drink - Orange Sunrise,12 Cans,5.0,Clear mind and focus,,2026-01-20T07:02:44.856802Z,2026-01-20T07:02:44.856838Z,2026-01-05T08:36:13Z,14.9,True,False,,,False,,,,,False
16004559,8400184410420,8400184410420,orange-sunrise-productivity-drink,Productivity Drink - Orange Sunrise,12 Cans,5.0,Happy!,"Awesome, this is the next level energy drink. Maybe a little bit cons as there is aspartam but, well, You feel the focus and You feel the pilot is there instead of just outburst of energy like with coffe or standard energy drinks.",2026-01-16T22:32:28.385602Z,2026-01-16T22:32:28.385634Z,2026-01-01T19:13:42Z,15.1,True,False,,,False,,,,,False
20499660,8400184410420,15351561519488,productivity-drink-12-variety-pack,Productivity Drink - Mixed Flavours,,5.0,,Amazing!! Tastes great and really helps my focus.,2026-01-15T15:38:24Z,2026-01-15T15:38:24Z,,,False,False,,,False,,,,,False
21304950,8400184410420,15351561519488,productivity-drink-12-variety-pack,Productivity Drink - Mixed Flavours,12 Cans,5.0,,Amazing!! Tastes great and really helps my focus.,2026-01-15T15:38:24Z,2026-01-15T15:38:24Z,,,True,False,,shop_app,False,,,,,False
15934814,8400184410420,15366509429120,productivity-drink-12-cans-tropical-ice-uae,Productivity Drink - Tropical Ice,12 Cans,5.0,Enjoying this one,Great and tasty,2026-01-15T08:58:48.874693Z,2026-01-15T08:58:48.874723Z,2025-12-31T00:22:36Z,15.4,True,False,,,False,,,,,False
15704684,8400184410420,15351561519488,productivity-drink-12-variety-pack,Productivity Drink - Mixed Flavours,12 Cans,5.0,"GREAT FLAVOURS, REFRESHING DRINKS","Really good product and great flavours. Even if you don’t immediately feel an improvement in concentration, they’re refreshing and enjoyable drinks on their own. I’m also hoping they help give a little extra focus.",2026-01-13T12:55:59.916883Z,2026-01-13T12:55:59.916913Z,2025-12-24T00:17:46Z,20.5,True,False,,,False,,,,,False
21304947,8400184410420,8799704154420,tropical-ice-12pk-us,Productivity Drink - Tropical Ice [US],12 Cans,4.0,,Amazing just somewhat expensive,2026-01-10T22:09:17Z,2026-01-10T22:09:17Z,,,True,False,,shop_app,False,,,,,False
20499681,8400184410420,8799704154420,tropical-ice-12pk-us,Productivity Drink - Tropical Ice [US],,4.0,,Amazing just somewhat expensive,2026-01-10T22:09:17Z,2026-01-10T22:09:17Z,,,False,False,,,False,,,,,False
20499651,8400184410420,15202956968320,blue-raspberry-productivity-drink-12-cans,Productivity Drink - Blue Raspberry,,5.0,,Love the flavour,2026-01-07T22:14:39Z,2026-01-07T22:14:39Z,,,False,False,,,False,,,,,False
21304946,8400184410420,15202956968320,blue-raspberry-productivity-drink-12-cans,Productivity Drink - Blue Raspberry,12 Cans,5.0,,Love the flavour,2026-01-07T22:14:39Z,2026-01-07T22:14:39Z,,,True,False,,shop_app,False,,,,,False
20499672,8400184410420,15351561519488,productivity-drink-12-variety-pack,Productivity Drink - Mixed Flavours,,5.0,,"Great drinks, really help my flow and work.",2026-01-06T20:17:03Z,2026-01-06T20:17:03Z,,,False,False,,,False,,,,,False
21304941,8400184410420,15351561519488,productivity-drink-12-variety-pack,Productivity Drink - Mixed Flavours,12 Cans,5.0,,"Great drinks, really help my flow and work.",2026-01-06T20:17:03Z,2026-01-06T20:17:03Z,,,True,False,,shop_app,False,,,,,False
21304939,8400184410420,15135241765248,productivity-drink-blue-raspberry-us,Productivity Drink - Blue Raspberry [US],12 Cans,5.0,,Taste is delicious!,2026-01-04T04:10:16Z,2026-01-04T04:10:16Z,,,True,False,,shop_app,False,,,,,False
20499647,8400184410420,15135241765248,productivity-drink-blue-raspberry-us,Productivity Drink - Blue Raspberry [US],,5.0,,Taste is delicious!,2026-01-04T04:10:16Z,2026-01-04T04:10:16Z,,,False,False,,,False,,,,,False
21304935,8400184410420,15351561519488,productivity-drink-12-variety-pack,Productivity Drink - Mixed Flavours,12 Cans,5.0,,Great product. Recommended,2025-12-16T17:15:50Z,2025-12-16T17:15:50Z,,,True,False,,shop_app,False,,,,,False
20499627,8400184410420,15351561519488,productivity-drink-12-variety-pack,Productivity Drink - Mixed Flavours,,5.0,,Great product. Recommended,2025-12-16T17:15:50Z,2025-12-16T17:15:50Z,,,False,False,,,False,,,,,False
21304933,8400184410420,8758066053428,orange-sunrise-12-pack-us,Productivity Drink - Orange Sunrise [US],12 Cans,5.0,,i love the tropical ice abd strawberry one.,2025-12-10T18:28:54Z,2025-12-10T18:28:54Z,,,True,False,,shop_app,False,,,,,False
20499678,8400184410420,8758066053428,orange-sunrise-12-pack-us,Productivity Drink - Orange Sunrise [US],,5.0,,i love the tropical ice abd strawberry one.,2025-12-10T18:28:54Z,2025-12-10T18:28:54Z,,,False,False,,,False,,,,,False
15068990,8400184410420,8400184410420,orange-sunrise-productivity-drink,Productivity Drink - Orange Sunrise,12 Cans,5.0,DEFINITELY BUYING AGAIN!,"Haven’t had this flavour for a long time, will definitely buy again soon.",2025-12-09T18:31:03.666886Z,2025-12-09T18:31:03.666937Z,2025-11-25T10:35:35Z,14.3,True,False,,,False,,,,,False
21304932,8400184410420,8758066053428,orange-sunrise-12-pack-us,Productivity Drink - Orange Sunrise [US],12 Cans,5.0,,Product is Fire and packaging too fast reliable thank you,2025-12-08T19:03:20Z,2025-12-08T19:03:20Z,,,True,False,,shop_app,False,,,,,False
20499634,8400184410420,15193429967232,productivity-drink-strawberry-lemonade-us,Productivity Drink - Strawberry Lemonade [US],,5.0,,Always a solid product and flavor,2025-12-07T23:44:54Z,2025-12-07T23:44:54Z,,,False,False,,,False,,,,,False
21304931,8400184410420,15193429967232,productivity-drink-strawberry-lemonade-us,Productivity Drink - Strawberry Lemonade [US],12 Cans,5.0,,Always a solid product and flavor,2025-12-07T23:44:54Z,2025-12-07T23:44:54Z,,,True,False,,shop_app,False,,,,,False
21304923,8400184410420,8758066512180,wild-citrus-12-pack-us,Productivity Drink - Wild Citrus [US],12 Cans,5.0,,I really like the taste of wild citrus. The energy is on point without the crash.,2025-12-05T13:56:25Z,2025-12-05T13:56:25Z,,,True,False,,shop_app,False,,,,,False
20499625,8400184410420,8758066512180,wild-citrus-12-pack-us,Productivity Drink - Wild Citrus [US],,5.0,,I really like the taste of wild citrus. The energy is on point without the crash.,2025-12-05T13:56:25Z,2025-12-05T13:56:25Z,,,False,False,,,False,,,,,False
20499659,8400184410420,8799704154420,tropical-ice-12pk-us,Productivity Drink - Tropical Ice [US],,5.0,,My boyfriend and I are obsessed!,2025-12-05T00:40:51Z,2025-12-05T00:40:51Z,,,False,False,,,False,,,,,False
21304922,8400184410420,8799704154420,tropical-ice-12pk-us,Productivity Drink - Tropical Ice [US],12 Cans,5.0,,My boyfriend and I are obsessed!,2025-12-05T00:40:51Z,2025-12-05T00:40:51Z,,,True,False,,shop_app,False,,,,,False
14987971,8400184410420,15351561519488,productivity-drink-12-variety-pack,Productivity Drink - Mixed Flavours,12 Cans,5.0,“BOOSTED ALL DAY!”,I had the mix can box 4 flavours. All flavours very nice. Particularly the tropical ice which I have ordered 12 more. The can give you a good boost that last all day and help you focus. I struggle by lunch being on a computer all day for work so I drink it with my lunch. Plus it helps in the gym after work as well. Would definitely recommend and I do to my colleagues.,2025-12-03T16:54:29.060518Z,2025-12-03T16:54:29.060573Z,2025-11-16T10:48:04Z,17.3,True,False,,,False,,,,,False
14977791,8400184410420,8400185033012,tropical-ice-12pk,Productivity Drink - Tropical Ice,12 Cans,4.0,Tasty pick-me-up and keto-friendly!,"It tastes amazing - none of the weird flavour in ‘traditional’ energy drinks. Really low carb so it fits my fairly strict keto diet (it’s a plan which works for me), and I find it’s a good pick me up in the depths of the afternoon when my ND brain goes a bit numb or scatty. I’ve recommended to a few friends who are looking for a better alternative to endless coffees.",2025-12-02T18:23:54.438611Z,2025-12-02T18:23:54.438647Z,2025-11-14T23:43:45Z,17.8,True,False,,,False,,,,,False
14716576,8400184410420,15351561519488,productivity-drink-12-variety-pack,Productivity Drink - Mixed Flavours,12 Cans,4.0,Will buy again ,"I enjoyed these drinks and found they gave me a nice boost when working, and I don't care if it's just be because of the caffeine or just placebo! I thought the tropical ice flavour was the best, orange and strawberry lemonade were OK, but unfortunately the blue raspberry I couldn't even drink.",2025-11-25T19:49:33.549690Z,2025-11-25T19:49:33.549731Z,2025-11-10T09:22:20Z,15.4,True,False,,,False,,,,,False
21304919,8400184410420,15202964930944,productivity-drink-12-cans-strawberry-lemonade,Productivity Drink - Strawberry Lemonade,12 Cans,5.0,,"Great taste, best served ice cold",2025-11-23T15:14:26Z,2025-11-23T15:14:26Z,,,True,False,,shop_app,False,,,,,False
20499725,8400184410420,15202964930944,productivity-drink-12-cans-strawberry-lemonade,Productivity Drink - Strawberry Lemonade,,5.0,,"Great taste, best served ice cold",2025-11-23T15:14:26Z,2025-11-23T15:14:26Z,,,False,False,,,False,,,,,False
20499728,8400184410420,8400185033012,tropical-ice-12pk,Productivity Drink - Tropical Ice,,5.0,,Awesome flavour,2025-11-23T15:13:19Z,2025-11-23T15:13:19Z,,,False,False,,,False,,,,,False
21304915,8400184410420,8400185033012,tropical-ice-12pk,Productivity Drink - Tropical Ice,12 Cans,5.0,,Awesome flavour,2025-11-23T15:13:19Z,2025-11-23T15:13:19Z,,,True,False,,shop_app,False,,,,,False
14616816,8400184410420,15202956968320,blue-raspberry-productivity-drink-12-cans,Productivity Drink - Blue Raspberry,12 Cans,5.0,Great Taste with added Productivity Boost!,"Tastes bloody amazing. Not too sickly of a blue raspberry taste, but just right so you get a lovely hint of flavour. Then the productivity kicks in and it locks me into a task, be that building a client deck, configuring client systems or writing documents. ",2025-11-21T18:36:13.449233Z,2025-11-21T18:36:13.449268Z,2025-11-07T00:43:33Z,14.7,True,False,,,False,,,,,False
21304910,8400184410420,15351561519488,productivity-drink-12-variety-pack,Productivity Drink - Mixed Flavours,12 Cans,5.0,,tasty smart juice,2025-11-20T09:28:06Z,2025-11-20T09:28:06Z,,,True,False,,shop_app,False,,,,,False
14398174,8400184410420,8400184672564,wild-citrus-productivity-drink,Productivity Drink - Wild Citrus,12 Cans,5.0,ADHD Meds in a can,"The go to drink. No ifs, buts or maybes. Focus has never come so easy ",2025-11-10T18:17:41.546504Z,2025-11-10T18:17:41.546542Z,2025-10-27T00:51:29Z,14.7,True,False,,,False,,,,,False
14352311,8400184410420,15202956968320,blue-raspberry-productivity-drink-12-cans,Productivity Drink - Blue Raspberry,12 Cans,5.0,TASTES LIKE NOSTALGIA!,The taste reminds me of the blue raspberry bon bons I used to have as a kid. Taste is amazing. Really zings,2025-11-08T21:40:47.670936Z,2025-11-08T21:40:47.670969Z,2025-10-23T19:04:57Z,16.1,True,False,,,False,,,,,False
14345197,8400184410420,15202964930944,productivity-drink-12-cans-strawberry-lemonade,Productivity Drink - Strawberry Lemonade,12 Cans,5.0,"INSTANT BOOST, NO JITTERS!","Excellent drink, can really feel the instant boost with none of the jitters that a coffee gives you! Great before a busy schedule of meetings or focus work! Tastes great too!",2025-11-07T18:12:40.896188Z,2025-11-07T18:12:40.896222Z,2025-10-23T23:36:41Z,14.8,True,False,,,False,,,,,False
14313121,8400184410420,15351561519488,productivity-drink-12-variety-pack,Productivity Drink - Mixed Flavours,12 Cans,5.0,Believe the hype! ,"After years of suffering from CRCI and now the dreaded perimenopausal ‘brain fog’ I struggled with mental clarity and staying focussed, especially at work. I must admit I was a little bit skeptical when I ordered a tray of Neutonic as to whether or not I would notice a difference after consuming a can but I was so pleasantly surprised. Not only do they taste amazing, (Tropical Ice was my firm favourite up until last week when I tried Strawberry Lemonade for the first time!), but they actually do exactly what they say they will do. They keep me mentally focussed for hours, and I don’t have the crash afterwards like you sometimes get with other caffeine drinks. I love this product, I can’t recommend it enough. Believe the hype! Chris Wills & James Smith - thank you!!",2025-11-05T19:49:15.217094Z,2025-11-05T19:49:15.217126Z,2025-10-21T14:25:27Z,15.2,True,False,,,False,,,,,False
20499628,8400184410420,8758066053428,orange-sunrise-12-pack-us,Productivity Drink - Orange Sunrise [US],,5.0,,"Tastes good, the best supplement for focus on the market",2025-11-04T21:23:23Z,2025-11-04T21:23:23Z,,,False,False,,,False,,,,,False
21304909,8400184410420,8758066053428,orange-sunrise-12-pack-us,Productivity Drink - Orange Sunrise [US],12 Cans,5.0,,"Tastes good, the best supplement for focus on the market",2025-11-04T21:23:23Z,2025-11-04T21:23:23Z,,,True,False,,shop_app,False,,,,,False
14235596,8400184410420,15351561519488,productivity-drink-12-variety-pack,Productivity Drink - Mixed Flavours,,5.0,BRAIN FOG NO MORE!!!!,"Absolutely Life Changing!! Been taking these daily for a week and my brain fog has gone, my memory has increased, ive felt more positive about daily activities. Absolutely well worth buying. Ill be ordering in bulk next time!! Oh and Tropical Ice 🤤🤤🤤🤤.",2025-11-03T10:25:35.434478Z,2025-11-03T10:25:35.434523Z,,,True,False,,,True,,,,,False
20499611,8400184410420,15202956968320,blue-raspberry-productivity-drink-12-cans,Productivity Drink - Blue Raspberry,,5.0,,Love it,2025-11-01T05:41:38Z,2025-11-01T05:41:38Z,,,False,False,,,False,,,,,False
21304908,8400184410420,15202956968320,blue-raspberry-productivity-drink-12-cans,Productivity Drink - Blue Raspberry,12 Cans,5.0,,Love it,2025-11-01T05:41:38Z,2025-11-01T05:41:38Z,,,True,False,,shop_app,False,,,,,False
21304907,8400184410420,15202956968320,blue-raspberry-productivity-drink-12-cans,Productivity Drink - Blue Raspberry,12 Cans,5.0,,Product is great. Delivers on promise. Gives sustained focus w/ no crash + tastes amazing so thats a bonus,2025-10-29T19:57:27Z,2025-10-29T19:57:27Z,,,True,False,,shop_app,False,,,,,False
20499626,8400184410420,15202956968320,blue-raspberry-productivity-drink-12-cans,Productivity Drink - Blue Raspberry,,5.0,,Product is great. Delivers on promise. Gives sustained focus w/ no crash + tastes amazing so thats a bonus,2025-10-29T19:57:27Z,2025-10-29T19:57:27Z,,,False,False,,,False,,,,,False
21304906,8400184410420,15202964930944,productivity-drink-12-cans-strawberry-lemonade,Productivity Drink - Strawberry Lemonade,12 Cans,5.0,,Love the new flavour. Great addition to the Neutonic line up,2025-10-16T16:31:09Z,2025-10-16T16:31:09Z,,,True,False,,shop_app,False,,,,,False
13647571,8400184410420,15202964930944,productivity-drink-12-cans-strawberry-lemonade,Productivity Drink - Strawberry Lemonade,,5.0,Great taste packed with focus,"Great taste, after 30mins I felt very focused and did some DIY jobs that I had been procrastinating over for months. I am a caffeine addict and can say that this wasn't just a caffeine rush. It is pricey but, if you bought the ingredients in pill form it would cost more and is a lot more convenient. I bought my 12 pack from Amazon UK.",2025-10-09T19:38:09.614383Z,2025-10-09T19:38:09.614544Z,,,True,False,,,False,,,,,False
13647570,8400184410420,15202964930944,productivity-drink-12-cans-strawberry-lemonade,Productivity Drink - Strawberry Lemonade,,5.0,Love It!!!,"Great taste, felt productive and definitely don’t think it was the placebo effect… it helped me get through an afternoon at work. Nostalgia, tastes a bit like kids amoxicillin IYKYK… loved it.",2025-10-09T19:38:09.580409Z,2025-10-09T19:38:09.580610Z,,,True,False,,,False,,,,,False
13647569,8400184410420,15202964930944,productivity-drink-12-cans-strawberry-lemonade,Productivity Drink - Strawberry Lemonade,,5.0,Try it for yourself. It’s really refreshing and gives you a boost to get stuff done.,"Really enjoy how genuine James smith is so thought I’d try the drinks. They are incredible, I enjoy trying new things that can help with productivity and not have a crash afterwards. This product is up there with alpha brain.  Cannot believe people nitpicking and rating it down, not giving it a honest review. So use your own judgement, don’t follow the herd & try it for yourself. You won’t be sorry.",2025-10-09T19:38:09.550907Z,2025-10-09T19:38:09.551073Z,,,True,False,,,False,,,,,False
13647507,8400184410420,15202964930944,productivity-drink-12-cans-strawberry-lemonade,Productivity Drink - Strawberry Lemonade,,5.0,A great product,A great product which tastes great and definitely makes an impact.,2025-10-09T19:38:07.740468Z,2025-10-09T19:38:07.740619Z,,,True,False,,,False,,,,,False
13647506,8400184410420,15202964930944,productivity-drink-12-cans-strawberry-lemonade,Productivity Drink - Strawberry Lemonade,,5.0,Not another energy drink,"I get jittery from coffee and energy drinks, but not from Neutonic. Instead, I'm laser focused and can smash some work out. I just love it!",2025-10-09T19:38:07.710790Z,2025-10-09T19:38:07.710942Z,,,True,False,,,False,,,,,False
13647505,8400184410420,15202964930944,productivity-drink-12-cans-strawberry-lemonade,Productivity Drink - Strawberry Lemonade,,5.0,I was never a big energy drink person…,"I was never a big energy drink person and while neutonic is a productivity drink it covers both bases. I have ADHD and Neutonic has been a game changer in helping me keep focused and energized as opposed to drinking cup after cup of coffee. The ingredients, formulations and taste is top notch and most of all you can tell the people behind it are real and authentic. I love it. It helps keep me on point and it’s the absolute best 🔥",2025-10-09T19:38:07.679004Z,2025-10-09T19:38:07.679155Z,,,True,False,,,False,,,,,False
13647504,8400184410420,15202964930944,productivity-drink-12-cans-strawberry-lemonade,Productivity Drink - Strawberry Lemonade,,5.0,Best drink for when you need to lock in,One of the only products I’ve tried where a major difference is felt in my overall productivity and output. I usually take one with me to the gym and the level of focus is better than any pre workout I’ve tried. Truly a staple in my routine at this point,2025-10-09T19:38:07.650038Z,2025-10-09T19:38:07.650189Z,,,True,False,,,False,,,,,False
13647503,8400184410420,15202964930944,productivity-drink-12-cans-strawberry-lemonade,Productivity Drink - Strawberry Lemonade,,5.0,Everything about Neutonic is intentional in the best way,"Everything about Neutonic is intentional- from the can design to the quality and type of ingredients, and in a world where I have to look over my shoulder and read so many ingredient labels it feels good to know Neutonic has my back in making a quality product focused on productivity.",2025-10-09T19:38:07.617148Z,2025-10-09T19:38:07.617302Z,,,True,False,,,False,,,,,False
13647502,8400184410420,15202964930944,productivity-drink-12-cans-strawberry-lemonade,Productivity Drink - Strawberry Lemonade,,5.0,The focus you need without the jitters,"The focus you need without the jitters! Skip the coffee in the morning, don't grab the 300-caffeine drink when you really need to lock in. TRUST ME!    Neutonic has really just become apart of my routine when I need to be aware and present. Whether it's running a live podcast, snowboarding, editing late at night or skating with the crew.    My NEW favorite place to bring Neutonic for friends is playing a round on the golf course. You can enjoy the benefits of the focus boots and not too much caffeine. CLUTCH on the green.    Having a go-to drink that ACTUALLY helps with energy and those wonderful nootropics.    All the flavors are delicious and a great aftertaste. I do have a favorite in Wild Citrus.    - ZAHM",2025-10-09T19:38:07.590831Z,2025-10-09T19:38:07.590990Z,,,True,False,,,False,,,,,False
13647501,8400184410420,15202964930944,productivity-drink-12-cans-strawberry-lemonade,Productivity Drink - Strawberry Lemonade,,5.0,This has been a complete game changer…,"This has been a complete game changer for me and helping with symptoms of my ADHD.  Especially with concentration and ADHD paralysis.  I have recommended it to so many people now, who have all reported it's helped them too.  Plus the Tropical ice flavour is delicious 😋",2025-10-09T19:38:07.550847Z,2025-10-09T19:38:07.551001Z,,,True,False,,,False,,,,,False
13647500,8400184410420,15202964930944,productivity-drink-12-cans-strawberry-lemonade,Productivity Drink - Strawberry Lemonade,,5.0,The best and ONLY energy beverage I…,The best and ONLY energy beverage I will drink!,2025-10-09T19:38:07.520593Z,2025-10-09T19:38:07.520891Z,,,True,False,,,False,,,,,False
13647499,8400184410420,15202964930944,productivity-drink-12-cans-strawberry-lemonade,Productivity Drink - Strawberry Lemonade,,5.0,Neutonic is amazing!,I was skeptical that Neutonic could help my productivity but it does just that!! Love the product and love the taste.,2025-10-09T19:38:07.486149Z,2025-10-09T19:38:07.486307Z,,,True,False,,,False,,,,,False
13647497,8400184410420,15202964930944,productivity-drink-12-cans-strawberry-lemonade,Productivity Drink - Strawberry Lemonade,,5.0,Refreshing energy drink without the negative side effects,"Cannot recommend highly enough. This drink gives me the focus and energy to excel in my days as a BMX rider/Call of Duty enthusiast, without the negative side effects of a standard energy drink. I’ve been recommending it to all my friends and will continue to support this amazing brand.",2025-10-09T19:38:07.456574Z,2025-10-09T19:38:07.456746Z,,,True,False,,,False,,,,,False
13647496,8400184410420,15202964930944,productivity-drink-12-cans-strawberry-lemonade,Productivity Drink - Strawberry Lemonade,,5.0,Definitely addicted to Neutonic!,Definitely addicted to Neutonic. It gets me doing about a weeks worth of work in a couple of hours so not so sure that’s a good thing…  Tropical ice and orange sunrise taste unreal and you can tell the guys have put a lot of effort into the flavours!  Highly recommend and have already got my family and friends involved!,2025-10-09T19:38:07.427452Z,2025-10-09T19:38:07.427602Z,,,True,False,,,False,,,,,False
13647495,8400184410420,15202964930944,productivity-drink-12-cans-strawberry-lemonade,Productivity Drink - Strawberry Lemonade,,5.0,Love this drink! it keeps you focused!,Love this drink!! it gives you the focus you need without the coffee jitters. A perfect drink for the afternoon especially in my 9-5pm job.,2025-10-09T19:38:07.397757Z,2025-10-09T19:38:07.397959Z,,,True,False,,,False,,,,,False
13647494,8400184410420,15202964930944,productivity-drink-12-cans-strawberry-lemonade,Productivity Drink - Strawberry Lemonade,,5.0,Tried all 3,"I started with the orange, which was good, but it was great as a non-coffee drinker and a person who doesn't want to drink many calories. It completely fueled my focus at work, especially after a night of too little sleep, or a larger-than-average lunch. After trying Tropical Ice and Wild Citrus (my favorite), the orange is now my least favorite, but still great. So for taste, focus, and lack of calories, I must give this a well-deserved 5 stars.",2025-10-09T19:38:07.366459Z,2025-10-09T19:38:07.366627Z,,,True,False,,,False,,,,,False
13647493,8400184410420,15202964930944,productivity-drink-12-cans-strawberry-lemonade,Productivity Drink - Strawberry Lemonade,,5.0,Convincing a sceptic!,I’m very sceptical about claims made by drink and supplement companies about the benefit of their products but I like James Smith’s no nonsense approach so thought I would give this a go. Bought a case of 12 and had one before work when I had a massive to do list and one before a day at uni. Definitely sharpened my focus and productivity so really pleased so far. Got the orange flavour and I think it tastes really good!!,2025-10-09T19:38:07.335794Z,2025-10-09T19:38:07.335992Z,,,True,False,,,False,,,,,False
13647492,8400184410420,15202964930944,productivity-drink-12-cans-strawberry-lemonade,Productivity Drink - Strawberry Lemonade,,5.0,Orange sunrise,Taste was awesome and felt more energized and focused at work.,2025-10-09T19:38:07.307587Z,2025-10-09T19:38:07.307780Z,,,True,False,,,False,,,,,False
13647491,8400184410420,15202964930944,productivity-drink-12-cans-strawberry-lemonade,Productivity Drink - Strawberry Lemonade,,5.0,ABSOLUTELY EPIC DRINK,ABSOLUTELY EPIC DRINK. THE BEST. KEEPS ME ON POINT AND LASER FOCUSED. TASTES AMAZING TOO!,2025-10-09T19:38:07.275602Z,2025-10-09T19:38:07.275797Z,,,True,False,,,False,,,,,False
13647490,8400184410420,15202964930944,productivity-drink-12-cans-strawberry-lemonade,Productivity Drink - Strawberry Lemonade,,5.0,Great with vodka!,Great with vodka!,2025-10-09T19:38:07.244296Z,2025-10-09T19:38:07.244446Z,,,True,False,,,False,,,,,False
13647489,8400184410420,15202964930944,productivity-drink-12-cans-strawberry-lemonade,Productivity Drink - Strawberry Lemonade,,5.0,Best productivity drink i’ve ever had,Best productivity drink i’ve ever had! Perfect for work and study,2025-10-09T19:38:07.218305Z,2025-10-09T19:38:07.218457Z,,,True,False,,,False,,,,,False
13647488,8400184410420,15202964930944,productivity-drink-12-cans-strawberry-lemonade,Productivity Drink - Strawberry Lemonade,,5.0,Hyperfocus mode engaged!,These type of drinks are usually trash... But I have finally found one that wakes me up and focuses me on the task at hand! As someone with ADHD this is invaluable! Neuronic is Chris' marvellous medicine!,2025-10-09T19:38:07.190176Z,2025-10-09T19:38:07.190339Z,,,True,False,,,False,,,,,False
13647486,8400184410420,15202964930944,productivity-drink-12-cans-strawberry-lemonade,Productivity Drink - Strawberry Lemonade,,5.0,4.5 rounded off to 5!,"Been using it for study for just over a year now, and it still does the business, but use should be reserved to once to three times per week, at most to feel the effects. Also, be mindful you're not consuming the nootropics elsewhere, or you'll obviously build a tolerance!  In addition, I've tried the caffeine-free capsules which are decent on their own, but I personally use to now bolster the beverage!  Criticisms: Got on sale, so much more cost-effective... the prices could come down somewhat; They altered the tropical flavour which now tastes a little more chemical-ish, which is a shame. Go with Citrus!",2025-10-09T19:38:07.124708Z,2025-10-09T19:38:07.124868Z,,,True,False,,,False,,,,,False
13647485,8400184410420,15202964930944,productivity-drink-12-cans-strawberry-lemonade,Productivity Drink - Strawberry Lemonade,,5.0,A true productivity drink,A true productivity drink. Feel focused and motivation without the need for insane caffeine doses to do my daily tasks and tastes amazing. 10/10 product.,2025-10-09T19:38:07.087481Z,2025-10-09T19:38:07.087640Z,,,True,False,,,False,,,,,False
13647484,8400184410420,15202964930944,productivity-drink-12-cans-strawberry-lemonade,Productivity Drink - Strawberry Lemonade,,5.0,Great product,"Great product, great customer services, great tablets and drinks, tropical ice is the best however. Maybe a better student discount is the only critique.",2025-10-09T19:38:07.050944Z,2025-10-09T19:38:07.051094Z,,,True,False,,,False,,,,,False
13647483,8400184410420,15202964930944,productivity-drink-12-cans-strawberry-lemonade,Productivity Drink - Strawberry Lemonade,,5.0,Really good product,"Really good product, I have tried a lot of similar items and this is the best results so far.",2025-10-09T19:38:07.016578Z,2025-10-09T19:38:07.016739Z,,,True,False,,,False,,,,,False
13647482,8400184410420,15202964930944,productivity-drink-12-cans-strawberry-lemonade,Productivity Drink - Strawberry Lemonade,,5.0,I’m not normal.,"I’m not normal.  I can see how this product will be excellent for the average person how ever for myself I tend to constantly have rapid thoughts and idea all the time which make me lose focus on things, this product accentuated that part of me which gave me the opposite affect of what was intended on the tin. I can’t say this product is bad just because it didn’t work for me as I can tell this would work for a normal person given the effects it had on me. Maybe I’m neurodivergent and just don’t know it idk . All in all I can recommend this to you’re “ normal “",2025-10-09T19:38:06.983685Z,2025-10-09T19:38:06.983835Z,,,True,False,,,False,,,,,False
13647481,8400184410420,15202964930944,productivity-drink-12-cans-strawberry-lemonade,Productivity Drink - Strawberry Lemonade,,5.0,A boost in mental dexterity,"Honestly, I was looking for a healthy alternative to an energy drink to gift to both of my brothers. When I came across Neutonic and I read their extensive research provided to their customers through their website, I decided to give it a try. I tried the beverages before gifting it, I actually bought the vitamins for myself. The beverages surpassed my expectations. I have been taking the vitamins because I need to consume caffeine free products. So far, I am pleased.  If you are looking for a booster, try both at the same time, vitamins+Neutonic drink.  Think of it as a fun way to take your brain vitamins with a boost of energy. It leaves you feeling mentally energized.    I gifted a two month supply, that’s how satisfied I am with my purchase.    This comes from a person that is not the easiest to convince nor likes sugary drinks, Neutonic is the way to go if you are looking to switch from a 50g of sugar energy drink to a healthy alternative that actually contains nootropics and zero sugar.    I’ll say, try for YOURSELF. After all, that’s why there is FREE WILL.",2025-10-09T19:38:06.957128Z,2025-10-09T19:38:06.957275Z,,,True,False,,,False,,,,,False
13647480,8400184410420,15202964930944,productivity-drink-12-cans-strawberry-lemonade,Productivity Drink - Strawberry Lemonade,,5.0,Delicious,Delicious! Energy boost without the jitters.,2025-10-09T19:38:06.930532Z,2025-10-09T19:38:06.930680Z,,,True,False,,,False,,,,,False
13647479,8400184410420,15202964930944,productivity-drink-12-cans-strawberry-lemonade,Productivity Drink - Strawberry Lemonade,,5.0,Tastes great and gives energy and focus…,Tastes great and gives energy and focus to get the most out of my day,2025-10-09T19:38:06.905206Z,2025-10-09T19:38:06.905356Z,,,True,False,,,False,,,,,False
13647159,8400184410420,8400185033012,tropical-ice-12pk,Productivity Drink - Tropical Ice,,5.0,"Long, slow burn energy, good mental focus, great taste.","I like the taste very much, especially the tropical ice. It seems to do what it claims to do. I felt increased mental acuity, and experienced a long, slow-burn energy that didn't have a burst, nor a crash.",2025-10-09T19:19:30.725627Z,2025-10-09T19:19:30.727062Z,,,True,False,,,False,,,,,False
13647513,8400184410420,15202964930944,productivity-drink-12-cans-strawberry-lemonade,Productivity Drink - Strawberry Lemonade,,5.0,This unlocked a new level of focus for me,"Tastes good, doesn't leave me with a crash, and i genuinely experienced better focus. Now my go to for when i've got big days ahead of me at work",2025-10-08T00:00:00Z,2025-10-08T00:00:00Z,,,True,False,,,False,,,,,False
13647510,8400184410420,15202964930944,productivity-drink-12-cans-strawberry-lemonade,Productivity Drink - Strawberry Lemonade,,5.0,This stuff is great,This stuff is great! Had a can and was so energised and focused. Best flavour is orange sunrise. Keen to checkout the other flavours but.,2025-10-08T00:00:00Z,2025-10-08T00:00:00Z,,,True,False,,,False,,,,,False
13647509,8400184410420,15202964930944,productivity-drink-12-cans-strawberry-lemonade,Productivity Drink - Strawberry Lemonade,,5.0,Magic blend that just works,"I'm not someone who likes to drink fizzy drinks or even energy drink for that matter. I really watch what i'm putting in my body. But when i saw this drink all over socials - i wanted to test it out. I dont know what magic blend is in it - but it seriously helps me focus. It's not like what a second coffee would do - it's just... better? also doesn't give me jitters. I don't buy from a lot of creator brands, but chris and james have done something really fun here. will be buying again",2025-10-08T00:00:00Z,2025-10-08T00:00:00Z,,,True,False,,,False,,,,,False
13647511,8400184410420,15202964930944,productivity-drink-12-cans-strawberry-lemonade,Productivity Drink - Strawberry Lemonade,,5.0,Your new work best friend,Absolute rocket fuel! This drink is absolutely perfect for anyone wanting to get dialled in at work,2025-10-08T00:00:00Z,2025-10-08T00:00:00Z,,,True,False,,,False,,,,,False
13647508,8400184410420,15202964930944,productivity-drink-12-cans-strawberry-lemonade,Productivity Drink - Strawberry Lemonade,,5.0,Great drink,This drink is amazing!  It's got a great flavor that keeps me coming back for more and provides a consistent energy level that doesn't leave me feeling drained later.  The customer service representatives have also been really nice. Definitely recommend!,2025-10-08T00:00:00Z,2025-10-08T00:00:00Z,,,True,False,,,False,,,,,False
13647518,8400184410420,15202964930944,productivity-drink-12-cans-strawberry-lemonade,Productivity Drink - Strawberry Lemonade,,5.0,Nice,Locks you in like crazy,2025-10-08T00:00:00Z,2025-10-08T00:00:00Z,,,True,False,,,False,,,,,False
13647517,8400184410420,15202964930944,productivity-drink-12-cans-strawberry-lemonade,Productivity Drink - Strawberry Lemonade,,5.0,When was the last time that something…,When was the last time that something ACTUALLY did what it said on the tin!?    Get it down you before the government deem it a risk by sharpening up general population and ban it.    Well done James!!,2025-10-08T00:00:00Z,2025-10-08T00:00:00Z,,,True,False,,,False,,,,,False
13647514,8400184410420,15202964930944,productivity-drink-12-cans-strawberry-lemonade,Productivity Drink - Strawberry Lemonade,,5.0,Been drinking it regularly and my mind…,Been drinking it regularly and my mind feels so focused. Never knew about nootropics and feels like been missing out all these years.,2025-10-08T00:00:00Z,2025-10-08T00:00:00Z,,,True,False,,,False,,,,,False
13647515,8400184410420,15202964930944,productivity-drink-12-cans-strawberry-lemonade,Productivity Drink - Strawberry Lemonade,,5.0,The product works exactly as intended,The product works exactly as intended. Laser focus for those times when grinding is necessary,2025-10-08T00:00:00Z,2025-10-08T00:00:00Z,,,True,False,,,False,,,,,False
13647516,8400184410420,15202964930944,productivity-drink-12-cans-strawberry-lemonade,Productivity Drink - Strawberry Lemonade,,5.0,Great Taste,"Great taste, helped me stay focused during busy Nightshifts working in emergency care in the NHS.",2025-10-08T00:00:00Z,2025-10-08T00:00:00Z,,,True,False,,,False,,,,,False
13647512,8400184410420,15202964930944,productivity-drink-12-cans-strawberry-lemonade,Productivity Drink - Strawberry Lemonade,,5.0,Definitely would recommend!,"Really well thought product. Great taste, with really nice flavours and fantastic branding too. Definitely would recommend!",2025-10-08T00:00:00Z,2025-10-08T00:00:00Z,,,True,False,,,False,,,,,False
13520734,8400184410420,15193429967232,productivity-drink-strawberry-lemonade-us,Productivity Drink - Strawberry Lemonade [US],12 Cans,5.0,Better than coffee. Prepare to get stuff done!,"This stuff has become a staple.  When I went to Europe I didn't have it, and life just wasn't the same. It definitely helps me focus at work and at the gym as well.  I have also gotten some co-workers hooked on it, and they love it as well.  I have tried all 5 flavors and like them all, but some are better than others.",2025-10-05T00:12:24.190979Z,2025-10-05T00:12:24.191013Z,2025-09-24T23:43:32Z,10.0,True,False,,,False,,,,,False
13647519,8400184410420,15202964930944,productivity-drink-12-cans-strawberry-lemonade,Productivity Drink - Strawberry Lemonade,,5.0,@CWP recommends,It's tasty and does exactly what they say it will... it's how I start my day now.,2025-10-05T00:00:00Z,2025-10-05T00:00:00Z,,,True,False,,,False,,,,,False
21304904,8400184410420,15202964930944,productivity-drink-12-cans-strawberry-lemonade,Productivity Drink - Strawberry Lemonade,12 Cans,5.0,,"Tastes great, genuinely helps with focus, refreshing afternoon treat to help in the afternoons.",2025-10-02T15:02:01Z,2025-10-02T15:02:01Z,,,True,False,,shop_app,False,,,,,False
13647520,8400184410420,15202964930944,productivity-drink-12-cans-strawberry-lemonade,Productivity Drink - Strawberry Lemonade,,5.0,Great drink,Great drink. Feel good.,2025-10-02T00:00:00Z,2025-10-02T00:00:00Z,,,True,False,,,False,,,,,False
13647530,8400184410420,15202964930944,productivity-drink-12-cans-strawberry-lemonade,Productivity Drink - Strawberry Lemonade,,5.0,Great tasting drink that I currently…,Great tasting drink that I currently use daily.,2025-10-01T00:00:00Z,2025-10-01T00:00:00Z,,,True,False,,,False,,,,,False
13647529,8400184410420,15202964930944,productivity-drink-12-cans-strawberry-lemonade,Productivity Drink - Strawberry Lemonade,,5.0,A good energy drink,"I've tried all three of the available flavours at time of writing and they are significantly better than similar products on the market. The price point is noticeably higher than other energy drinks but the ingredients are measured and reasoned for the beverage. Noticeably, I don't feel a caffeine crash or spike after drinking a can. It's a much gentler energy boost that aids my productivity.",2025-10-01T00:00:00Z,2025-10-01T00:00:00Z,,,True,False,,,False,,,,,False
13647531,8400184410420,15202964930944,productivity-drink-12-cans-strawberry-lemonade,Productivity Drink - Strawberry Lemonade,,5.0,Brain Juice,Me and my husband call this brain juice. It does exactly what it says on the tin! You’re more productive and unlike coffee no jitters. It really helps your mind focus! Honestly well done lads!  Maybe you could open a warehouse in Europe so no tax duty! :),2025-10-01T00:00:00Z,2025-10-01T00:00:00Z,,,True,False,,,False,,,,,False
13647524,8400184410420,15202964930944,productivity-drink-12-cans-strawberry-lemonade,Productivity Drink - Strawberry Lemonade,,5.0,Delicious flavours and laser focus,Delicious flavours and laser focus. Fantastic product.,2025-10-01T00:00:00Z,2025-10-01T00:00:00Z,,,True,False,,,False,,,,,False
13647521,8400184410420,15202964930944,productivity-drink-12-cans-strawberry-lemonade,Productivity Drink - Strawberry Lemonade,,5.0,An actually healthy alternative with no sugar or caffeine crashes,"As a big fan of both Chris and James, I made my first order in April and have been drinking Neutonic consistently since then. There are a lot of companies out there who claim to be ""different than the others"" or ""game changers"" but this truly is a game changer. It gives you a consistent level of focus throughout the day without any crashes, and the taste (I've tried both the tropical and orange version) is of a perfectly balanced sweetness. Couple that with other actually healthy ingredients that don't raise your stress levels and the fact that it isn't packed with sugar as most other energy drinks, Neutonic truly deserves the title of productivity drink - in my experience it stands alone in that regard. The only downside as a Norwegian is the import cost, but in my opinion it is definitely worth it. Thank you to Chris and James!",2025-10-01T00:00:00Z,2025-10-01T00:00:00Z,,,True,False,,,False,,,,,False
13647526,8400184410420,15202964930944,productivity-drink-12-cans-strawberry-lemonade,Productivity Drink - Strawberry Lemonade,,5.0,The creme de la creme,"The creme de la creme!    I am someone who researches before I buy things, and as soon as I watched the story on the website, I bought a crate(orange sunset flavour). The taste of the drink is so good. Even as a zero sugar drink, it’s so moreish and doesn’t sit heavy on the stomach. I’m not kidding when I say the ingredients have been so cleverly added with the cognizin making a significant difference on my overall focus. The caffeine also a good measurement, doesn’t need too much and has that little kick to wake you up. Perfect morning drink for getting kickstarted into work. Well done guys, you’ve created a returning customer 😎😎😎",2025-10-01T00:00:00Z,2025-10-01T00:00:00Z,,,True,False,,,False,,,,,True
13647522,8400184410420,15202964930944,productivity-drink-12-cans-strawberry-lemonade,Productivity Drink - Strawberry Lemonade,,5.0,Genuinely my favourite drink,Genuinely my favourite drink. The flavour is amazing and you guys have done an amazing job at creating a product that genuinely gives me energy and focus without the jitters that you deal with in an energy drink.,2025-10-01T00:00:00Z,2025-10-01T00:00:00Z,,,True,False,,,False,,,,,False
13647525,8400184410420,15202964930944,productivity-drink-12-cans-strawberry-lemonade,Productivity Drink - Strawberry Lemonade,,5.0,great drink.,Great drink. Feel good.,2025-10-01T00:00:00Z,2025-10-01T00:00:00Z,,,True,False,,,False,,,,,False
13647527,8400184410420,15202964930944,productivity-drink-12-cans-strawberry-lemonade,Productivity Drink - Strawberry Lemonade,,5.0,"Great product, tastes great!","Absolutely fantastic product, does exactly as advertised. Really helps me focus in those times when needed, and each flavour is really tasty.",2025-10-01T00:00:00Z,2025-10-01T00:00:00Z,,,True,False,,,False,,,,,False
13647523,8400184410420,15202964930944,productivity-drink-12-cans-strawberry-lemonade,Productivity Drink - Strawberry Lemonade,,5.0,Great taste with powerful effect.,Great taste with powerful effect.,2025-10-01T00:00:00Z,2025-10-01T00:00:00Z,,,True,False,,,False,,,,,False
13647528,8400184410420,15202964930944,productivity-drink-12-cans-strawberry-lemonade,Productivity Drink - Strawberry Lemonade,,5.0,The Perfect Blend,Excellent creation. Lucky that I live in the UK and can get it. Being from Australia I've described it to friends as being like a Red Bull and Berocca in one drink + some nootropics. Trouble is that my wife keeps stealing them from me.  Ordering direct from Neutonic gets you much better packaging than from Amazon.,2025-10-01T00:00:00Z,2025-10-01T00:00:00Z,,,True,False,,,False,,,,,False
13647114,8400184410420,8400185033012,tropical-ice-12pk,Productivity Drink - Tropical Ice,,5.0,Great product!,Love this drink. It has helped me with clear focus with absolutely no jitter. Does not feel like a caffeinated drink. I’ve tried most energy drinks over the years and this one is different! Productivity drink is the best description. Love it! Thank you guys,2025-09-26T00:00:00Z,2025-09-26T00:00:00Z,,,True,False,,,False,,,,,False
13647117,8400184410420,8400185033012,tropical-ice-12pk,Productivity Drink - Tropical Ice,,5.0,My new coffee replacement!,Helps my brain get firing and ready for each workday,2025-09-19T00:00:00Z,2025-09-19T00:00:00Z,,,True,False,,,False,,,,,False
13647532,8400184410420,15202964930944,productivity-drink-12-cans-strawberry-lemonade,Productivity Drink - Strawberry Lemonade,,5.0,Great product,"Great product, great service, great people behind it.",2025-09-16T00:00:00Z,2025-09-16T00:00:00Z,,,True,False,,,False,,,,,False
13647533,8400184410420,15202964930944,productivity-drink-12-cans-strawberry-lemonade,Productivity Drink - Strawberry Lemonade,,5.0,Canny Sup,"Great alternative energy booster if you’re constantly on teams / laptop most of the working day. Noticed it gives a better focus than say a straight coffee/caffeine high. You feel less tired and your energy is notably more perky. Refreshing, (Orange every time) maybe slightly too saccharin for my palate - I think it offers something extra that other similar drinks out in the market don’t. Thanks for the healthy tipple lads!",2025-09-11T00:00:00Z,2025-09-11T00:00:00Z,,,True,False,,,False,,,,,False
12758700,8400184410420,8799704154420,tropical-ice-12pk-us,Productivity Drink - Tropical Ice [US],12 Cans,5.0,"SEEING BETTER, FEELING BETTER!","I feel like I can just see better. My mind works better. Small frictions that would normally delay action seen approachable. Not jittery, just energizing. Taste good too. ",2025-09-05T05:29:54.365727Z,2025-09-05T05:29:54.365758Z,2025-08-25T23:30:54Z,10.2,True,False,,,False,,,,,False
12748368,8400184410420,8400184672564,wild-citrus-productivity-drink,Productivity Drink - Wild Citrus,12 Cans,5.0,UNBELIEVABLE!,"Unbelievable, I have no notes. Superb.",2025-09-04T17:44:37.018897Z,2025-09-04T17:44:37.018928Z,2025-08-20T23:26:26Z,14.8,True,False,,,False,,,,,False
21304902,8400184410420,15202956968320,blue-raspberry-productivity-drink-12-cans,Productivity Drink - Blue Raspberry,12 Cans,5.0,,New flavour takes me right back to childhood. Really great and quality product,2025-08-28T18:23:55Z,2025-08-28T18:23:55Z,,,True,False,,shop_app,False,,,,,False
13647231,8400184410420,8400185033012,tropical-ice-12pk,Productivity Drink - Tropical Ice,,4.0,Awesome ….sharp focus 🧘,"This item is great for focusing on work, and special projects. It get you to sharply focus without losing attention on the task at hand, and NO jittery caffeine feeling afterwards! The only drawback is it’s pricey!",2025-08-25T00:00:00Z,2025-08-25T00:00:00Z,,,True,False,,,False,,,,,False
13647404,8400184410420,15202964930944,productivity-drink-12-cans-strawberry-lemonade,Productivity Drink - Strawberry Lemonade,,5.0,UNBELIEVABLE PRODUCT,UNBELIEVABLE PRODUCT. Nothing on the market as well rounded as Neutonic. I’m sorry but it’s not just any old energy/focus drink.,2025-08-24T00:00:00Z,2025-08-24T00:00:00Z,,,True,False,,,False,,,,,False
13647401,8400184410420,15202964930944,productivity-drink-12-cans-strawberry-lemonade,Productivity Drink - Strawberry Lemonade,,5.0,Been consuming Neutonic religiously and…,"Been consuming Neutonic religiously and cannot deny the fact that not only is the product amazing, but the team behind it phenomenal as well. My go to focus drink which has replaced any and all other ‘energy’ drinks",2025-08-24T00:00:00Z,2025-08-24T00:00:00Z,,,True,False,,,False,,,,,False
13647402,8400184410420,15202964930944,productivity-drink-12-cans-strawberry-lemonade,Productivity Drink - Strawberry Lemonade,,5.0,I honestly love Neutonic,I honestly love Neutonic. It helps me focus and I dont get jitters like other energy drinks. I replaced my coffee with Neutonic and drink one per day.,2025-08-23T00:00:00Z,2025-08-23T00:00:00Z,,,True,False,,,False,,,,,False
21304900,8400184410420,15135241765248,productivity-drink-blue-raspberry-us,Productivity Drink - Blue Raspberry [US],12 Cans,5.0,,Reminds me of blue raspberry sour straws from when i was a kid. Love it!,2025-08-22T16:19:29Z,2025-08-22T16:19:29Z,,,True,False,,shop_app,False,,,,,False
20499665,8400184410420,15135241765248,productivity-drink-blue-raspberry-us,Productivity Drink - Blue Raspberry [US],,5.0,,Reminds me of blue raspberry sour straws from when i was a kid. Love it!,2025-08-22T16:19:29Z,2025-08-22T16:19:29Z,,,False,False,,,False,,,,,False
21304899,8400184410420,8400184672564,wild-citrus-productivity-drink,Productivity Drink - Wild Citrus,12 Cans,5.0,,"Tastes great and locks me on when I need it. Great to give me a boost when doing long security hours, prior to the gym or for study sessions.",2025-08-22T09:40:12Z,2025-08-22T09:40:12Z,,,True,False,,shop_app,False,,,,,False
20499594,8400184410420,8400184672564,wild-citrus-productivity-drink,Productivity Drink - Wild Citrus,,5.0,,"Tastes great and locks me on when I need it. Great to give me a boost when doing long security hours, prior to the gym or for study sessions.",2025-08-22T09:40:12Z,2025-08-22T09:40:12Z,,,False,False,,,False,,,,,False
13647403,8400184410420,15202964930944,productivity-drink-12-cans-strawberry-lemonade,Productivity Drink - Strawberry Lemonade,,5.0,LOVE the secret flavour,LOVE the secret flavour. It nearly blew my head off but I absolutely smashed my workout 💪🏽 No crash afterwards either.,2025-08-22T00:00:00Z,2025-08-22T00:00:00Z,,,True,False,,,False,,,,,False
13647406,8400184410420,15202964930944,productivity-drink-12-cans-strawberry-lemonade,Productivity Drink - Strawberry Lemonade,,5.0,Neutonic is an amazing drink to fuel…,"Neutonic is an amazing drink to fuel your focus! The flavours are incredible and so enjoyable. It’s a drink that once you try it, it will always be your go to drink",2025-08-22T00:00:00Z,2025-08-22T00:00:00Z,,,True,False,,,False,,,,,False
13647409,8400184410420,15202964930944,productivity-drink-12-cans-strawberry-lemonade,Productivity Drink - Strawberry Lemonade,,5.0,All the flavours taste great and they…,All the flavours taste great and they really help me focus. I have them daily and notice when I don’t. It’s nice to have an energy drink that actually has good nootropics in it. The powders are great too when I need to lock-in for an evening of work where I don’t want the caffeine,2025-08-22T00:00:00Z,2025-08-22T00:00:00Z,,,True,False,,,False,,,,,False
13647408,8400184410420,15202964930944,productivity-drink-12-cans-strawberry-lemonade,Productivity Drink - Strawberry Lemonade,,5.0,Neutonic is killing it!,"I have been using it since they launched and the new flavours keep getting better and better! I feel way more focused as opposed to just the mad buzz of energy drinks so to me, costing less than a coffee, it's worth it.",2025-08-22T00:00:00Z,2025-08-22T00:00:00Z,,,True,False,,,False,,,,,False
13647405,8400184410420,15202964930944,productivity-drink-12-cans-strawberry-lemonade,Productivity Drink - Strawberry Lemonade,,5.0,Amazing product,"Amazing product, helps me lock in and get things done with laser focus vision  Highly recommend",2025-08-22T00:00:00Z,2025-08-22T00:00:00Z,,,True,False,,,False,,,,,False
13647407,8400184410420,15202964930944,productivity-drink-12-cans-strawberry-lemonade,Productivity Drink - Strawberry Lemonade,,5.0,I absolutely love neutonic!!! 🫶🏽🫶🏽🫶🏽,I absolutely love neutonic.  The brain capsules and the focus sachets are really effective!  I am always on the go and working long shifts and these definitely help.  The watermelon mint flavour is my favourite. I have 1 every morning.,2025-08-22T00:00:00Z,2025-08-22T00:00:00Z,,,True,False,,,False,,,,,False
13647411,8400184410420,15202964930944,productivity-drink-12-cans-strawberry-lemonade,Productivity Drink - Strawberry Lemonade,,5.0,Neutonic is awesome!,"Neutonic is awesome!  Tastes great, especially the new blue raspberry flavour. It keeps me locked in and focused when teaching",2025-08-22T00:00:00Z,2025-08-22T00:00:00Z,,,True,False,,,False,,,,,False
13647410,8400184410420,15202964930944,productivity-drink-12-cans-strawberry-lemonade,Productivity Drink - Strawberry Lemonade,,5.0,Amazing product,"Amazing product, great focus and tastes way better than any other energy drink out there but actually contains decent ingredients and way less sh*t.",2025-08-22T00:00:00Z,2025-08-22T00:00:00Z,,,True,False,,,False,,,,,False
12483220,8400184410420,8400184410420,orange-sunrise-productivity-drink,Productivity Drink - Orange Sunrise,,5.0,"Thanks Chris, Great product!","Great Product, helps with focus when driving for long periods of time and also when staring at a computer screen for several hours and blocks out distractions.  Thanks Chris!",2025-08-21T18:53:43.909336Z,2025-08-21T18:53:43.909376Z,,,True,False,,,False,,,,,False
13647412,8400184410420,15202964930944,productivity-drink-12-cans-strawberry-lemonade,Productivity Drink - Strawberry Lemonade,,5.0,Focused,The cans taste great and the zero sugar is a bonus,2025-08-21T00:00:00Z,2025-08-21T00:00:00Z,,,True,False,,,False,,,,,False
13647413,8400184410420,15202964930944,productivity-drink-12-cans-strawberry-lemonade,Productivity Drink - Strawberry Lemonade,,5.0,I’m a SEN parent,"I’m a SEN parent. The eldest has a TBI which has resulted in an erratic sleep pattern for the past 10 years, 3hrs of sleep a night is not unusual. This stuff helps me get through the day when we’ve had a bad night.",2025-08-21T00:00:00Z,2025-08-21T00:00:00Z,,,True,False,,,False,,,,,False
13647081,8400184410420,8400185033012,tropical-ice-12pk,Productivity Drink - Tropical Ice,,5.0,Tastes better than other brands,Tastes great and I start my days with it. Have reordered multiple times.,2025-08-21T00:00:00Z,2025-08-21T00:00:00Z,,,True,False,,,False,,,,,False
13647415,8400184410420,15202964930944,productivity-drink-12-cans-strawberry-lemonade,Productivity Drink - Strawberry Lemonade,,5.0,I honestly love Neutonic,"🟢quality of the prosus 100%, the taste is good but it is a bit sweet, I love ittttttttttttt❤️❤️❤️❤️❤️❤️🔥",2025-08-21T00:00:00Z,2025-08-21T00:00:00Z,,,True,False,,,False,,,,,False
13647414,8400184410420,15202964930944,productivity-drink-12-cans-strawberry-lemonade,Productivity Drink - Strawberry Lemonade,,5.0,Love neutonic,"Love neutonic, great little energy booster genuinely helps my focus.  Really love the flavours, especially served ice cold!  When ordering online, they always come super quick",2025-08-21T00:00:00Z,2025-08-21T00:00:00Z,,,True,False,,,False,,,,,False
13647416,8400184410420,15202964930944,productivity-drink-12-cans-strawberry-lemonade,Productivity Drink - Strawberry Lemonade,,5.0,LOVE the secret flavour,Keeps me focused. Tastes good too.,2025-08-20T00:00:00Z,2025-08-20T00:00:00Z,,,True,False,,,False,,,,,False
13647420,8400184410420,15202964930944,productivity-drink-12-cans-strawberry-lemonade,Productivity Drink - Strawberry Lemonade,,5.0,Highly recommend as a menopausal woman,"I love all the Neutonic products and in particular the powders without caffeine, really help with my peri menopause brain fog and I don't have to worry about the caffeine impacting my sleep.  Love the new blue raspberry flavour ⭐️⭐️⭐️⭐️⭐️",2025-08-20T00:00:00Z,2025-08-20T00:00:00Z,,,True,False,,,False,,,,,False
13647417,8400184410420,15202964930944,productivity-drink-12-cans-strawberry-lemonade,Productivity Drink - Strawberry Lemonade,,5.0,UNBELIEVABLE PRODUCT,"20 cases over 1.5 years, best drink out there! Tastes great and you definitely feel the effects, they should definitely consider some rewards program!",2025-08-20T00:00:00Z,2025-08-20T00:00:00Z,,,True,False,,,False,,,,,False
13647421,8400184410420,15202964930944,productivity-drink-12-cans-strawberry-lemonade,Productivity Drink - Strawberry Lemonade,,5.0,Great product,"Great product, good balance of nootropics without too much caffeine.",2025-08-20T00:00:00Z,2025-08-20T00:00:00Z,,,True,False,,,False,,,,,False
13647418,8400184410420,15202964930944,productivity-drink-12-cans-strawberry-lemonade,Productivity Drink - Strawberry Lemonade,,5.0,Amazing product,Great service as always. Website full of the essential information about the products whilst maintaining a simple easy to navigate page. The products themselves all do what they say on the tin. I have replaced my afternoon coffee with a Neutonic as the boost is 100 times (in my opinion) better.,2025-08-20T00:00:00Z,2025-08-20T00:00:00Z,,,True,False,,,False,,,,,False
13647422,8400184410420,15202964930944,productivity-drink-12-cans-strawberry-lemonade,Productivity Drink - Strawberry Lemonade,,5.0,Lock in your focus and get shit done.,I’m a big fan of nootropics now thanks to Neutonic. Great flavours and they genuinely help me get in the zone for a long editing session. I was dubious at first but the difference in my output when not drinking these and my focus is noticeable.,2025-08-20T00:00:00Z,2025-08-20T00:00:00Z,,,True,False,,,False,,,,,False
13647419,8400184410420,15202964930944,productivity-drink-12-cans-strawberry-lemonade,Productivity Drink - Strawberry Lemonade,,5.0,Neutonic is fantastic,"Neutonic is fantastic - tastes great, wakes me up like a coffee but with none of the shaky/anxiety type feelings I usually get when I drink caffeine. Highly recommend.",2025-08-20T00:00:00Z,2025-08-20T00:00:00Z,,,True,False,,,False,,,,,False
13647121,8400184410420,8400185033012,tropical-ice-12pk,Productivity Drink - Tropical Ice,,5.0,Fantastic product for productivity and focus.,"Great product. Most nootropics I've tried in the past gave me a headache. This one does not. It provides a subtle jolt of focused energy without a crash. If you're looking for something to give you an edge while working on a big project, or before a big presentation, I would highly recommend this product.",2025-08-19T00:00:00Z,2025-08-19T00:00:00Z,,,True,False,,,False,,,,,False
13647424,8400184410420,15202964930944,productivity-drink-12-cans-strawberry-lemonade,Productivity Drink - Strawberry Lemonade,,5.0,Love Neutonic 🙏,"Love Neutonic! I feel like this really helps me focus... and in a positive, uplifting way. I've drank these before a few workouts and feel much clearer and energised for my session.  I also don't get the 'come down' which you can sometimes get with 'energy drinks'.  Definitely try them if you haven't yet 🙏",2025-08-18T00:00:00Z,2025-08-18T00:00:00Z,,,True,False,,,False,,,,,False
13647423,8400184410420,15202964930944,productivity-drink-12-cans-strawberry-lemonade,Productivity Drink - Strawberry Lemonade,,5.0,5 star!,"I’m a pt and work really long days, having to be really energetic and switched on for clients, this stuff actually helps SO much!",2025-08-18T00:00:00Z,2025-08-18T00:00:00Z,,,True,False,,,False,,,,,False
13647429,8400184410420,15202964930944,productivity-drink-12-cans-strawberry-lemonade,Productivity Drink - Strawberry Lemonade,,5.0,Love this product,Love this product. Really helps me dial in without getting the horrific come downs,2025-08-17T00:00:00Z,2025-08-17T00:00:00Z,,,True,False,,,False,,,,,False
13647427,8400184410420,15202964930944,productivity-drink-12-cans-strawberry-lemonade,Productivity Drink - Strawberry Lemonade,,5.0,Great product great for focus and…,"Great product great for focus and really comes in handy when you need to lock in on something, 10/10 recommend",2025-08-17T00:00:00Z,2025-08-17T00:00:00Z,,,True,False,,,False,,,,,False
13647428,8400184410420,15202964930944,productivity-drink-12-cans-strawberry-lemonade,Productivity Drink - Strawberry Lemonade,,5.0,I absolutely love neutonic!!! 🫶🏽🫶🏽🫶🏽,"I absolutely love neutonic. .They really are more than just an energy drink. As a perimenopausal woman who suffers with brain fog and concentration at times, these drinks really do help with this and they are an amazing pre workout drink too and on top of all these benefits they taste amazing! Tropical ice is my personal favourite but was pleasantly surprised by the new blue raspberry. 👌 Would definitely recommend.",2025-08-17T00:00:00Z,2025-08-17T00:00:00Z,,,True,False,,,False,,,,,False
13647425,8400184410420,15202964930944,productivity-drink-12-cans-strawberry-lemonade,Productivity Drink - Strawberry Lemonade,,5.0,Great service,"Great service, great product and delivery time was fantastic. Great community of people that have a passion for helping others achieve their potential! I always have one of these while I record my podcast!",2025-08-17T00:00:00Z,2025-08-17T00:00:00Z,,,True,False,,,False,,,,,False
13647426,8400184410420,15202964930944,productivity-drink-12-cans-strawberry-lemonade,Productivity Drink - Strawberry Lemonade,,5.0,Tastes great and gives you the boost…,Tastes great and gives you the boost and focus of an energy drink without the excess caffeine and all the bad side effects that come with high caffeine content!,2025-08-17T00:00:00Z,2025-08-17T00:00:00Z,,,True,False,,,False,,,,,False
13647431,8400184410420,15202964930944,productivity-drink-12-cans-strawberry-lemonade,Productivity Drink - Strawberry Lemonade,,5.0,Took one drink whilst playing the Xbox…,Took one drink whilst playing the Xbox and felt great to have something which was like fruit juice. Peach and mango flavour is the bomb I felt engaged and happy whilst playing online. And another time for a long car journey and you know I can’t tell you it’s because of the drink but another driver nearly hit me but I was focused. In control and prevented a what could have been a bad day.,2025-08-16T00:00:00Z,2025-08-16T00:00:00Z,,,True,False,,,False,,,,,False
13647432,8400184410420,15202964930944,productivity-drink-12-cans-strawberry-lemonade,Productivity Drink - Strawberry Lemonade,,5.0,Great product,"Great product! Amazing flavours, well balanced compared to other energy drinks I’ve tried. Would definitely recommend for anyone looking for something to help them focus or just trying to reduce their caffeine intake.",2025-08-16T00:00:00Z,2025-08-16T00:00:00Z,,,True,False,,,False,,,,,False
13647430,8400184410420,15202964930944,productivity-drink-12-cans-strawberry-lemonade,Productivity Drink - Strawberry Lemonade,,5.0,Absolutely recommend,"Absolutely recommend - had a trial pack from the supplement review and will be ordering  Only half way through trial pack and I love the flavour, texture, packaging and more importantly the product  Really dials you in and gets you ‘in the room’ - with no mad crash after  Fantastic products",2025-08-16T00:00:00Z,2025-08-16T00:00:00Z,,,True,False,,,False,,,,,False
13647433,8400184410420,15202964930944,productivity-drink-12-cans-strawberry-lemonade,Productivity Drink - Strawberry Lemonade,,5.0,Taste is great and genuinely helps me…,Taste is great and genuinely helps me through hours of meetings in the day!,2025-08-16T00:00:00Z,2025-08-16T00:00:00Z,,,True,False,,,False,,,,,False
13647434,8400184410420,15202964930944,productivity-drink-12-cans-strawberry-lemonade,Productivity Drink - Strawberry Lemonade,,5.0,Amazing taste,"Amazing taste, gives me the energy for gym and jitsu. I would highly reccomend",2025-08-16T00:00:00Z,2025-08-16T00:00:00Z,,,True,False,,,False,,,,,False
13647435,8400184410420,15202964930944,productivity-drink-12-cans-strawberry-lemonade,Productivity Drink - Strawberry Lemonade,,5.0,Love it,"Love it , well done guys on making a product that works just as the tin says !  Powered a great session making me focused using mind to muscle connection 👌🏻with no after crash !  That trial pack from supplement review  Has been a game changer for me , large order going in 🙂",2025-08-16T00:00:00Z,2025-08-16T00:00:00Z,,,True,False,,,False,,,,,False
13647437,8400184410420,15202964930944,productivity-drink-12-cans-strawberry-lemonade,Productivity Drink - Strawberry Lemonade,,5.0,Honestly loved this,Honestly loved this! As a girl who’s always on the go and working 24/7 really like this and is definitely a new favourite!    I struggle to find drinks that taste good and are effective. This ticks both boxes!!,2025-08-15T00:00:00Z,2025-08-15T00:00:00Z,,,True,False,,,False,,,,,False
13647438,8400184410420,15202964930944,productivity-drink-12-cans-strawberry-lemonade,Productivity Drink - Strawberry Lemonade,,5.0,Do not hesitate,"Hands down it is the best drink to consume if you want to focus, lock in and get sh*t done.I need to get more neutonic products.",2025-08-15T00:00:00Z,2025-08-15T00:00:00Z,,,True,False,,,False,,,,,False
13647082,8400184410420,15202956968320,blue-raspberry-productivity-drink-12-cans,Productivity Drink - Blue Raspberry,,5.0,New Flavor Best Flavor,"Blue crack! I used to order the Wild Citrus, but this new flavor is the clear leader in tastiness.",2025-08-15T00:00:00Z,2025-08-15T00:00:00Z,,,True,False,,,False,,,,,False
13647436,8400184410420,15202964930944,productivity-drink-12-cans-strawberry-lemonade,Productivity Drink - Strawberry Lemonade,,5.0,Trialed based on samples,Trialed based on samples. Flavours are spot on. Not overpowering and just taste nice like a drink you would enjoy anytime. No fizzy after taste or bloated feel after a fizzy drink. Could feel the effects on these. I use pre workout for the gym but this was a different type of focus. Really impressed,2025-08-15T00:00:00Z,2025-08-15T00:00:00Z,,,True,False,,,False,,,,,False
13647441,8400184410420,15202964930944,productivity-drink-12-cans-strawberry-lemonade,Productivity Drink - Strawberry Lemonade,,5.0,Tastes amazing,Tastes amazing! Helped me stay focused and energised today after an early start!,2025-08-14T00:00:00Z,2025-08-14T00:00:00Z,,,True,False,,,False,,,,,False
13647442,8400184410420,15202964930944,productivity-drink-12-cans-strawberry-lemonade,Productivity Drink - Strawberry Lemonade,,5.0,Amazing taste,"Amazing taste, had this just before training caffeine amount was perfect for my workout no crash no itching, but still giving me laser focus loved this product 10/10 going to go buy a case",2025-08-14T00:00:00Z,2025-08-14T00:00:00Z,,,True,False,,,False,,,,,False
12103687,8400184410420,8400184672564,wild-citrus-productivity-drink,Productivity Drink - Wild Citrus,,5.0,A solid 10/10. They really work,"Absolutely great taste and they really work.  I was very sceptical, but the marketing convinced me to get some. After that there was no going back. Love all the flavours and they really do what they say. ",2025-08-13T12:46:50.214703Z,2025-08-13T12:46:50.214741Z,,,False,False,,,False,,,,,False
13647440,8400184410420,15202964930944,productivity-drink-12-cans-strawberry-lemonade,Productivity Drink - Strawberry Lemonade,,5.0,I initially wasn't sold,"I initially wasn't sold, until I stopped after my first order, 2 days later, I realised how much of a difference Neutonic made to my day - this time round, I went for the Blue Raspberry and energy, focus & clarity are back where they should be",2025-08-13T00:00:00Z,2025-08-13T00:00:00Z,,,True,False,,,False,,,,,False
13647083,8400184410420,8400185033012,tropical-ice-12pk,Productivity Drink - Tropical Ice,,5.0,Great product,Good flavor helped with focus and lasted almost all day,2025-08-12T00:00:00Z,2025-08-12T00:00:00Z,,,True,False,,,False,,,,,False
13647084,8400184410420,8400185033012,tropical-ice-12pk,Productivity Drink - Tropical Ice,,5.0,It works,Great product!,2025-08-12T00:00:00Z,2025-08-12T00:00:00Z,,,True,False,,,False,,,,,False
13647085,8400184410420,15202956968320,blue-raspberry-productivity-drink-12-cans,Productivity Drink - Blue Raspberry,,5.0,Neutonic Blue Raspberry: Zesty Bliss for Peak Focus!,"I recently tried Neutonic’s Blue Raspberry flavor, and it’s an absolute game-changer! The taste is spot-on—refreshingly bold with just the right balance of sweet and tangy, reminiscent of a blue raspberry slushie but without any artificial aftertaste. It’s incredibly smooth and easy to drink, making it a perfect pick-me-up. With 120mg of natural caffeine, 500mg of Cognizin, and other nootropics like L-Theanine and Rhodiola Rosea, I felt a clean, focused energy that kept me locked in for hours during a busy workday. No jitters, no crash—just clear-headed productivity. The zero-sugar formula and B-vitamins are a bonus, keeping me energized without the guilt. Neutonic Blue Raspberry is now my go-to for crushing tasks or powering through a workout. Highly recommend this vibrant, brain-boosting drink",2025-08-10T00:00:00Z,2025-08-10T00:00:00Z,,,True,False,,,False,,,,,False
13647439,8400184410420,15202964930944,productivity-drink-12-cans-strawberry-lemonade,Productivity Drink - Strawberry Lemonade,,5.0,BiGRiG reviews,"Got this delivered via the supplement review, I mentiont that because only the best get put through that for athletes or aspiring athletes to review. Its brilliant, fantastic taste, no overwhelming sugar rush, no crash and feel refreshed and replenished while.enjoying it. Laser focus for training & enjoyable. 1 negative needs to be bigger because its mourish! 100/10",2025-08-09T00:00:00Z,2025-08-09T00:00:00Z,,,True,False,,,False,,,,,False
13647086,8400184410420,8400185033012,tropical-ice-12pk,Productivity Drink - Tropical Ice,,5.0,I received what I ordered fast and quick and excellent product,"Great product, fast delivery.",2025-08-07T00:00:00Z,2025-08-07T00:00:00Z,,,True,False,,,False,,,,,False
21304898,8400184410420,15202956968320,blue-raspberry-productivity-drink-12-cans,Productivity Drink - Blue Raspberry,12 Cans,5.0,,I don’t know why I was expecting it to be blue - but it’s perfect with a slight bubblegum taste yet not overly synthetic - hundred percent would buy again,2025-08-06T09:43:18Z,2025-08-06T09:43:18Z,,,True,False,,shop_app,False,,,,,False
20499606,8400184410420,15202956968320,blue-raspberry-productivity-drink-12-cans,Productivity Drink - Blue Raspberry,,5.0,,I don’t know why I was expecting it to be blue - but it’s perfect with a slight bubblegum taste yet not overly synthetic - hundred percent would buy again,2025-08-06T09:43:18Z,2025-08-06T09:43:18Z,,,False,False,,,False,,,,,False
11943493,8400184410420,15135241765248,productivity-drink-blue-raspberry-us,Productivity Drink - Blue Raspberry [US],12 Cans,5.0,MOTIVATION IN A BOTTLE!,"I love this product. I do what I can to keep it in stock at home because I get so much done when I am drinking Neutonic consistently. I feel like it helps jumpstart my motivation to get things done - paperwork, emails, chores, etc. My only critique is how sweet it is and how this one taste more like blue cotton candy vs blue raspberry. ",2025-08-05T17:07:16.821305Z,2025-08-05T17:07:16.821335Z,2025-07-24T16:26:55Z,12.0,True,False,,,False,,,,,False
13647087,8400184410420,8400185033012,tropical-ice-12pk,Productivity Drink - Tropical Ice,,5.0,LEGIT a productivity drink,"Love these, drink one almost everyday to keep me productive!",2025-08-05T00:00:00Z,2025-08-05T00:00:00Z,,,True,False,,,False,,,,,False
13647088,8400184410420,15202956968320,blue-raspberry-productivity-drink-12-cans,Productivity Drink - Blue Raspberry,,5.0,Taste!,Delicious!,2025-08-03T00:00:00Z,2025-08-03T00:00:00Z,,,True,False,,,False,,,,,False
21304897,8400184410420,15202956968320,blue-raspberry-productivity-drink-12-cans,Productivity Drink - Blue Raspberry,12 Cans,5.0,,Its an expensive drink but it works love it to be cheaper,2025-08-02T11:05:28Z,2025-08-02T11:05:28Z,,,True,False,,shop_app,False,,,,,False
20499599,8400184410420,15135241765248,productivity-drink-blue-raspberry-us,Productivity Drink - Blue Raspberry [US],,5.0,,So tasty! Love Neutonic and how muxh focus it gives me.,2025-08-02T01:08:03Z,2025-08-02T01:08:03Z,,,False,False,,,False,,,,,False
21304896,8400184410420,15135241765248,productivity-drink-blue-raspberry-us,Productivity Drink - Blue Raspberry [US],12 Cans,5.0,,So tasty! Love Neutonic and how muxh focus it gives me.,2025-08-02T01:08:03Z,2025-08-02T01:08:03Z,,,True,False,,shop_app,False,,,,,False
13647089,8400184410420,8400185033012,tropical-ice-12pk,Productivity Drink - Tropical Ice,,5.0,Close more deals with this!,I keep trying new drinks to keep me more alert and have high energy. I am in sales and this drink really helps me close deals! I go to 3 homes a day and talk to each homeowner for 2-3 hours doing the same pitch and closes. This drink keeps me on track. Taste is great. Seems way more healthy than the others.,2025-08-02T00:00:00Z,2025-08-02T00:00:00Z,,,True,False,,,False,,,,,False
13647234,8400184410420,8400185033012,tropical-ice-12pk,Productivity Drink - Tropical Ice,,4.0,No Caffine but Has Artificial Sweeteners,"I was very interested in this product as a possible caffeine free focus booster. Sometimes I need to lock in during the afternoons and I don't want to have the caffeine from coffee or a typical energy drink. With this drink, I didn't immediately get a focus boost, but there did seem to be a general sense of improved cognitive awareness. It's always hard to say if this is from the product or just a placebo but it was a good boost regardless.    I am always a little bit annoyed at products that claim zero sugar but then have added artificial sweeteners. It just seems like a disingenuous way of providing the same thing, but with man-made chemicals. I'd rather just have a low sugar item. Anyways, these drinks still taste pretty good, though I don't love the bit of artificial sweetener taste from the Sucralose and Acesulfame.    At around $2 a serving, this is priced about what an energy drink would be, though you need to mix it yourself so you don't get the ease of use. I like the option of a caffeine free focus drink option, but I wish they didn't have artificial sweeteners.",2025-08-01T00:00:00Z,2025-08-01T00:00:00Z,,,True,False,,,False,,,,,False
21304895,8400184410420,15202956968320,blue-raspberry-productivity-drink-12-cans,Productivity Drink - Blue Raspberry,12 Cans,5.0,,"Love love love Neutonic! Best productivity drinks on the market. I dont feel like im destroying my insides when i have them ans man do they give me the boost when I need it! Speedy delivery too - thanks James, Chris and the Neutonic Team!",2025-07-30T06:37:47Z,2025-07-30T06:37:47Z,,,True,False,,shop_app,False,,,,,False
20499593,8400184410420,15202956968320,blue-raspberry-productivity-drink-12-cans,Productivity Drink - Blue Raspberry,,5.0,,"Love love love Neutonic! Best productivity drinks on the market. I dont feel like im destroying my insides when i have them ans man do they give me the boost when I need it! Speedy delivery too - thanks James, Chris and the Neutonic Team!",2025-07-30T06:37:47Z,2025-07-30T06:37:47Z,,,False,False,,,False,,,,,False
13647090,8400184410420,8400185033012,tropical-ice-12pk,Productivity Drink - Tropical Ice,,5.0,Trusted,"Delivered on time and was what was ordered, non-issue",2025-07-29T00:00:00Z,2025-07-29T00:00:00Z,,,True,False,,,False,,,,,False
13647233,8400184410420,8400185033012,tropical-ice-12pk,Productivity Drink - Tropical Ice,,4.0,A nice little boost without caffeine,"I've been using the Neutonic Nootropic Focus Blend Powder (Peach Mango & Wild Berry) for a few weeks now, and overall, I'm pretty impressed. As someone who's sensitive to caffeine but still needs a mental edge, this caffeine-free option has been a godsend.  Pros:  The most noticeable benefit for me is the sustained mental clarity. I feel like my thoughts are sharper, and I'm less prone to that mid-afternoon brain fog. There's a subtle but definite boost in focus, especially when I'm tackling tasks that require sustained concentration. I also appreciate that it's zero sugar, so no energy crashes later on. The Peach Mango flavor is surprisingly pleasant and mixes easily without any grittiness. The individual sticks are super convenient for tossing in my bag for work or travel.  Cons:  While the focus and clarity are good, I wouldn't say it's a dramatic ""on-switch"" for energy like some other supplements might be – but then again, it's caffeine-free, so my expectations were tempered. The Wild Berry flavor is okay, but not as enjoyable as the Peach Mango for my taste. Also, at roughly a dollar a stick, it's not the cheapest daily supplement, so it's something to factor into your budget if you plan on using it consistently.  Overall:  If you're looking for a caffeine-free way to support your cognitive function, memory, and focus without the jitters or sugar crash, Neutonic is definitely worth a try. It delivers a reliable, gentle lift that helps me stay on top of my game.",2025-07-26T00:00:00Z,2025-07-26T00:00:00Z,,,True,False,,,False,,,,,False
21304894,8400184410420,8758066053428,orange-sunrise-12-pack-us,Productivity Drink - Orange Sunrise [US],12 Cans,5.0,,My favorite product to consume when I need to lock into any task.,2025-07-23T15:10:53Z,2025-07-23T15:10:53Z,,,True,False,,shop_app,False,,,,,False
20499592,8400184410420,8758066053428,orange-sunrise-12-pack-us,Productivity Drink - Orange Sunrise [US],,5.0,,My favorite product to consume when I need to lock into any task.,2025-07-23T15:10:53Z,2025-07-23T15:10:53Z,,,False,False,,,False,,,,,False
20499671,8400184410420,8758066053428,orange-sunrise-12-pack-us,Productivity Drink - Orange Sunrise [US],,5.0,,Love it,2025-07-21T23:24:11Z,2025-07-21T23:24:11Z,,,False,False,,,False,,,,,False
21304893,8400184410420,8400184672564,wild-citrus-productivity-drink,Productivity Drink - Wild Citrus,12 Cans,3.0,,Tastes ok. Didnt really feel anything on drinking it.,2025-07-21T08:58:49Z,2025-07-21T08:58:49Z,,,True,False,,shop_app,False,,,,,False
13647235,8400184410420,8400185033012,tropical-ice-12pk,Productivity Drink - Tropical Ice,,4.0,Noticeable but not life changing,"A nice alternative to energy drinks with a decent flavor profile. I’m still on the fence about whether it’s really effective, or just a placebo effect, but I do notice some increased focused when I take this. It’s nothing life changing but I’ll take whatever benefits I can get.",2025-07-20T00:00:00Z,2025-07-20T00:00:00Z,,,True,False,,,False,,,,,False
13647534,8400184410420,15202964930944,productivity-drink-12-cans-strawberry-lemonade,Productivity Drink - Strawberry Lemonade,,5.0,Excellant product,I started on this as a fan of the boys behind it. Can genuinely say I’ve noticed a difference. Took time away from it to really gauge impact and it allowed me to fully appreciate the impact this has had to help and improve my focus. Tastes great too and great delivery direct from neutonic.,2025-07-18T00:00:00Z,2025-07-18T00:00:00Z,,,True,False,,,False,,,,,False
21304890,8400184410420,8400185033012,tropical-ice-12pk,Productivity Drink - Tropical Ice,12 Cans,5.0,,Incredible,2025-07-16T11:13:06Z,2025-07-16T11:13:06Z,,,True,False,,shop_app,False,,,,,False
20499589,8400184410420,8400185033012,tropical-ice-12pk,Productivity Drink - Tropical Ice,,5.0,,Incredible,2025-07-16T11:13:06Z,2025-07-16T11:13:06Z,,,False,False,,,False,,,,,False
13647535,8400184410420,15202964930944,productivity-drink-12-cans-strawberry-lemonade,Productivity Drink - Strawberry Lemonade,,5.0,I work 12 shift days and nights I think…,I work 12 shift days and nights I think it’s great and won’t leave the house without one .,2025-07-16T00:00:00Z,2025-07-16T00:00:00Z,,,True,False,,,False,,,,,False
11461782,8400184410420,8799704154420,tropical-ice-12pk-us,Productivity Drink - Tropical Ice [US],,5.0,Awesome,"I've really been loving Neutonic for studying for my board exams but I've found it's fantastic for autocross. Not too much caffeine and the right focus blend. Love the flavors, really great product! ",2025-07-13T20:02:30.752098Z,2025-07-13T20:02:30.752133Z,,,True,False,,,True,,,,,False
21304889,8400184410420,8400184672564,wild-citrus-productivity-drink,Productivity Drink - Wild Citrus,12 Cans,5.0,,"For a nootropic drink, it tastes great. For a soft drink, it's mid. Depends on what you're looking for. I was looking for the former, so it works for me. It's no limitless pill, but none of them are. It's a good pick me up, I'm impressed so far.",2025-07-11T13:00:19Z,2025-07-11T13:00:19Z,,,True,False,,shop_app,False,,,,,False
13647536,8400184410420,15202964930944,productivity-drink-12-cans-strawberry-lemonade,Productivity Drink - Strawberry Lemonade,,5.0,Solid product with a great panel of…,"Solid product with a great panel of research backed ingredients. Don't take my word for it, try it and you will feel the benefits for yourself!",2025-07-11T00:00:00Z,2025-07-11T00:00:00Z,,,True,False,,,False,,,,,False
13647091,8400184410420,8400185033012,tropical-ice-12pk,Productivity Drink - Tropical Ice,,5.0,All the energy without the crash,I absolutely love these! I usually try to steer clear of energy drinks because they make me jittery and end up crashing shortly after. I love these because A. The energy is more stable B. I don’t crash a few hours later C. They taste like passion fruit and I love passion fruit. New fav! 🙌⚡️,2025-07-10T00:00:00Z,2025-07-10T00:00:00Z,,,True,False,,,False,,,,,False
21304888,8400184410420,8799704154420,tropical-ice-12pk-us,Productivity Drink - Tropical Ice [US],12 Cans,4.0,,expensive but good,2025-07-09T20:17:01Z,2025-07-09T20:17:01Z,,,True,False,,shop_app,False,,,,,False
13647538,8400184410420,15202964930944,productivity-drink-12-cans-strawberry-lemonade,Productivity Drink - Strawberry Lemonade,,5.0,"Initial sceptic, now firm believer~","Honestly after searching for that energy to get me focus or relieve tiredness to some degree, I'm always left wanting by products that give me the buzz but follow it with a major energy and glucose crash, leaving me wanting for more which is so not healthy.    Having kicked the caffeine to the curb, I was hesitant about picking up a drink that used caffeine, but honestly after watching their about us documentary and reading through the science, it got me to reconsider.    I've tried every flavour so far, and I find them delicious, better yet, I find that they work for me!    I've not had any of the crashes from drinking it, I sip through it easier and honestly with the added ingredient to help mellow out the buzz, it just makes it an overall good experience for keeping me up and going.    I'm roughly one every other day, though sometimes I go a bit without just to moderate myself but I gotta say I'm a very happy person and can't rate this product higher, and can't wait for any new flavours that arrive.",2025-07-09T00:00:00Z,2025-07-09T00:00:00Z,,,True,False,,,False,,,,,False
21304887,8400184410420,8799704154420,tropical-ice-12pk-us,Productivity Drink - Tropical Ice [US],12 Cans,4.0,,"They taste amazing! It has a good amount of caffeine, but I didn’t notice a big difference in focus or energy. I will definitely be getting more in the future.",2025-07-08T22:52:26Z,2025-07-08T22:52:26Z,,,True,False,,shop_app,False,,,,,False
20499605,8400184410420,8799704154420,tropical-ice-12pk-us,Productivity Drink - Tropical Ice [US],,4.0,,"They taste amazing! It has a good amount of caffeine, but I didn’t notice a big difference in focus or energy. I will definitely be getting more in the future.",2025-07-08T22:52:26Z,2025-07-08T22:52:26Z,,,False,False,,,False,,,,,False
13647092,8400184410420,8400185033012,tropical-ice-12pk,Productivity Drink - Tropical Ice,,5.0,Energy & Focus These Are Great,I only bought this to hold me over before my next shipment of drinks from another brand was received. I was hoping for the energy but I wasn’t expecting both the energy and focus. I felt more productive after drinking these and I don’t have the urge to snack as much as I normally do. I will definitely keep buying these.,2025-07-05T00:00:00Z,2025-07-05T00:00:00Z,,,True,False,,,False,,,,,False
11297097,8400184410420,8799704154420,tropical-ice-12pk-us,Productivity Drink - Tropical Ice [US],12 Cans,5.0,Ooooo,It’s a perfect drink. ,2025-07-04T23:20:13.834631Z,2025-07-04T23:20:13.834663Z,2025-06-23T13:57:54Z,11.4,True,False,,,False,,,,,False
13647093,8400184410420,8400185033012,tropical-ice-12pk,Productivity Drink - Tropical Ice,,5.0,Best Focus drink ever!,Great for focus! Try it. Love the wild citus.,2025-07-02T00:00:00Z,2025-07-02T00:00:00Z,,,True,False,,,False,,,,,False
13647094,8400184410420,8400185033012,tropical-ice-12pk,Productivity Drink - Tropical Ice,,5.0,Tastes good,It tastes good once you get used to it.,2025-06-30T00:00:00Z,2025-06-30T00:00:00Z,,,True,False,,,False,,,,,False
13647446,8400184410420,15202964930944,productivity-drink-12-cans-strawberry-lemonade,Productivity Drink - Strawberry Lemonade,,5.0,Honest review of this product,"If I’m completely honest, when I saw this product advertised I thought it would be a bit of a gimmick and no different to other energy drinks. I was very wrong. Like many others I have struggled with brain fog, distractions and the inability to truly focus on a task. I spent time looking at medications I probably shouldn’t and it had been a long time since I felt myself. The first time I took this product I was at work, I had barely 1/3 of a can and I felt locked in. I had energy, mental clarity, focus, and got through everything I needed to get done with a breeze, none of the previous exhaustion or tiredness. The next time I took it was during a team building day where we were required to solve tasks and think outside the box. The whole day I felt like I was the old me again, creative, alert, quick thinking, I couldn’t believe the impact. I quickly purchased more of these drinks and told friends and colleagues, in the office today there are 4 of us drinking these (we do 24 hour shifts so people are loving these as much as me). I try to limit to 3/4 cans a week, the effects aren’t as strong as first 2 times but still far exceed any other product. I have taken one today and have been at work so far for 12 hours with no fatigue or mental tiredness. Iv been a big fan of Chris since he began podcasting and I am grateful he has taken his time to create a truly effective product rather than just put his name on one that doesn’t do the job. Well done Chris and neutonic, I will be back. Lots.",2025-06-26T00:00:00Z,2025-06-26T00:00:00Z,,,True,False,,,False,,,,,False
13647095,8400184410420,8400185033012,tropical-ice-12pk,Productivity Drink - Tropical Ice,,5.0,I believe in it!,Love this drink. Whether placebo or not I enjoy the flavor and taste and do feel like it supercharges my mind and mood.,2025-06-26T00:00:00Z,2025-06-26T00:00:00Z,,,True,False,,,False,,,,,False
13647447,8400184410420,15202964930944,productivity-drink-12-cans-strawberry-lemonade,Productivity Drink - Strawberry Lemonade,,5.0,Great tasting drink !,"Great product, really enjoy drinking the tropical ice. Especially before training or mid way through work.    Recently started to use the sachets for evening training. I find these to be very refreshing especially the new watermelon 🍉 flavour! Highly recommend these products not only to dial in but also just to enjoy a refreshing drink !",2025-06-26T00:00:00Z,2025-06-26T00:00:00Z,,,True,False,,,False,,,,,False
13647444,8400184410420,15202964930944,productivity-drink-12-cans-strawberry-lemonade,Productivity Drink - Strawberry Lemonade,,5.0,This drink helped me get off Adderall…,This drink helped me get off Adderall after 15 years of consistent use. Miracle drink,2025-06-26T00:00:00Z,2025-06-26T00:00:00Z,,,True,False,,,False,,,,,False
13647445,8400184410420,15202964930944,productivity-drink-12-cans-strawberry-lemonade,Productivity Drink - Strawberry Lemonade,,5.0,I’m honestly hooked on Neutonic,"I’m honestly hooked on Neutonic. I’ve started buying the cans in bulk because my brother keeps sneaking them whenever he can.  First date? Neutonic.  Studying for my master’s? Neutonic.  That time of the month slump? Neutonic.  The dreaded shopping centre trip? Neutonic  Job interview? You already know Neutonic.    At first, I thought maybe it was just in my head, but after stopping and then starting again, I could feel the difference. That’s when I knew it wasn’t just hype, it’s actually a game changer.    I love the capsules too, and the sachets are next on my list to try!",2025-06-26T00:00:00Z,2025-06-26T00:00:00Z,,,True,False,,,False,,,,,False
13647448,8400184410420,15202964930944,productivity-drink-12-cans-strawberry-lemonade,Productivity Drink - Strawberry Lemonade,,5.0,Second to none!,"The only thing better than Neutonic's customer service is their products! I've been drinking the productivity cans now for about 3 months, Orange Sunrise is my favourite, and not only do they improve my productivity at work, they give me a great caffeine boost which helps me stick to my calorie deficit too. I've been recommending these to friends too who have all had great things to say about these,.",2025-06-25T00:00:00Z,2025-06-25T00:00:00Z,,,True,False,,,False,,,,,False
13647096,8400184410420,8400185033012,tropical-ice-12pk,Productivity Drink - Tropical Ice,,5.0,Better than the others,Why did you pick this product vs others?:  Tastes great and no crash after,2025-06-24T00:00:00Z,2025-06-24T00:00:00Z,,,True,False,,,False,,,,,False
20499590,8400184410420,8400184410420,orange-sunrise-productivity-drink,Productivity Drink - Orange Sunrise,,5.0,,Great taste and great ingredients definitely works,2025-06-23T08:39:45Z,2025-06-23T08:39:45Z,,,False,False,,,False,,,,,False
21304884,8400184410420,8400184410420,orange-sunrise-productivity-drink,Productivity Drink - Orange Sunrise,12 Cans,5.0,,Great taste and great ingredients definitely works,2025-06-23T08:39:45Z,2025-06-23T08:39:45Z,,,True,False,,shop_app,False,,,,,False
21304882,8400184410420,8758066053428,orange-sunrise-12-pack-us,Productivity Drink - Orange Sunrise [US],,5.0,,"Delivers all that it promises, mental clarity & focus with an energy boost to accompany it. Would highly recommend to others!  Given you are sleeping sufficiantly. No product will ever help you if your sleep is messed up.",2025-06-20T17:24:19Z,2025-06-20T17:24:19Z,,,True,False,,shop_app,False,,,,,False
13647097,8400184410420,8400185033012,tropical-ice-12pk,Productivity Drink - Tropical Ice,,5.0,"Great taste, and super effective","I felt pretty good after having these, nothing I could put my finger on, just focused. I did not have a super bad sugar high, or That feeling of crashing either, so that is golden. I will be getting more of these.",2025-06-16T00:00:00Z,2025-06-16T00:00:00Z,,,True,False,,,False,,,,,False
13647098,8400184410420,8400185033012,tropical-ice-12pk,Productivity Drink - Tropical Ice,,5.0,Try it!,Better than I expected! Tastes great and just the right amount of caffeine,2025-06-14T00:00:00Z,2025-06-14T00:00:00Z,,,True,False,,,False,,,,,False
13647099,8400184410420,8400185033012,tropical-ice-12pk,Productivity Drink - Tropical Ice,,5.0,The secret sauce,This stuff keeps me employed. It gives me great energy without the crash and makes me feel smarter. Get it!,2025-06-12T00:00:00Z,2025-06-12T00:00:00Z,,,True,False,,,False,,,,,False
10384768,8400184410420,8400184672564,wild-citrus-productivity-drink,Productivity Drink - Wild Citrus,12 Cans,5.0,WORKED LIKE A CHARM!,"I was skeptical at first, but this worked like a charm. I was able to stay focused over longer periods, and unlike coffee - I didn't crash after a few hours. Honestly, best things I've discovered for productivity. Couldn't recommend it more",2025-06-10T17:40:37.398184Z,2025-06-10T17:40:37.398215Z,2025-05-26T08:45:41Z,15.4,True,False,,,False,,,,,False
10384130,8400184410420,8400185033012,tropical-ice-12pk,Productivity Drink - Tropical Ice,12 Cans,5.0,BEST TASTING DRINK EVER!,Not only does this work but the Tropical Ice is I think the best tasting drink I’ve ever had. It’s a problem because one isn’t ever enough.,2025-06-10T17:01:23.829810Z,2025-06-10T17:01:23.829842Z,2025-05-24T07:21:54Z,17.4,True,False,,,False,,,,,False
13647232,8400184410420,8400185033012,tropical-ice-12pk,Productivity Drink - Tropical Ice,,4.0,Good alternative to energy drinks with no crash,"Huge fan of the canned neutonic drink so I figured I would give this a try too, especially for afternoons since it doesn’t have caffeine. I like the taste and it gives me decent focus, but I found that it kind of gives me a headache for some reason. I’m fairly prone to headaches so this may not be an issue for most people",2025-06-09T00:00:00Z,2025-06-09T00:00:00Z,,,True,False,,,False,,,,,False
13647539,8400184410420,15202964930944,productivity-drink-12-cans-strawberry-lemonade,Productivity Drink - Strawberry Lemonade,,5.0,Neutonic is one of those products that…,"Neutonic is one of those products that comes across every once in a while which actually wows you. The supplement game is full of sham products, claiming benefits and “Huberman” facts which end up giving little returns - however this is the real deal.    Drinking a Neutonic genuinely gets me laser focussed into my day more than any coffee or other supplement in the market. And it’s not that kind of “stress anxiety” you get with a high caffeine drink - it’s gentle and focussed. I’m a busy consultant, and this is a genuine life changer for me.    I wish I could stock it in my fridge and every day - however it’s slightly price limiting for something you’d have always.    I’ve had around 260 cans since its conception and I will continue to buy and recommend to all my colleagues within the business and friends and family.",2025-06-08T00:00:00Z,2025-06-08T00:00:00Z,,,True,False,,,False,,,,,False
10345618,8400184410420,8758066512180,wild-citrus-12-pack-us,Productivity Drink - Wild Citrus [US],12 Cans,5.0,I’d be willing to do dirty things for this product.,Hands down the best focus product I’ve ever used. I’m an avid caffeine user so I’ve tried just about everything I can get my hands on.   This product is different and delicious. Taste - 12/10 Function - 10/10   Couldn’t recommend this enough.   I’d be willing to get a “soda” version just to freaking drink bro.,2025-06-07T22:31:05.675542Z,2025-06-07T22:31:05.675573Z,2025-05-28T12:20:56Z,10.4,True,False,,,False,,,,,False
10335572,8400184410420,8400185033012,tropical-ice-12pk,Productivity Drink - Tropical Ice,12 Cans,5.0,GREAT FOR TRAINING AND FOCUS!,"I love it, great before a training session and for full focus for the rest of the day",2025-06-06T17:45:44.187878Z,2025-06-06T17:45:44.187916Z,2025-05-22T23:28:53Z,14.8,True,False,,,False,,,,,False
10300844,8400184410420,8400184672564,wild-citrus-productivity-drink,Productivity Drink - Wild Citrus,12 Cans,5.0,fuelled and focused,Does what it says on the tine.,2025-06-04T10:17:15.195464Z,2025-06-04T10:17:15.195496Z,2025-05-20T11:34:19Z,14.9,True,False,,,False,,,,,False
10281519,8400184410420,8758066053428,orange-sunrise-12-pack-us,Productivity Drink - Orange Sunrise [US],12 Cans,5.0,Rocket Booster 🚀,Tastes good and gives you a little boost,2025-06-03T02:26:23.337780Z,2025-06-03T02:26:23.337811Z,2025-05-19T11:00:42Z,14.6,True,False,,,False,,,,,False
13647443,8400184410420,15202964930944,productivity-drink-12-cans-strawberry-lemonade,Productivity Drink - Strawberry Lemonade,,5.0,Less brain fog on a day to day basis,Less brain fog on a day to day basis. Boosted energy when fatigued and less burn out from morning to afternoon.,2025-06-03T00:00:00Z,2025-06-03T00:00:00Z,,,True,False,,,False,,,,,False
13647540,8400184410420,15202964930944,productivity-drink-12-cans-strawberry-lemonade,Productivity Drink - Strawberry Lemonade,,5.0,The product is fantastic,The product is fantastic. Really nice tasting and provides nice sustained energy without any crash.    Unfortunately there were issues with getting my most recent order delivered to Ireland and the package was twice returned to sender.    The customer service was fantastic though so I am still happy to give it 5 stars.    Hopefully I will be able to order more soon when the delivery issues are sorted!,2025-05-31T00:00:00Z,2025-05-31T00:00:00Z,,,True,False,,,False,,,,,True
13647166,8400184410420,8400185033012,tropical-ice-12pk,Productivity Drink - Tropical Ice,,5.0,Get some,"Tastes great, or the two flavors I have ordered do anyways, one was orange something and the other was something ice, I dont remember the names exactly but it was an orange can and a white can, the ingredients seemed to be on point, nothing is 100% clean, this drink gets very close by my estimations at about 99.2% clean, it barely broke my fast when I forgot I was fasting one day and grabbed one, my continuous glucose monitor started to spike then 15 minutes later was back to where I was before I opened the can and started drinking it, so whatever that is worth to you, all in all I recommend this drink 100x more than an energy drink like red bull or whatever other crazy animal name is popular these days",2025-05-29T00:00:00Z,2025-05-29T00:00:00Z,,,True,False,,,False,,,,,False
13647101,8400184410420,8400185033012,tropical-ice-12pk,Productivity Drink - Tropical Ice,,5.0,Love the flavor,Great taste and not an insane amount of caffeine,2025-05-29T00:00:00Z,2025-05-29T00:00:00Z,,,True,False,,,False,,,,,False
13647100,8400184410420,8400185033012,tropical-ice-12pk,Productivity Drink - Tropical Ice,,5.0,"Nootropics, sugar free, Good type of caffeine, and taste great!","I do like this product. I have one cup of coffee in the morning, with Nootropics, then this product around noon. Great flavor, No Sugar, without any after taste, just the right amount of the right kind of caffeine and nootropics for a great day.  Thank you!",2025-05-29T00:00:00Z,2025-05-29T00:00:00Z,,,True,False,,,False,,,,,False
13647449,8400184410420,15202964930944,productivity-drink-12-cans-strawberry-lemonade,Productivity Drink - Strawberry Lemonade,,5.0,it ACTUALLY works !!,"That product works! I was shocked, as I had used other herbal remedies for focus in the past without much of an effect. As I am going through my menopause, my brain has a mind of its own, keeping me focused at times, and very distracted most of the time. Brain fog does not help the situation, nor does the lack of focus to do my work. After taking those tablets for a few days, I have noticed my energy levels are stable, and my focus level has much improved. No more afternoon slump.  I perform better at the gym too. I am no longer distracted.    I highly recommend it to every woman going through menopause. If you feel like you are losing your mind, you'll find it back with those.  Ps. leave it on the counter, if you are like me and put it inside the shelf, you'll forget it lol    Chris, thanks a million, that product is amazing !!",2025-05-28T00:00:00Z,2025-05-28T00:00:00Z,,,True,False,,,False,,,,,False
13647541,8400184410420,15202964930944,productivity-drink-12-cans-strawberry-lemonade,Productivity Drink - Strawberry Lemonade,,5.0,Tropical ice is the one ☝🏻,"Tropical ice is the one ☝🏻  Ordered 3 different lots now, would order other flavours if they came out to try them.  Price seemed to increase after first or second order somehow but not sure why, possibly shipping?",2025-05-27T00:00:00Z,2025-05-27T00:00:00Z,,,True,False,,,False,,,,,False
13647450,8400184410420,15202964930944,productivity-drink-12-cans-strawberry-lemonade,Productivity Drink - Strawberry Lemonade,,5.0,I have been using these products since…,"I have been using these products since launch, experiemented with all 3 and have mixed up the combinations of capsules, blend and cans. All of which are superb, found the blends are superb in late afternoons and the cans are definitely a go to when dealing with a hectic schedule. The customer service team were great when I contacted them about an issue which was totally my fault.",2025-05-22T00:00:00Z,2025-05-22T00:00:00Z,,,True,False,,,False,,,,,False
21304881,8400184410420,8400184672564,wild-citrus-productivity-drink,Productivity Drink - Wild Citrus,12 Cans,5.0,,Love this stuff. Costs a bit too much but i still buy it.,2025-05-21T08:35:53Z,2025-05-21T08:35:53Z,,,True,False,,shop_app,False,,,,,False
13647451,8400184410420,15202964930944,productivity-drink-12-cans-strawberry-lemonade,Productivity Drink - Strawberry Lemonade,,5.0,Talk about LOCKED IN,Talk about LOCKED IN    I love all Neutonic's products... The pills and the drinks in particular. No crash. Clear consistent focus without anxiety or tummy problems (if you know you know). 10/10.,2025-05-19T00:00:00Z,2025-05-19T00:00:00Z,,,True,False,,,False,,,,,False
20499604,8400184410420,8400185033012,tropical-ice-12pk,Productivity Drink - Tropical Ice,,5.0,,Fantastic and delicious,2025-05-16T14:57:22Z,2025-05-16T14:57:22Z,,,False,False,,,False,,,,,False
21304879,8400184410420,8400185033012,tropical-ice-12pk,Productivity Drink - Tropical Ice,12 Cans,5.0,,Fantastic and delicious,2025-05-16T14:57:22Z,2025-05-16T14:57:22Z,,,True,False,,shop_app,False,,,,,False
9895614,8400184410420,8758066053428,orange-sunrise-12-pack-us,Productivity Drink - Orange Sunrise [US],12 Cans,5.0,Feels and tastes great!,I feel great drinking this! It's such a great flavor and no negative side effects. Highly recommend!,2025-05-16T13:56:45.934709Z,2025-05-16T13:56:45.934744Z,2025-05-01T20:16:28Z,14.7,True,False,,,True,,,,,False
13647542,8400184410420,15202964930944,productivity-drink-12-cans-strawberry-lemonade,Productivity Drink - Strawberry Lemonade,,5.0,Concentration never tasted so good,"Finally an ‘energy drink’ that’s doesn’t taste like licking pennies and vitamins. All three flavours are great and I can tell a difference to my concentration levels when I drink one compared to having a cup of coffee. Plus, after drinking a full can, I don’t get a gittery feeling like I sometimes do with energy drinks or coffee.",2025-05-14T00:00:00Z,2025-05-14T00:00:00Z,,,True,False,,,False,,,,,False
13647543,8400184410420,15202964930944,productivity-drink-12-cans-strawberry-lemonade,Productivity Drink - Strawberry Lemonade,,5.0,Tropical Ice is just amazing,"Tropical Ice is just amazing, so tasty and refreshing. I definitely notice an improvement in my focus which I use to my advantage when I need extra focus in the day to day running of my business. Wish you could order larger cases as both my husband and I drink it so a case of 12 doesn’t last long. Please bring back the 10% discount for bulk buying 😎🌴",2025-05-14T00:00:00Z,2025-05-14T00:00:00Z,,,True,False,,,False,,,,,False
9792907,8400184410420,8400185033012,tropical-ice-12pk,Productivity Drink - Tropical Ice,,4.0,Decent!,Cool drink! Ngl,2025-05-12T12:57:53.231188Z,2025-05-12T12:57:58.484130Z,,,False,True,,,True,,,,,False
9774053,8400184410420,8799704154420,tropical-ice-12pk-us,Productivity Drink - Tropical Ice [US],12 Cans,5.0,Love that it does more for your body and mind than just flush your system with excessive caffeine and other harsh stimulants.,,2025-05-11T16:09:01.190342Z,2025-05-11T16:09:01.190376Z,2025-05-01T15:26:24Z,10.0,True,False,,,False,,,,,False
13647544,8400184410420,15202964930944,productivity-drink-12-cans-strawberry-lemonade,Productivity Drink - Strawberry Lemonade,,5.0,No ill affects on my stomach like other…,No ill affects on my stomach like other energy drinks.  My favourite is the tropical ice flavour.,2025-05-11T00:00:00Z,2025-05-11T00:00:00Z,,,True,False,,,False,,,,,False
13647545,8400184410420,15202964930944,productivity-drink-12-cans-strawberry-lemonade,Productivity Drink - Strawberry Lemonade,,5.0,Was absolutely delicious,"Was absolutely delicious, tropical ice is the best.",2025-05-11T00:00:00Z,2025-05-11T00:00:00Z,,,True,False,,,False,,,,,False
13647556,8400184410420,15202964930944,productivity-drink-12-cans-strawberry-lemonade,Productivity Drink - Strawberry Lemonade,,5.0,It works!,"It tastes good, and the focus after drinking one is immense. It’s made me feel more productive in work.",2025-05-10T00:00:00Z,2025-05-10T00:00:00Z,,,True,False,,,False,,,,,False
13647552,8400184410420,15202964930944,productivity-drink-12-cans-strawberry-lemonade,Productivity Drink - Strawberry Lemonade,,5.0,Replaced my coffee,Massive fan of this product. It’s replicated my morning & lunch coffee. Loads of calories saved. I tried some other brands to save money but the taste was awful! It’s worth the extra £1/£1.50 per can.,2025-05-10T00:00:00Z,2025-05-10T00:00:00Z,,,True,False,,,False,,,,,False
13647553,8400184410420,15202964930944,productivity-drink-12-cans-strawberry-lemonade,Productivity Drink - Strawberry Lemonade,,5.0,Love it,Love it. Tropical Ice is the best.,2025-05-10T00:00:00Z,2025-05-10T00:00:00Z,,,True,False,,,False,,,,,False
13647561,8400184410420,15202964930944,productivity-drink-12-cans-strawberry-lemonade,Productivity Drink - Strawberry Lemonade,,5.0,Wish it were more available on Amazon,"Wish it were more available on Amazon! I’m already paying for Prime, so I’d rather not pay for shipping direct from Neutonic. Anyway I like it a lot which is why this is even an issue.",2025-05-10T00:00:00Z,2025-05-10T00:00:00Z,,,True,False,,,False,,,,,False
13647546,8400184410420,15202964930944,productivity-drink-12-cans-strawberry-lemonade,Productivity Drink - Strawberry Lemonade,,5.0,best eyeball juice,I got all three flavours and they all taste great. My favourite is the Wild Citrus. The effects I felt after drinking were better than my normal coffee consumption and I didn't feel a dip after like I did with the coffee.,2025-05-10T00:00:00Z,2025-05-10T00:00:00Z,,,True,False,,,False,,,,,False
13647548,8400184410420,15202964930944,productivity-drink-12-cans-strawberry-lemonade,Productivity Drink - Strawberry Lemonade,,5.0,Neutonic Productivity Drink,"Tropical Ice for me having tried all three flavours. As I dont drink coffee & have not done all my life maybe that is why I do notice a considerable difference in my focus when I drink it. Love the taste.... only slight negative , makes me wanna pee a lot. Not sure why this is???? 😂 I did ask James on Instagram however I suppose he is the other side of the world & a little busy. 👍🏻",2025-05-10T00:00:00Z,2025-05-10T00:00:00Z,,,True,False,,,False,,,,,False
13647563,8400184410420,15202964930944,productivity-drink-12-cans-strawberry-lemonade,Productivity Drink - Strawberry Lemonade,,5.0,Really good tasting and efficient,"It's great, thank you !",2025-05-10T00:00:00Z,2025-05-10T00:00:00Z,,,True,False,,,False,,,,,False
13647549,8400184410420,15202964930944,productivity-drink-12-cans-strawberry-lemonade,Productivity Drink - Strawberry Lemonade,,5.0,Love this stuff,"Love this stuff. Doesn't leave me as jittery as some traditional energy drinks, and definitely feel more focussed when drinking it. I mean, I played a round of golf after drinking two cans and I scored an 18 for the round...    Some new flavours on the horizon would be a nice improvement just to keep things interesting though.",2025-05-10T00:00:00Z,2025-05-10T00:00:00Z,,,True,False,,,False,,,,,False
13647558,8400184410420,15202964930944,productivity-drink-12-cans-strawberry-lemonade,Productivity Drink - Strawberry Lemonade,,5.0,Unbelievable product,"Unbelievable product, orange sunrise tastes great 10/10 and delivery was quick too",2025-05-10T00:00:00Z,2025-05-10T00:00:00Z,,,True,False,,,False,,,yes,,False
13647565,8400184410420,15202964930944,productivity-drink-12-cans-strawberry-lemonade,Productivity Drink - Strawberry Lemonade,,5.0,Absolutely love these drinks,Absolutely love these drinks! And have had a great experience with shipping time etc.    I’ve ordered 4 x 12 crates so far and recommend them to everyone. I feel switched on when I’ve had one and the flavours are great.    One thing I would like to see would be maybe a berry flavour!?    Thanks!,2025-05-10T00:00:00Z,2025-05-10T00:00:00Z,,,True,False,,,False,,,,,False
13647562,8400184410420,15202964930944,productivity-drink-12-cans-strawberry-lemonade,Productivity Drink - Strawberry Lemonade,,5.0,Easily the best energy drink/…,"Easily the best energy drink/ productivity drink on the market, and I have tried more than a few. It tastes amazing and gives you the steady, calm buzz of energy that you think you're going to get from other energy drinks. All three flavors are absolutely kickass too. Well worth the price tag.",2025-05-10T00:00:00Z,2025-05-10T00:00:00Z,,,True,False,,,False,,,,,False
13647551,8400184410420,15202964930944,productivity-drink-12-cans-strawberry-lemonade,Productivity Drink - Strawberry Lemonade,,5.0,Love Neutonic!,"Order came quickly, love the great flavours and for me it definitely helps me dial in when needing to get stuff done!",2025-05-10T00:00:00Z,2025-05-10T00:00:00Z,,,True,False,,,False,,,,,False
13647554,8400184410420,15202964930944,productivity-drink-12-cans-strawberry-lemonade,Productivity Drink - Strawberry Lemonade,,5.0,Not enough people leave good reviews,"Most people generally avoid leaving positive reviews, but I genuinely feel neutonic deserves one.  A great product with fantastic flavour and actually delivers on its ‘customer promise’. I was concerned it may be a placebo effect but I have certainly felt an increase in productivity over the last 4 weeks, and besides good sleep and training, I can only put it down to the introduction of neutonic to my daily routine and for that reason I can’t recommend it enough to others!",2025-05-10T00:00:00Z,2025-05-10T00:00:00Z,,,True,False,,,False,,,,,False
13647564,8400184410420,15202964930944,productivity-drink-12-cans-strawberry-lemonade,Productivity Drink - Strawberry Lemonade,,5.0,Really helps,"Great taste , great opportunity that we can have it shipped here in Greece. The whole family loved it and it helped me focus and pass my exams",2025-05-10T00:00:00Z,2025-05-10T00:00:00Z,,,True,False,,,False,,,,,False
13647555,8400184410420,15202964930944,productivity-drink-12-cans-strawberry-lemonade,Productivity Drink - Strawberry Lemonade,,5.0,I love these drinks,"I love these drinks! I have one complaint: the orange has remained illusive. I have yet to try it and would very much like to. Beyond that, outstanding product.",2025-05-10T00:00:00Z,2025-05-10T00:00:00Z,,,True,False,,,False,,,,,False
13647559,8400184410420,15202964930944,productivity-drink-12-cans-strawberry-lemonade,Productivity Drink - Strawberry Lemonade,,5.0,Totally worth the hype,"When Neutonic launched I was so keen to try it, but it was always sold out. The hype grew and so did my interest.  I finally managed to get an order in (one case of each flavor) Wild Citrus was my favorite at first, the other 2 were good. But I can’t say for sure now if I have a favorite flavor because they are all so damn great! The effects that it has on my energy and focus are amazing too. I’ve really felt the impact that it has, especially over time.  The only downside is that it’s not as widely available and importing it is now very expensive, it’s almost doubled and now costs almost double what 3 cases costs, which is making it unaffordable. But overall the product is great!",2025-05-10T00:00:00Z,2025-05-10T00:00:00Z,,,True,False,,,False,,,,,False
13647560,8400184410420,15202964930944,productivity-drink-12-cans-strawberry-lemonade,Productivity Drink - Strawberry Lemonade,,5.0,Great flavours,"Great flavours, steady hit of caffeine",2025-05-10T00:00:00Z,2025-05-10T00:00:00Z,,,True,False,,,False,,,,,False
13647557,8400184410420,15202964930944,productivity-drink-12-cans-strawberry-lemonade,Productivity Drink - Strawberry Lemonade,,5.0,Absolutely love it!,Absolutely love it!    A great wake up after I have had my morning LMNT.    Only complaint is that it was selling out very quickly in the US so I just started ordering 3 cases at a time when available.,2025-05-10T00:00:00Z,2025-05-10T00:00:00Z,,,True,False,,,False,,,,,False
13647547,8400184410420,15202964930944,productivity-drink-12-cans-strawberry-lemonade,Productivity Drink - Strawberry Lemonade,,5.0,"Power, full.","I feel an increase in energy thanks to your drink. I really enjoy Wild Citrus. It has a certain ""oomph"" in its taste.",2025-05-10T00:00:00Z,2025-05-10T00:00:00Z,,,True,False,,,False,,,,,False
13647550,8400184410420,15202964930944,productivity-drink-12-cans-strawberry-lemonade,Productivity Drink - Strawberry Lemonade,,5.0,50 years without coffee or energy drinks...,"After going over 50 years without having a coffee or an energy I decided to give this drink a go mainly down to the patter that James Smith has on Instagram. The fact I'm not 20 anymore and energy levels aren't quite what they used to be, coupled with the Nootropics in the drink for focus I thought I'd give it a go.    For me it works, I have more energy and can achieve more during the day when I'm on this stuff, less time spent procrastinating and more time working. I have to limit myself to one can a day otherwise I find myself clenching my teeth.    Wanting to do my own research I have had coffee for the first time to see what caffeine actually does for me, not going to lie, I get the same sort of energy kick from coffee as I do from this but don't seem to have the focus. The taste of coffee isn't as nice as these flavours either; Orange is the best, then the Citrus followed by Ice.    Overall I'm going to keep drinking this, hopefully I'll be able to buy it in the shops soon and fingers crossed the price will come down as well when they really start shifting some units.",2025-05-10T00:00:00Z,2025-05-10T00:00:00Z,,,True,False,,,False,,,,,False
13647487,8400184410420,15202964930944,productivity-drink-12-cans-strawberry-lemonade,Productivity Drink - Strawberry Lemonade,,5.0,Been a fan since late last year,"Been a fan since late last year, using for studies.  My focus was through the roof for first several days, but tapered off slightly (as with anything, we build a tolerance). as a result, I save it for my most needed days of book-work (maybe 3 days per week, doubling up if taken a forth day)... followed by a few weeks off, to rebuild sensitivity!  All flavours are nice, great product.",2025-05-10T00:00:00Z,2025-05-10T00:00:00Z,,,True,False,,,False,,,,,False
9708264,8400184410420,8799704154420,tropical-ice-12pk-us,Productivity Drink - Tropical Ice [US],12 Cans,5.0,10/10 Focus and Energy,10/10! This is the best energy/focus drink I've had. I got a couple coworkers hooked and now trying to replace our Celsius stash in the office kitchen with Neutonics!,2025-05-07T23:47:09.246205Z,2025-05-07T23:47:09.246236Z,2025-04-28T20:16:31Z,9.1,True,False,,,False,,,,,False
9694977,8400184410420,8758066053428,orange-sunrise-12-pack-us,Productivity Drink - Orange Sunrise [US],12 Cans,5.0,Banger of a drink,Immediate vision enhancement and noticeable mental clarity. Taste is delicious with orange being my fav.  Caffeine affect is mild and natural with no tweaking,2025-05-07T20:23:05.539638Z,2025-05-07T20:23:05.539667Z,2025-04-27T17:37:38Z,10.1,True,False,,,False,,,,,False
21304878,8400184410420,8758066512180,wild-citrus-12-pack-us,Productivity Drink - Wild Citrus [US],12 Cans,5.0,,Absolutely love it. Big fan if Chris Williamson and he nailed it on this procuct,2025-05-06T18:30:43Z,2025-05-06T18:30:43Z,,,True,False,,shop_app,False,,,,,False
20499624,8400184410420,8758066512180,wild-citrus-12-pack-us,Productivity Drink - Wild Citrus [US],,5.0,,Absolutely love it. Big fan if Chris Williamson and he nailed it on this procuct,2025-05-06T18:30:43Z,2025-05-06T18:30:43Z,,,False,False,,,False,,,,,False
9632885,8400184410420,8758066512180,wild-citrus-12-pack-us,Productivity Drink - Wild Citrus [US],12 Cans,5.0,Tried all flavors,Tastes great!,2025-05-05T19:39:25.848477Z,2025-05-05T19:39:25.848510Z,2025-04-22T17:04:00Z,13.1,True,False,,,False,,,,,False
9566393,8400184410420,8758066512180,wild-citrus-12-pack-us,Productivity Drink - Wild Citrus [US],12 Cans,4.0,Great Product!,"Great stuff, my eyes feel wide open 3 sips into this drink!",2025-05-04T03:07:06.382720Z,2025-05-04T03:07:06.382754Z,2025-04-22T18:28:04Z,11.4,True,False,,,False,,,,,False
21304877,8400184410420,8400184672564,wild-citrus-productivity-drink,Productivity Drink - Wild Citrus,12 Cans,1.0,,Unfortunately I saw no real difference with the product.   Electrolyte replacement and keeping hydrated seems to work better than these drinks.,2025-04-28T08:58:56Z,2025-04-28T08:58:56Z,,,True,False,,shop_app,False,,,,,False
21304852,8400184410420,8400185033012,tropical-ice-12pk,Productivity Drink - Tropical Ice,12 Cans,1.0,,Awful flavour,2024-12-05T15:52:03Z,2024-12-05T15:52:03Z,,,True,False,,shop_app,False,,,,,False
21304835,8400184410420,8400184672564,wild-citrus-productivity-drink,Productivity Drink - Wild Citrus,12 Cans,1.0,,Parcel delivered to a completely different address than mine. No help with Evri. I got told I've had to get in touch with the sender when it's got nothing to do with me. Absolute joke!!,2024-07-30T19:09:33Z,2024-07-30T19:09:33Z,,,True,False,,shop_app,False,,,,,False
21304828,8400184410420,8799704154420,tropical-ice-12pk-us,Productivity Drink - Tropical Ice [US],,1.0,,"Never delivered, impossible to contacts cs . Very sad about this",2024-07-02T03:24:08Z,2024-07-02T03:24:08Z,,,True,False,,shop_app,False,,,,,False
21304814,8400184410420,8400184410420,orange-sunrise-productivity-drink,Productivity Drink - Orange Sunrise,12 Cans,1.0,,"I did not receive the order, I would like to make a complaint please",2024-04-25T12:48:23Z,2024-04-25T12:48:23Z,,,True,False,,shop_app,False,,,,,False
21304812,8400184410420,8400184410420,orange-sunrise-productivity-drink,Productivity Drink - Orange Sunrise,12 Cans,1.0,,"I didn’t receive the order, please can you advise where it is?",2024-04-20T12:45:05Z,2024-04-20T12:45:05Z,,,True,False,,shop_app,False,,,,,False
21304797,8400184410420,8400184672564,wild-citrus-productivity-drink,Productivity Drink - Wild Citrus,12 Cans,1.0,,I didn’t receive my product… neither evri or neutonic are responding to me. They stole my money. avoid.,2024-04-04T11:23:18Z,2024-04-04T11:23:18Z,,,True,False,,shop_app,False,,,,,False
21304851,8400184410420,8400184672564,wild-citrus-productivity-drink,Productivity Drink - Wild Citrus,12 Cans,2.0,,Taste and look artificial. I suppose it is a functional vitamin drink so it’s okay but it is not necessary refined or something that one would rush to have another of.,2024-12-04T11:55:48Z,2024-12-04T11:55:48Z,,,True,False,,shop_app,False,,,,,False
21304825,8400184410420,8400185033012,tropical-ice-12pk,Productivity Drink - Tropical Ice,,2.0,,Really wish I had read that it contained sweeteners 🤮,2024-06-11T17:58:50Z,2024-06-11T17:58:50Z,,,True,False,,shop_app,False,,,,,False
21304832,8400184410420,8400185033012,tropical-ice-12pk,Productivity Drink - Tropical Ice,,3.0,,"Pros - quick delivery, good taste, prolonged caffeine release (wouldn’t say focus is higher) Cons - bashed cans, caffeine level high as recommended but doesn’t provide same level of alertness as coffee for writing / exercise as suggested.",2024-07-24T11:21:45Z,2024-07-24T11:21:45Z,,,True,False,,shop_app,False,,,,,False
21304827,8400184410420,8400185033012,tropical-ice-12pk,Productivity Drink - Tropical Ice,,3.0,,Does what it says in the tin but not a fan of the flavour,2024-06-11T20:43:26Z,2024-06-11T20:43:26Z,,,True,False,,shop_app,False,,,,,False
21801858,8400184410420,15549988667776,productivity-drink-aus-trop,Smarter Energy Drink - Tropical Ice,12 Cans,4.0,,,2026-10-02T05:56:06.090796Z,2026-10-02T05:56:06.090838Z,2026-09-03T01:05:05Z,29.2,True,False,,,False,,,,,False
20962617,8400184410420,15202964930944,productivity-drink-12-cans-strawberry-lemonade,Productivity Drink - Strawberry Lemonade,12 Cans,4.0,,,2026-08-17T14:46:07.843910Z,2026-08-17T14:46:07.843979Z,2026-07-23T23:37:02Z,24.6,True,False,,,False,,,,,False
20962616,8400184410420,15202956968320,blue-raspberry-productivity-drink-12-cans,Productivity Drink - Blue Raspberry,12 Cans,4.0,,,2026-08-17T14:46:07.835427Z,2026-08-17T14:46:07.835483Z,2026-07-23T23:37:02Z,24.6,True,False,,,False,,,,,False
20832998,8400184410420,8400184672564,wild-citrus-productivity-drink,Productivity Drink - Wild Citrus,12 Cans,4.0,,,2026-08-10T14:14:38.843513Z,2026-08-10T14:14:38.843573Z,2026-07-02T22:17:39Z,38.7,True,False,,,False,,,,,False
20773571,8400184410420,8400184410420,orange-sunrise-productivity-drink,Productivity Drink - Orange Sunrise,12 Cans,4.0,,,2026-08-05T21:04:23.599491Z,2026-08-05T21:04:23.599535Z,2026-05-27T23:20:13Z,69.9,True,False,,,False,,,,,False
20456139,8400184410420,8400185033012,tropical-ice-12pk,Productivity Drink - Tropical Ice,12 Cans,4.0,,,2026-07-21T11:50:43.457945Z,2026-07-21T11:50:43.457996Z,2026-05-31T23:20:51Z,50.5,True,False,,,False,,,,,False
20454779,8400184410420,8799704154420,tropical-ice-12pk-us,Productivity Drink - Tropical Ice [US],12 Cans,4.0,,,2026-07-21T09:49:37.583548Z,2026-07-21T09:49:37.583590Z,2026-05-24T23:15:15Z,57.4,True,False,,,False,,,,,False
20427386,8400184410420,8400184672564,wild-citrus-productivity-drink,Productivity Drink - Wild Citrus,12 Cans,4.0,,,2026-07-19T16:12:40.305423Z,2026-07-19T16:12:40.305466Z,2026-05-24T23:25:35Z,55.7,True,False,,,False,,,,,False
20249315,8400184410420,8400184410420,orange-sunrise-productivity-drink,Productivity Drink - Orange Sunrise,12 Cans,4.0,,,2026-07-08T22:53:57.174859Z,2026-07-08T22:53:57.174920Z,2026-04-29T13:45:28Z,70.4,True,False,,,False,,,,,False
19250077,8400184410420,15202964930944,productivity-drink-12-cans-strawberry-lemonade,Productivity Drink - Strawberry Lemonade,12 Cans,4.0,,,2026-05-31T19:59:10.945188Z,2026-05-31T19:59:10.945231Z,2026-04-04T06:31:07Z,57.6,True,False,,,False,,,,,False
16411336,8400184410420,8400185033012,tropical-ice-12pk,Productivity Drink - Tropical Ice,12 Cans,4.0,,,2026-02-06T08:53:25.027049Z,2026-02-06T08:53:25.027090Z,2026-01-22T00:22:22Z,15.4,True,False,,,False,,,,,False
7525071,8400184410420,8400185033012,tropical-ice-12pk,Productivity Drink - Tropical Ice,,4.0,Great drink,"Really nice tasting energy drink, I got the tropical ice flavour which sort of reminds me of the white sugar free monster.Shame that all the cans I ordered all had to be cleaned before use and the crate they came in looked quite dirty. Shame as it makes the product feel cheap. Hence only 4 starsCan’t massively feel the benefits but I guess I do feel focused, I don’t have much to focus on at the moment so not easy to tell 🤣",2025-01-17T15:22:23.650013Z,2025-01-17T15:22:23.650013Z,,,True,False,,,True,,,,,False
7525083,8400184410420,8400185033012,tropical-ice-12pk,Productivity Drink - Tropical Ice,,4.0,Pleasantly surprised,"I don't do these drinks but I follow James Smith so took the plunge. Tastes good and not sweet. I was drinking it in my car 20 minutes before a workout. I was expecting a big caffeine hit, palpitations etc but nothing noticeable. Did a cardio/circuit training workout and I am not that fit. The workout went really well and I surprised myself with how well I did. I haven't done a plank for years and did 4 x 1 minute. Don't know if the drink helped but will have one just prior to the next few workouts.",2025-01-17T15:22:23.650013Z,2025-01-17T15:22:23.650013Z,,,True,False,,,False,,,,,False
7525078,8400184410420,8400185033012,tropical-ice-12pk,Productivity Drink - Tropical Ice,,4.0,Nice but a lot of caffeine,Wanted to try something new these are really nice drinks however the caffeine content is too high for me.,2025-01-17T15:22:23.650013Z,2025-01-17T15:22:23.650013Z,,,True,False,,,False,,,,,False
7525072,8400184410420,8400185033012,tropical-ice-12pk,Productivity Drink - Tropical Ice,,4.0,Great with minor buts..,"Overall very happy with the purchase. I am a big fun of Chris and his Modern Wisdom podcast so I hopped at a chance of trying a product he launched.Overall a very nice energy drink. Defo better in terms of health than most on the market.I tend to wake up very slowly so a good mental kick in the morning is much appreciated.The only reservation I have are the taste and the use of sweeteners. It’s not exactly 100% orange. There’s some other “tropical” flavour mixed in. Additionally,  I would use sth like maple or agave syrup.",2025-01-17T15:22:23.628698Z,2025-01-17T15:22:23.628698Z,,,True,False,,,True,,,,,False
7525079,8400184410420,8400185033012,tropical-ice-12pk,Productivity Drink - Tropical Ice,,4.0,"Game-changer, great taste but quite expensive","This product has been a game-changer for my deep work sessions. Within just 20-30 minutes, I feel completely in the zone, focused, and productive. It’s a bonus that it tastes great! The only downside is the recent price increase, which makes it quite expensive for a pack of 12 cans.",2025-01-17T15:22:23.628698Z,2025-01-17T15:22:23.628698Z,,,True,False,,,False,,,,,False
7525080,8400184410420,8400185033012,tropical-ice-12pk,Productivity Drink - Tropical Ice,,4.0,Taste wasn’t for me,Wasn’t a fan of this flavour,2025-01-17T15:22:23.602899Z,2025-01-17T15:22:23.602899Z,,,True,False,,,False,,,,,False
7525073,8400184410420,8400185033012,tropical-ice-12pk,Productivity Drink - Tropical Ice,,4.0,Decent taste,"Tasted nice.Easy pour.No weird after tasteAs someone who can be quite sensitive to overloaded high caffeine pre workouts, didn't get any noticeable symptoms of anxiety, tremors.Passed difficult primary anaesthetic exam afer going though one or two packs during revision with the different flavours.Can't necessarily prove this was the reason I passed but I'll give them some small credit over drinking green tea",2025-01-17T15:22:23.602899Z,2025-01-17T15:22:23.602899Z,,,True,False,,,False,,,,,False
7525076,8400184410420,8400185033012,tropical-ice-12pk,Productivity Drink - Tropical Ice,,4.0,Boost for the braincells but taste lags behind…,"I ordered a crate of Tropical Ice because I’ve got a lot of time for the lads behind the product and was curious to see what they’ve concocted with this new drink. The team have clearly put a lot of thought and effort into the formulation as well as intended use  - the branding and info/rationale printed on the can is enough to convince me that this isn’t just more caffeinated snake oil, hyped and marketed to a fan base.I've had several cans over the last week or so and have noticed the gentle lift and feeling of alertness that has accompanied each one. Taking into consideration the stack of caffeine, nootropics and vitamins in the ingredients, I’m not surprised that the Neutonic drinks can provide some marginal gains when it comes to focus and concentration. Overall, I’d say that I’ve experienced some enhancement to cognitive function that’s free from jitters or an uncomfortable buzz.But what does it taste like? This is where I’m a bit less enamoured unfortunately. I thought of old school Lilt on first try but eventually it was Myprotein Clear Whey that sprang to mind. The sweeteners used are the same in both products and it’s this prominent and lingering aftertaste that stays with me so I find Neutonic functionally enjoyable as opposed to unique and/or delicious. My preference is for natural sugars or syrups in health and energy drinks and the use of artificial sweeteners, even stevia, has ruined a few old favourite brands for me…Personal taste aside, congratulations to everyone behind Neutonic and all the best with development and rolling it out worldwide. I’ll keep an eye out for it locally and will give the other flavours a whirl when available.",2025-01-14T00:00:00Z,2025-01-14T00:00:00Z,,,True,False,,,False,,,,,False
7525074,8400184410420,8400185033012,tropical-ice-12pk,Productivity Drink - Tropical Ice,,4.0,Great taste,Great taste but as an energy drink it did very little compared to its more popular competitors. It's a more mild stimulation feeling rather than the full on feeling I get from other drinks. Didn't really notice any feeling of better mental clarity or function. Would but it again though as it's did have a small stimulating effect and good flavor.,2025-01-14T00:00:00Z,2025-01-14T00:00:00Z,,,True,False,,,False,,,,,False
7525075,8400184410420,8400185033012,tropical-ice-12pk,Productivity Drink - Tropical Ice,,4.0,Taste is lovely,"The flavours are very nice, refreshing and not too sweet, have tried to use these as a pre-workout drink for early afternoon. They are okay going to try them when I have paperwork to do and see if this works a bit better",2025-01-14T00:00:00Z,2025-01-14T00:00:00Z,,,True,False,,,False,,,,,False
7525082,8400184410420,8400185033012,tropical-ice-12pk,Productivity Drink - Tropical Ice,,4.0,"Way too sweet for me, but does help me focus","I like the feel of the can, you don’t see a matt finish often. The taste of the Orange Sunrise is very sweet- in fact too sweet for my taste, but it does help me sustain focus for a prolonged period of time. I’ll try the citrus one next time.",2025-01-14T00:00:00Z,2025-01-14T00:00:00Z,,,True,False,,,False,,,,,False
7525077,8400184410420,8400185033012,tropical-ice-12pk,Productivity Drink - Tropical Ice,,4.0,X2 non pressurised drinks,Only one in the picture had to bin the other as it leaked everywhere but 2 cans appear to be poorly pressurised leading one to be split and this one here to be crumpled,2025-01-14T00:00:00Z,2025-01-14T00:00:00Z,,,True,False,,,True,,,,,False
7525081,8400184410420,8400185033012,tropical-ice-12pk,Productivity Drink - Tropical Ice,,4.0,Great taste… actually works.,A bit cheaper per can and it would be 5 stars.Otherwise these are great.,2025-01-14T00:00:00Z,2025-01-14T00:00:00Z,,,True,False,,,False,,,,,False
20499575,8400184410420,8400184672564,wild-citrus-productivity-drink,Productivity Drink - Wild Citrus,,4.0,,"I like it, but, a little too much caffeine, in my opinion.",2024-11-27T13:29:00Z,2024-11-27T13:29:00Z,,,False,False,,,False,,,,,False
21304850,8400184410420,8400184672564,wild-citrus-productivity-drink,Productivity Drink - Wild Citrus,12 Cans,4.0,,"I like it, but, a little too much caffeine, in my opinion.",2024-11-27T13:29:00Z,2024-11-27T13:29:00Z,,,True,False,,shop_app,False,,,,,False
20499569,8400184410420,8400184410420,orange-sunrise-productivity-drink,Productivity Drink - Orange Sunrise,,4.0,,"The Neutonic Drinks are way better than I expected, because I have tried a few of it’s competitors and in different forms and I can genuinely say that Neutonic at least makes me feel like its doing its job. More clarity and alertness, for someone that deals with lack of sleep on a daily basis, Neutonic does an amazing job to mitigate with those consequences when I need it. Also… Great taste",2024-09-11T10:25:48Z,2024-09-11T10:25:48Z,,,False,False,,,False,,,,,False
21304842,8400184410420,8400184410420,orange-sunrise-productivity-drink,Productivity Drink - Orange Sunrise,12 Cans,4.0,,"The Neutonic Drinks are way better than I expected, because I have tried a few of it’s competitors and in different forms and I can genuinely say that Neutonic at least makes me feel like its doing its job. More clarity and alertness, for someone that deals with lack of sleep on a daily basis, Neutonic does an amazing job to mitigate with those consequences when I need it. Also… Great taste",2024-09-11T10:25:48Z,2024-09-11T10:25:48Z,,,True,False,,shop_app,False,,,,,False
21304836,8400184410420,8400184410420,orange-sunrise-productivity-drink,Productivity Drink - Orange Sunrise,12 Cans,4.0,,"More a Tropical Ice fan, but enjoying this flavour too",2024-08-07T16:13:27Z,2024-08-07T16:13:27Z,,,True,False,,shop_app,False,,,,,False
20499591,8400184410420,8400185033012,tropical-ice-12pk,Productivity Drink - Tropical Ice,,4.0,,Takes great,2024-07-31T13:54:53Z,2024-07-31T13:54:53Z,,,False,False,,,False,,,,,False
13647229,8400184410420,8400185033012,tropical-ice-12pk,Productivity Drink - Tropical Ice,,4.0,Sweet!,Super sweet great tasting drink. Kinda scary that something that tastes this good can have so few calories.,2024-02-06T00:00:00Z,2024-02-06T00:00:00Z,,,True,False,,,False,,,,,False
13647230,8400184410420,8400185033012,tropical-ice-12pk,Productivity Drink - Tropical Ice,,4.0,Great tasting brain boost,This drink tastes great & has good cognitive boost.,2024-01-03T00:00:00Z,2024-01-03T00:00:00Z,,,True,False,,,False,,,,,False
21803803,8400184410420,15351561519488,productivity-drink-12-variety-pack,Productivity Drink - Mixed Flavours,12 Cans,5.0,,,2026-10-02T13:52:28.162199Z,2026-10-02T13:52:28.162247Z,2026-08-11T16:03:24Z,51.9,True,False,,,False,,,,,False
21771077,8400184410420,15351561519488,productivity-drink-12-variety-pack,Productivity Drink - Mixed Flavours,12 Cans,5.0,,,2026-09-30T20:08:29.573530Z,2026-09-30T20:08:29.573578Z,2026-09-04T13:37:27Z,26.3,True,False,,,False,,,,,False
21760322,8400184410420,15549988667776,productivity-drink-aus-trop,Smarter Energy Drink - Tropical Ice,12 Cans,5.0,,,2026-09-30T02:59:41.186341Z,2026-09-30T02:59:41.186382Z,2026-09-05T23:57:40Z,24.1,True,False,,,False,,,,,False
21657535,8400184410420,15135241765248,productivity-drink-blue-raspberry-us,Productivity Drink - Blue Raspberry [US],12 Cans,5.0,,,2026-09-23T18:53:38.755715Z,2026-09-23T18:53:38.755761Z,2026-08-09T23:18:18Z,44.8,True,False,,,False,,,,,False
21546910,8400184410420,15549988667776,productivity-drink-aus-trop,Smarter Energy Drink - Tropical Ice,12 Cans,5.0,,,2026-09-17T19:31:23.871495Z,2026-09-17T19:31:23.871556Z,2026-08-02T23:13:51Z,45.8,True,False,,,False,,,,,False
21534902,8400184410420,15549988667776,productivity-drink-aus-trop,Smarter Energy Drink - Tropical Ice,12 Cans,5.0,,,2026-09-17T02:08:34.309047Z,2026-09-17T02:08:34.309101Z,2026-08-16T23:14:44Z,31.1,True,False,,,False,,,,,False
21382144,8400184410420,8400184672564,wild-citrus-productivity-drink,Productivity Drink - Wild Citrus,12 Cans,5.0,,,2026-09-10T09:20:26.841719Z,2026-09-10T09:20:26.841768Z,2026-08-15T22:33:59Z,25.4,True,False,,,False,,,,,False
21374094,8400184410420,8400184410420,orange-sunrise-productivity-drink,Productivity Drink - Orange Sunrise,12 Cans,5.0,,,2026-09-09T14:32:35.067309Z,2026-09-09T14:32:35.067350Z,2026-08-17T20:18:04Z,22.8,True,False,,,False,,,,,False
21374093,8400184410420,15202964930944,productivity-drink-12-cans-strawberry-lemonade,Productivity Drink - Strawberry Lemonade,12 Cans,5.0,,,2026-09-09T14:32:35.060556Z,2026-09-09T14:32:35.060600Z,2026-08-17T20:18:04Z,22.8,True,False,,,False,,,,,False
21325719,8400184410420,8400185033012,tropical-ice-12pk,Productivity Drink - Tropical Ice,12 Cans,5.0,,,2026-09-05T15:46:12.161017Z,2026-09-05T15:46:12.161058Z,2026-07-28T09:31:58Z,39.3,True,False,,,False,,,,,False
21325712,8400184410420,15202964930944,productivity-drink-12-cans-strawberry-lemonade,Productivity Drink - Strawberry Lemonade,12 Cans,5.0,,,2026-09-05T15:45:12.127007Z,2026-09-05T15:45:12.127058Z,2026-07-28T09:31:58Z,39.3,True,False,,,False,,,,,False
21325707,8400184410420,8400184410420,orange-sunrise-productivity-drink,Productivity Drink - Orange Sunrise,12 Cans,5.0,,,2026-09-05T15:44:12.152306Z,2026-09-05T15:44:12.152345Z,2026-07-28T09:31:58Z,39.3,True,False,,,False,,,,,False
21325695,8400184410420,8400184672564,wild-citrus-productivity-drink,Productivity Drink - Wild Citrus,12 Cans,5.0,,,2026-09-05T15:44:12.110769Z,2026-09-05T15:44:12.110809Z,2026-07-28T09:31:58Z,39.3,True,False,,,False,,,,,False
21317373,8400184410420,8400185033012,tropical-ice-12pk,Productivity Drink - Tropical Ice,12 Cans,5.0,,,2026-09-04T18:02:11.669470Z,2026-09-04T18:02:11.669517Z,2026-07-28T04:39:39Z,38.6,True,False,,,False,,,,,False
21308362,8400184410420,8400184672564,wild-citrus-productivity-drink,Productivity Drink - Wild Citrus,12 Cans,5.0,,,2026-09-03T20:45:23.981263Z,2026-09-03T20:45:23.981310Z,2026-08-13T09:38:37Z,21.5,True,False,,,False,,,,,False
21299608,8400184410420,15549988667776,productivity-drink-aus-trop,Smarter Energy Drink - Tropical Ice,12 Cans,5.0,,,2026-09-03T04:31:37.933004Z,2026-09-03T04:31:37.933047Z,2026-08-08T23:13:09Z,25.2,True,False,,,False,,,,,False
21270765,8400184410420,15549988667776,productivity-drink-aus-trop,Smarter Energy Drink - Tropical Ice,12 Cans,5.0,,,2026-09-02T09:19:27.736699Z,2026-09-02T09:19:27.736740Z,2026-07-29T01:49:52Z,35.3,True,False,,,False,,,,,False
21269743,8400184410420,15549988667776,productivity-drink-aus-trop,Smarter Energy Drink - Tropical Ice,12 Cans,5.0,,,2026-09-02T04:51:15.439434Z,2026-09-02T04:51:15.439477Z,2026-08-09T23:13:06Z,23.2,True,False,,,False,,,,,False
21187483,8400184410420,15202964930944,productivity-drink-12-cans-strawberry-lemonade,Productivity Drink - Strawberry Lemonade,12 Cans,5.0,,,2026-08-29T10:20:00.946468Z,2026-08-29T10:20:00.946512Z,2026-08-09T11:15:19Z,20.0,True,False,,,False,,,,,False
21184719,8400184410420,15549988667776,productivity-drink-aus-trop,Smarter Energy Drink - Tropical Ice,12 Cans,5.0,,,2026-08-28T22:49:28.190432Z,2026-08-28T22:49:28.190484Z,2026-07-31T01:52:08Z,28.9,True,False,,,False,,,,,False
21184718,8400184410420,15549992698240,productivity-drink-aus-orange,Smarter Energy Drink - Orange Sunrise,12 Cans,5.0,,,2026-08-28T22:49:28.187818Z,2026-08-28T22:49:28.187858Z,2026-07-31T01:52:08Z,28.9,True,False,,,False,,,,,False
21179096,8400184410420,8758066053428,orange-sunrise-12-pack-us,Productivity Drink - Orange Sunrise [US],12 Cans,5.0,,,2026-08-28T14:11:03.909489Z,2026-08-28T14:11:03.909535Z,2026-07-14T12:00:03Z,45.1,True,False,,,False,,,,,False
21179091,8400184410420,8799704154420,tropical-ice-12pk-us,Productivity Drink - Tropical Ice [US],12 Cans,5.0,,,2026-08-28T14:10:03.910873Z,2026-08-28T14:10:03.910920Z,2026-07-14T12:00:03Z,45.1,True,False,,,False,,,,,False
21179059,8400184410420,8400185033012,tropical-ice-12pk,Productivity Drink - Tropical Ice,12 Cans,5.0,,,2026-08-28T14:04:03.581605Z,2026-08-28T14:04:03.581680Z,2026-08-05T20:55:44Z,22.7,True,False,,,False,,,,,False
21116388,8400184410420,15549988667776,productivity-drink-aus-trop,Smarter Energy Drink - Tropical Ice,12 Cans,5.0,,,2026-08-25T23:46:47.333407Z,2026-08-25T23:46:47.333460Z,2026-07-20T23:15:46Z,36.0,True,False,,,False,,,,,False
21012338,8400184410420,15549988667776,productivity-drink-aus-trop,Smarter Energy Drink - Tropical Ice,12 Cans,5.0,,,2026-08-20T01:28:13.615939Z,2026-08-20T01:28:13.615986Z,2026-07-21T14:27:27Z,29.5,True,False,,,False,,,,,False
20988286,8400184410420,8400184672564,wild-citrus-productivity-drink,Productivity Drink - Wild Citrus,12 Cans,5.0,,,2026-08-18T16:40:01.460259Z,2026-08-18T16:40:01.460301Z,2026-07-29T18:00:06Z,19.9,True,False,,,False,,,,,False
20938759,8400184410420,15202964930944,productivity-drink-12-cans-strawberry-lemonade,Productivity Drink - Strawberry Lemonade,12 Cans,5.0,,,2026-08-16T14:50:00.851404Z,2026-08-16T14:50:00.851447Z,2026-07-25T12:14:56Z,22.1,True,False,,,False,,,,,False
20936902,8400184410420,15351561519488,productivity-drink-12-variety-pack,Productivity Drink - Mixed Flavours,12 Cans,5.0,,,2026-08-16T08:15:41.922256Z,2026-08-16T08:15:41.922304Z,2026-07-24T07:30:14Z,23.0,True,False,,,False,,,,,False
20917077,8400184410420,15549988667776,productivity-drink-aus-trop,Smarter Energy Drink - Tropical Ice,12 Cans,5.0,,,2026-08-14T00:42:06.256175Z,2026-08-14T00:42:06.256219Z,2026-07-25T10:39:46Z,19.6,True,False,,,False,,,,,False
20877186,8400184410420,15202964930944,productivity-drink-12-cans-strawberry-lemonade,Productivity Drink - Strawberry Lemonade,12 Cans,5.0,,,2026-08-12T08:45:39.213850Z,2026-08-12T08:45:39.213890Z,2026-06-03T15:50:34Z,69.7,True,False,,,False,,,,,False
20827608,8400184410420,15549988667776,productivity-drink-aus-trop,Smarter Energy Drink - Tropical Ice,12 Cans,5.0,,,2026-08-09T22:20:54.834495Z,2026-08-09T22:20:54.834540Z,2026-06-23T11:57:02Z,47.4,True,False,,,False,,,,,False
20774850,8400184410420,15549988667776,productivity-drink-aus-trop,Smarter Energy Drink - Tropical Ice,12 Cans,5.0,,,2026-08-06T00:25:33.218514Z,2026-08-06T00:25:33.218569Z,2026-07-16T04:30:55Z,20.8,True,False,,,False,,,,,False
20699508,8400184410420,15549992698240,productivity-drink-aus-orange,Smarter Energy Drink - Orange Sunrise,12 Cans,5.0,,,2026-08-03T12:29:15.235890Z,2026-08-03T12:29:15.235963Z,2026-06-08T10:14:26Z,56.1,True,False,,,False,,,,,False
20643077,8400184410420,15549992698240,productivity-drink-aus-orange,Smarter Energy Drink - Orange Sunrise,12 Cans,5.0,,,2026-07-29T03:36:29.921254Z,2026-07-29T03:36:29.921308Z,2026-06-10T05:26:56Z,48.9,True,False,,,False,,,,,False
20539691,8400184410420,15351561519488,productivity-drink-12-variety-pack,Productivity Drink - Mixed Flavours,12 Cans,5.0,,,2026-07-26T15:06:31.575682Z,2026-07-26T15:06:31.575724Z,2026-07-07T22:27:19Z,18.7,True,False,,,False,,,,,False
20535299,8400184410420,15202964930944,productivity-drink-12-cans-strawberry-lemonade,Productivity Drink - Strawberry Lemonade,12 Cans,5.0,,,2026-07-25T21:00:40.767475Z,2026-07-25T21:00:40.767521Z,2026-05-12T14:01:30Z,74.3,True,False,,,False,,,,,False
20514955,8400184410420,15549992698240,productivity-drink-aus-orange,Smarter Energy Drink - Orange Sunrise,12 Cans,5.0,,,2026-07-24T01:47:38.695284Z,2026-07-24T01:47:38.695332Z,2026-07-01T01:50:30Z,23.0,True,False,,,False,,,,,False
20495428,8400184410420,15549988667776,productivity-drink-aus-trop,Smarter Energy Drink - Tropical Ice,12 Cans,5.0,,,2026-07-23T02:55:34.011033Z,2026-07-23T02:55:34.011102Z,2026-07-02T01:52:02Z,21.0,True,False,,,False,,,,,False
20377821,8400184410420,8400184410420,orange-sunrise-productivity-drink,Productivity Drink - Orange Sunrise,12 Cans,5.0,,,2026-07-15T15:37:39.318530Z,2026-07-15T15:37:39.318594Z,2026-04-29T14:16:50Z,77.1,True,False,,,False,,,,,False
20345942,8400184410420,15366513557888,productivity-drink-12-cans-orange-sunrise-uae,Productivity Drink - Orange Sunrise,12 Cans,5.0,,,2026-07-14T14:47:29.058645Z,2026-07-14T14:47:29.058695Z,2026-05-20T04:46:53Z,55.4,True,False,,,False,,,,,False
20307976,8400184410420,15135241765248,productivity-drink-blue-raspberry-us,Productivity Drink - Blue Raspberry [US],12 Cans,5.0,,,2026-07-12T18:10:22.109888Z,2026-07-12T18:10:22.109938Z,2026-04-30T03:00:26Z,73.6,True,False,,,False,,,,,False
20296937,8400184410420,8400184410420,orange-sunrise-productivity-drink,Productivity Drink - Orange Sunrise,12 Cans,5.0,,,2026-07-11T07:27:43.808215Z,2026-07-11T07:27:43.808261Z,2026-04-28T18:36:40Z,73.5,True,False,,,False,,,,,False
20296936,8400184410420,8400184672564,wild-citrus-productivity-drink,Productivity Drink - Wild Citrus,12 Cans,5.0,,,2026-07-11T07:27:43.801228Z,2026-07-11T07:27:43.801272Z,2026-04-28T18:36:40Z,73.5,True,False,,,False,,,,,False
20296935,8400184410420,8400185033012,tropical-ice-12pk,Productivity Drink - Tropical Ice,12 Cans,5.0,,,2026-07-11T07:27:43.799394Z,2026-07-11T07:27:43.799435Z,2026-04-28T18:36:40Z,73.5,True,False,,,False,,,,,False
20249317,8400184410420,8400184672564,wild-citrus-productivity-drink,Productivity Drink - Wild Citrus,12 Cans,5.0,,,2026-07-08T22:53:57.174778Z,2026-07-08T22:53:57.174817Z,2026-04-29T13:45:28Z,70.4,True,False,,,False,,,,,False
20197767,8400184410420,8400184672564,wild-citrus-productivity-drink,Productivity Drink - Wild Citrus,12 Cans,5.0,,,2026-07-07T12:10:17.554160Z,2026-07-07T12:10:17.554207Z,2026-04-25T08:26:32Z,73.2,True,False,,,False,,,,,False
19258828,8400184410420,15202956968320,blue-raspberry-productivity-drink-12-cans,Productivity Drink - Blue Raspberry,12 Cans,5.0,,,2026-06-01T17:08:09.996525Z,2026-06-01T17:08:09.996564Z,2026-04-04T23:19:40Z,57.7,True,False,,,False,,,,,False
19250076,8400184410420,8400184672564,wild-citrus-productivity-drink,Productivity Drink - Wild Citrus,12 Cans,5.0,,,2026-05-31T19:59:10.933851Z,2026-05-31T19:59:10.933901Z,2026-04-04T06:31:07Z,57.6,True,False,,,False,,,,,False
19250078,8400184410420,8400185033012,tropical-ice-12pk,Productivity Drink - Tropical Ice,12 Cans,5.0,,,2026-05-31T19:59:10.928497Z,2026-05-31T19:59:10.928533Z,2026-04-04T06:31:07Z,57.6,True,False,,,False,,,,,False
19250075,8400184410420,8400184410420,orange-sunrise-productivity-drink,Productivity Drink - Orange Sunrise,12 Cans,5.0,,,2026-05-31T19:59:10.926410Z,2026-05-31T19:59:10.926465Z,2026-04-04T06:31:07Z,57.6,True,False,,,False,,,,,False
19208437,8400184410420,15193429967232,productivity-drink-strawberry-lemonade-us,Productivity Drink - Strawberry Lemonade [US],12 Cans,5.0,,,2026-05-28T20:19:53.466368Z,2026-05-28T20:19:53.466409Z,2026-04-06T23:24:57Z,51.9,True,False,,,False,,,,,False
19042883,8400184410420,15202964930944,productivity-drink-12-cans-strawberry-lemonade,Productivity Drink - Strawberry Lemonade,12 Cans,5.0,,,2026-05-20T17:52:07.073895Z,2026-05-20T17:52:07.073970Z,2026-03-27T08:51:49Z,54.4,True,False,,,False,,,,,False
21304986,8400184410420,15351561519488,productivity-drink-12-variety-pack,Productivity Drink - Mixed Flavours,12 Cans,5.0,,"Fantastic product, a little bit dubious at the beginning because I've tried lots of different drinks like this. It's got a little to no effect at all, but this is definitely the best on the market that I have had.",2026-04-30T10:32:46Z,2026-04-30T10:32:46Z,,,True,False,,shop_app,False,,,,,False
16630037,8400184410420,15193429967232,productivity-drink-strawberry-lemonade-us,Productivity Drink - Strawberry Lemonade [US],12 Cans,5.0,,,2026-02-17T16:01:38.197841Z,2026-02-17T16:01:38.197882Z,2026-01-27T15:53:47Z,21.0,True,False,,,False,,,,,False
16411335,8400184410420,8400184672564,wild-citrus-productivity-drink,Productivity Drink - Wild Citrus,12 Cans,5.0,,,2026-02-06T08:53:25.023240Z,2026-02-06T08:53:25.023282Z,2026-01-22T00:22:22Z,15.4,True,False,,,False,,,,,False
15694751,8400184410420,8400185033012,tropical-ice-12pk,Productivity Drink - Tropical Ice,12 Cans,5.0,,,2026-01-12T18:40:12.645446Z,2026-01-12T18:40:12.645486Z,2025-12-25T19:35:39Z,18.0,True,False,,,False,,,,,False
20499637,8400184410420,8758066053428,orange-sunrise-12-pack-us,Productivity Drink - Orange Sunrise [US],,5.0,,Product is Fire and packaging too fast reliable thank you,2025-12-08T19:03:20Z,2025-12-08T19:03:20Z,,,False,False,,,False,,,,,False
15039380,8400184410420,8758066512180,wild-citrus-12-pack-us,Productivity Drink - Wild Citrus [US],12 Cans,5.0,,,2025-12-07T00:53:06.397740Z,2025-12-07T00:53:06.397789Z,2025-11-24T00:56:22Z,13.0,True,False,,,False,,,,,False
14999204,8400184410420,8400184410420,orange-sunrise-productivity-drink,Productivity Drink - Orange Sunrise,12 Cans,5.0,,,2025-12-04T16:00:46.326837Z,2025-12-04T16:00:46.326884Z,2025-11-19T09:50:06Z,15.3,True,False,,,False,,,,,False
9352006,8400184410420,8400185033012,tropical-ice-12pk,Productivity Drink - Tropical Ice,,5.0,TROPICAL ICE IS A WINNER!,Excellent I got the tropical ice flavour and will definitely be trying other flavours out,2025-04-28T15:36:35.845688Z,2025-04-28T15:36:35.845725Z,,,False,False,,,True,,,,,False
9351982,8400184410420,8400185033012,tropical-ice-12pk,Productivity Drink - Tropical Ice,,5.0,Game Changer,"Game changer productivity drink, first time trying and will be purchasing again. I got the tropical ice flavour which I think is excellent but will order the other flavours to try out too, can easily order on Tik Tok",2025-04-28T15:32:50.475438Z,2025-04-28T15:32:50.475476Z,,,False,False,,,True,,,,,False
13647452,8400184410420,15202964930944,productivity-drink-12-cans-strawberry-lemonade,Productivity Drink - Strawberry Lemonade,,5.0,I’m obsessed,"I’m obsessed. Cans, sachets, capsules - I’m full shill mode on this stuff, been using it in some form daily for over six months. Every flavour is top tier and whether it’s placebo or not, something’s working.",2025-04-28T00:00:00Z,2025-04-28T00:00:00Z,,,True,False,,,False,,,,,False
13647566,8400184410420,15202964930944,productivity-drink-12-cans-strawberry-lemonade,Productivity Drink - Strawberry Lemonade,,5.0,A great take on modern energy drinks.,"A great take on modern energy drinks.    Comparatively to other brands and big names who have dominated the market for many years, Neutonic is refreshing and delivers a clean stream of mindful energy.    Compared to others which will usually make me more jittery due to some of the sizes offered or the flavours not being the best, I can say Neutonic has managed to balance the energy and flavours brilliantly.    I would like to see if eventually these could get to the same price point as the big two companies, however if you get the multipacks the cost per isn't too bad.",2025-04-25T00:00:00Z,2025-04-25T00:00:00Z,,,True,False,,,False,,,,,False
9271546,8400184410420,8758066512180,wild-citrus-12-pack-us,Productivity Drink - Wild Citrus [US],,5.0,12/10,"I don't know why anyone would literally drink any other ""energy"" drink after trying this. The flavor profile alone between the wild citrus and basic bitch energy drinks is laughable, this is actually super nice and kind of zesty which is wild. I appreciate that there isn't 500mg of caffeine as I enjoy sleeping once per day and the nootropic blend works quite well. Super happy with the product, nice job to Chris and his team!",2025-04-24T17:08:40.533522Z,2025-04-24T17:08:40.533557Z,,,False,False,,,False,,,,,False
21304874,8400184410420,8799704154420,tropical-ice-12pk-us,Productivity Drink - Tropical Ice [US],12 Cans,5.0,,"This was definitely my favorite flavor, and I will be restocking on them soon!",2025-04-23T21:21:24Z,2025-04-23T21:21:24Z,,,True,False,,shop_app,False,,,,,False
21304872,8400184410420,8758066053428,orange-sunrise-12-pack-us,Productivity Drink - Orange Sunrise [US],12 Cans,5.0,,I loved these and was shocked at how effective they are at boosting productivity without causing jitters. I absolutely recommend these as opposed to some of the higher stimulant energy drinks on the market.,2025-04-23T21:20:39Z,2025-04-23T21:20:39Z,,,True,False,,shop_app,False,,,,,False
20499603,8400184410420,8400185033012,tropical-ice-12pk,Productivity Drink - Tropical Ice,,5.0,,"The Don of all productivity drinks.   This has quickly become my go to drink, to help with my very busy and demanding work schedule. It delivers exactly what it proclaims, and tastes amazing.  Great product, from a great couple of guys.",2025-04-23T11:02:47Z,2025-04-23T11:02:47Z,,,False,False,,,False,,,,,False
21304871,8400184410420,8400185033012,tropical-ice-12pk,Productivity Drink - Tropical Ice,12 Cans,5.0,,"The Don of all productivity drinks.   This has quickly become my go to drink, to help with my very busy and demanding work schedule. It delivers exactly what it proclaims, and tastes amazing.  Great product, from a great couple of guys.",2025-04-23T11:02:47Z,2025-04-23T11:02:47Z,,,True,False,,shop_app,False,,,,,False
20499714,8400184410420,8799704154420,tropical-ice-12pk-us,Productivity Drink - Tropical Ice [US],,5.0,,I really like the flavor of the drink and maybe it was placebo but i felt an improved focus and energy compared to other caffeinated energy drinks.,2025-04-18T04:08:44Z,2025-04-18T04:08:44Z,,,False,False,,,False,,,,,False
21304870,8400184410420,8799704154420,tropical-ice-12pk-us,Productivity Drink - Tropical Ice [US],12 Cans,5.0,,I really like the flavor of the drink and maybe it was placebo but i felt an improved focus and energy compared to other caffeinated energy drinks.,2025-04-18T04:08:44Z,2025-04-18T04:08:44Z,,,True,False,,shop_app,False,,,,,False
20499574,8400184410420,8400184410420,orange-sunrise-productivity-drink,Productivity Drink - Orange Sunrise,,5.0,,All the flavours are great and no crash after drinking them,2025-04-13T16:47:31Z,2025-04-13T16:47:31Z,,,False,False,,,False,,,,,False
21304869,8400184410420,8400184410420,orange-sunrise-productivity-drink,Productivity Drink - Orange Sunrise,12 Cans,5.0,,All the flavours are great and no crash after drinking them,2025-04-13T16:47:31Z,2025-04-13T16:47:31Z,,,True,False,,shop_app,False,,,,,False
13647453,8400184410420,15202964930944,productivity-drink-12-cans-strawberry-lemonade,Productivity Drink - Strawberry Lemonade,,5.0,"Tastes great, extended period of focus, just expensive","I have had the auto ship subscription for the past 15 weeks. I drink about one of these per day. They taste great and give me a level headed focus for an extended period of time. My only complaint is they are pricey, but worth the value.",2025-04-12T00:00:00Z,2025-04-12T00:00:00Z,,,True,False,,,False,,,,,False
13647455,8400184410420,15202964930944,productivity-drink-12-cans-strawberry-lemonade,Productivity Drink - Strawberry Lemonade,,5.0,True story,"This drink definitely gives you an edge. However, it may have contributed to me being in an unforutunate position :'D Before you read this **there's nothing wrong with the product** genuinely enjoyable drink and the effects are very positive.    I'm a big fan of Chris and James, I decided to order a pack of these off amazon a few weeks ago - I think I got the orange sunrise flavour. I usually drink Tenzing hearing about Neutonic, so I thought I'd give this a try.    Anyway having a full pack of these my girlfriend decided to help herself with a can - all was well, she loved the drink - said it helped focus better that evening and it was great.    I think this gave her some sort of a strange brain boost in the night she managed to recall my iphone PIN from 6 months ago when I had mentioned and found a very very old conversation with someone I shouldn't have been in conversation with, she managed to document timelines (late night) with my conversations with my girlfriend and this other person I had messaged so many months ago and gave me a summary in the morning, she broke up.    Mind she has never done this before she's a generally a very calm person but this really triggered her curiosity. Unfortunate for me personally, but this does give you insane focus if you lean onto it.",2025-04-08T00:00:00Z,2025-04-08T00:00:00Z,,,True,False,,,False,,,,,False
8952025,8400184410420,8758066053428,orange-sunrise-12-pack-us,Productivity Drink - Orange Sunrise [US],,5.0,Love it,"Neutronic is an emerging star in the beverage world, making a splash with its commitment to delivering both taste and nutrition with focus. This little powerhouse of a drink is perfect for those on-the-go or anyone looking to stay healthy without skimping on flavor. It's packed with vitamins, minerals, and an energy boost that feels as lively and refreshing as a morning jog. The taste? Imagine a crisp wave of deliciousness that'll have you reaching for another sip! Whether you're a health junkie or just want something tasty and wholesome, Neutronic hits the mark beautifully.   My son put me on to this so we love it, thank you we even purchased a years worth once",2025-04-07T19:41:35.320200Z,2025-04-07T19:41:35.320227Z,2025-03-27T13:15:50Z,11.3,True,False,,,False,,,,,False
13647454,8400184410420,15202964930944,productivity-drink-12-cans-strawberry-lemonade,Productivity Drink - Strawberry Lemonade,,5.0,What a product,"What a product!  Like James, I’ve been diagnosed with ADHD and concentration or focus doesn’t come easy but I managed to crank out the remaining 95% of my Level 3 PT qualification in a matter of weeks using a Neutonic before each deep work session. Tastes unreal, frankly too good that i often doubled up cans. Also immense for training, you can focus on the lifts, technique or mind muscle connection- game changer 💪🏻",2025-04-07T00:00:00Z,2025-04-07T00:00:00Z,,,True,False,,,False,,,,,False
13647102,8400184410420,8400185033012,tropical-ice-12pk,Productivity Drink - Tropical Ice,,5.0,Game Changer,"Kid you not, drank this, looked in the mirror, and thought I saw Naval for a sec.",2025-04-07T00:00:00Z,2025-04-07T00:00:00Z,,,True,False,,,False,,,,,False
13647567,8400184410420,15202964930944,productivity-drink-12-cans-strawberry-lemonade,Productivity Drink - Strawberry Lemonade,,5.0,Neutonic = Limitless,"Neutonic is the closest thing I’ve found to the pill on the film Limitless. It enables me to focus for hours on end not have a crash like I would after a coffee. I am more productive after drinking Neutonic than I am at any other point. It’s a superb return on my investment.    All ingredients are backed by data and science to have a hugely positive impact on brain health.    I also noticed one bad review that mentioned the drink contains Aspartame (an artificial sweetener) - what that reviewer has failed to mention/acknowledge is that you’d need to consume dozens of cans per day for this to have a noticeable impact on a human!    James & Chris have made a superb product, tasting amazing is an added bonus!",2025-04-04T00:00:00Z,2025-04-04T00:00:00Z,,,True,False,,,False,,,,,True
21304867,8400184410420,8400184410420,orange-sunrise-productivity-drink,Productivity Drink - Orange Sunrise,12 Cans,5.0,,Love the taste,2025-04-03T06:35:47Z,2025-04-03T06:35:47Z,,,True,False,,shop_app,False,,,,,False
20499581,8400184410420,8400184410420,orange-sunrise-productivity-drink,Productivity Drink - Orange Sunrise,,5.0,,Love the taste,2025-04-03T06:35:47Z,2025-04-03T06:35:47Z,,,False,False,,,False,,,,,False
20499578,8400184410420,8799704154420,tropical-ice-12pk-us,Productivity Drink - Tropical Ice [US],,5.0,,Really love this flavor and the smooth caffeine feeling. I’ve been able to lock in well after drinking them. My husband loves them too.,2025-04-02T05:20:17Z,2025-04-02T05:20:17Z,,,False,False,,,False,,,,,False
21304866,8400184410420,8799704154420,tropical-ice-12pk-us,Productivity Drink - Tropical Ice [US],12 Cans,5.0,,Really love this flavor and the smooth caffeine feeling. I’ve been able to lock in well after drinking them. My husband loves them too.,2025-04-02T05:20:17Z,2025-04-02T05:20:17Z,,,True,False,,shop_app,False,,,,,False
8581530,8400184410420,8799704154420,tropical-ice-12pk-us,Productivity Drink - Tropical Ice [US],12 Cans,5.0,Wish I heard about it sooner!!,I absolutely love this product. I can definitely tell when the product kicks in and starts to make me focus. I have been drinking 1-2 drinks per day.,2025-03-22T22:30:58.822419Z,2025-03-22T22:30:58.822450Z,2025-03-12T13:18:30Z,10.4,True,False,,,False,,,,,False
13647568,8400184410420,15202964930944,productivity-drink-12-cans-strawberry-lemonade,Productivity Drink - Strawberry Lemonade,,5.0,I was properly surprised by how brilliant this drink is - HIGHLY recommend!,"I was a little sceptical, but as someone dealing with childcare/elderly care/full time work/menopause, I needed to bring my best self forward. And NOT fall asleep at my desk!!!    I've tried quite a few things now, and nothing worked. This has properly surprised me and I feel sincerely GREAT...not to mention very awake in the right way. HIGHLY recommend!",2025-03-15T00:00:00Z,2025-03-15T00:00:00Z,,,True,False,,,False,,,,,False
13647456,8400184410420,15202964930944,productivity-drink-12-cans-strawberry-lemonade,Productivity Drink - Strawberry Lemonade,,5.0,"Great Taste, Great Products!","Exceptional taste and noticeable results from day one! The drinks provide a fantastic boost, especially in the afternoons, helping me stay energised and focused. Truly impressed with the positive impact. Thank you, Neutonic!",2025-03-10T00:00:00Z,2025-03-10T00:00:00Z,,,True,False,,,False,,,,,False
13647103,8400184410420,8400185033012,tropical-ice-12pk,Productivity Drink - Tropical Ice,,5.0,Better than the other Nootropic drinks I have tried,"I will be generous and give it a 5 because, realistically, if you are buying this you are probably looking to drink something that makes you feel good/different without the toxins and risks like other beverages/substances. I did feel energized, it tastes good enough, and it has good nootropic ingredients and zero sugar.",2025-03-07T00:00:00Z,2025-03-07T00:00:00Z,,,True,False,,,False,,,,,False
13647458,8400184410420,15202964930944,productivity-drink-12-cans-strawberry-lemonade,Productivity Drink - Strawberry Lemonade,,5.0,happy with the Neutonic drinks,I’m very happy with the Neutonic drinks. They really work for me. Giving my brain that boost in creativity and thoughtfulness.,2025-03-04T00:00:00Z,2025-03-04T00:00:00Z,,,True,False,,,False,,,,,False
20499586,8400184410420,8758066053428,orange-sunrise-12-pack-us,Productivity Drink - Orange Sunrise [US],,5.0,,"If you’re American and familiar with the original Orange Julius, that's what this tastes like to me. My favorite flavor out of the three!",2025-02-24T22:06:44Z,2025-02-24T22:06:44Z,,,False,False,,,False,,,,,False
21304861,8400184410420,8758066053428,orange-sunrise-12-pack-us,Productivity Drink - Orange Sunrise [US],12 Cans,5.0,,"If you’re American and familiar with the original Orange Julius, that's what this tastes like to me. My favorite flavor out of the three!",2025-02-24T22:06:44Z,2025-02-24T22:06:44Z,,,True,False,,shop_app,False,,,,,False
13647213,8400184410420,8400185033012,tropical-ice-12pk,Productivity Drink - Tropical Ice,,5.0,Destroys Hangovers,"tastes great, great boost for the day. Protip: Mix with water and destroy hangovers",2025-02-13T00:00:00Z,2025-02-13T00:00:00Z,,,True,False,,,False,,,,,False
13647107,8400184410420,8400185033012,tropical-ice-12pk,Productivity Drink - Tropical Ice,,5.0,I'm definitely more productive.,"I usually slam energy drinks and have to get another one after lunch. I've found myself only sipping on this all morning. If all the productivity is a placebo, the ability to supply energy is solid.    It's pricey but nothing else I've tried compares, so I keep buying them for work days.",2025-01-26T00:00:00Z,2025-01-26T00:00:00Z,,,True,False,,,False,,,,,False
13647222,8400184410420,8400185033012,tropical-ice-12pk,Productivity Drink - Tropical Ice,,5.0,"Love the flavor, hate the Sucralose",I was super excited about these and then realized they had sucralose😩 I try to avoid this ingredient when possible because of its long-term adverse health affects. Please make a version without sucralose!!!,2025-01-26T00:00:00Z,2025-01-26T00:00:00Z,,,True,False,,,False,,,,,False
13647108,8400184410420,8400185033012,tropical-ice-12pk,Productivity Drink - Tropical Ice,,5.0,Got all three,I’ve tried all three flavors. I like that it’s less caffeine than most energy drinks. I love the taste. I don’t like the wild citrus as much as the tropical ice and orange. Everyone always ask me what I’m drinking and I don’t know where else to get this besides Amazon.,2025-01-22T00:00:00Z,2025-01-22T00:00:00Z,,,True,False,,,False,,,,,False
13647459,8400184410420,15202964930944,productivity-drink-12-cans-strawberry-lemonade,Productivity Drink - Strawberry Lemonade,,5.0,It's actually pretty good at keeping…,"It's actually pretty good at keeping you focused and alert. I did wonder if it's just marketing but rather than making me some what hyper and hard to focus on a single task like a strong coffee would this actually does keep me alert and on task.    It's not a magical thing though, you still need to discipline / desire to to the task, but it does help a noticable amount.",2025-01-19T00:00:00Z,2025-01-19T00:00:00Z,,,True,False,,,False,,,,,False
7525266,8400184410420,8400185033012,tropical-ice-12pk,Productivity Drink - Tropical Ice,,5.0,Too notch!,"I went for the Wild Lime flavour & to my palate it tastes really good - Similar to a White Monster, but nicer. It’s slightly less carbonated too which I personally prefer.I usually crash around 15:00 most days & if I’m off work, I’ll almost always take a nap around this time time, but not today off the back of having one of these at 14:00. It could be a coincidence, it could be a placebo, I think only time will tell as I have more of these so I’ll do a follow up review in a month or so to let you know!",2025-01-17T15:22:23.650013Z,2025-01-17T15:22:23.650013Z,,,True,False,,,True,,,,,False
7525165,8400184410420,8400185033012,tropical-ice-12pk,Productivity Drink - Tropical Ice,,5.0,This stuff is legit,"Easiest, quickest, best tasting and best way to get all you’ll need in your nootropic/ caffeine for the day. After years of taking nootropics this is a game changer and the taste is unreal too. Top work will be a regular purchase",2025-01-17T15:22:23.650013Z,2025-01-17T15:22:23.650013Z,,,True,False,,,True,,,,,False
7525107,8400184410420,8400185033012,tropical-ice-12pk,Productivity Drink - Tropical Ice,,5.0,Tastes good and actually works,"I was not expecting to notice a difference in my ability to focus, particularly as I drink a lot of coffee so I’m not that sensitive to caffeine. But I really felt so focused, I guess it’s the combination of nootropics. It was fairly redundant on a Sunday afternoon but I’m excited to try this tomorrow while I am working. The taste is good and I love how low calorie it is. I would definitely purchase again, hopefully it will be available in supermarkets soon!",2025-01-17T15:22:23.650013Z,2025-01-17T15:22:23.650013Z,,,True,False,,,True,,,,,False
7525157,8400184410420,8400185033012,tropical-ice-12pk,Productivity Drink - Tropical Ice,,5.0,Great taste,"Taste really good, much better than alternative energy drinks and so far no caffeine crashes during the day.",2025-01-17T15:22:23.650013Z,2025-01-17T15:22:23.650013Z,,,True,False,,,True,,,,,False
7525119,8400184410420,8400185033012,tropical-ice-12pk,Productivity Drink - Tropical Ice,,5.0,Game Changer! Really does help with Productivity,"Final year PhD student with ADHD. I have been struggling with focus and productivity as many do with write up. I have tried this drink for 2 days now, each day has been a whirlwind of productivity and focus - I am absolutely delighted.Tastewise - its okay - reminds me of orange berocca, but I'm not drinking this just for pleasure - I see it as a functional drink to help me focus, I sip it throughout the day for a purpose and it is very effective.Yes there may be a placebo effect going on. I do trust James Smith, enjoy his content and books, I do have faith in his products. But if it is, I'm fine with that if its getting me through my thesis!Thank you James and Chris!",2025-01-17T15:22:23.650013Z,2025-01-17T15:22:23.650013Z,,,True,False,,,True,,,,,False
7525102,8400184410420,8400185033012,tropical-ice-12pk,Productivity Drink - Tropical Ice,,5.0,Neutonic - Orange Sunrise,"Before I even talk about the drink itself, the can and the design needs to be discussed.The can had a nice feel in the hand opposed to the standard feel of generic cans which was nice, however I am not convinced by the eye on there but that is just me and it wouldn’t stop me buying more (which I have done now).The taste of Orange Sunrise, it was a very nice tang unlike some other brands and orange tastes it didn’t cling to the teeth and feel like the enamel has rotted away.Now for what the drink actually does, the ingredients state that it will help you focus and within a few mins of drinking I certainly felt more focused and allowed me to concentrate on what I was doing.I was worried that there might be a crash after a while but I didn’t feel anything of the sort and didn’t need to ‘chase the caffeine’ fix either.I really rate the product and would say give it a try and you too should feel the benefits of the drink in your day to day or specific targeted use.",2025-01-17T15:22:23.650013Z,2025-01-17T15:22:23.650013Z,,,True,False,,,False,,,,,False
7525131,8400184410420,8400185033012,tropical-ice-12pk,Productivity Drink - Tropical Ice,,5.0,Bright Eyed and Bushy Tailed,Lovely lovely stuff! Great taste and does exactly what it says on the tin.,2025-01-17T15:22:23.650013Z,2025-01-17T15:22:23.650013Z,,,True,False,,,False,,,,,False
7525170,8400184410420,8400185033012,tropical-ice-12pk,Productivity Drink - Tropical Ice,,5.0,What a nice surprise! Another tool for ADD!,"And here it is, did not have to wait much after ordering on release day! Tried two already, the flavour is insane, I will give you this one guys, indeed I would put Fanta second place! Amazing! Regarding the effects, noticeable gain in focus after 30 mins. Definitely would buy again, what a weapon for the arsenal. Well done James and Chris!",2025-01-17T15:22:23.650013Z,2025-01-17T15:22:23.650013Z,,,True,False,,,False,,,,,False
7525182,8400184410420,8400185033012,tropical-ice-12pk,Productivity Drink - Tropical Ice,,5.0,Energy without the jitters,"Bought these off the back of the marketing by Chris Williamson and James smith. Was a bit skeptical but thought I’d try it as I wanted something for some energy and focus. I’ve found it best to use before jiu jitsu, I comfortably get through a 90 min class with 4 to 5 rounds of sparring. Without it, I’d probably sit out for the last round. I’ve tried tropical which is nice but I much prefer orange. Orange soda type flavour. Will definitely keep buying as long as I’m training.",2025-01-17T15:22:23.650013Z,2025-01-17T15:22:23.650013Z,,,True,False,,,False,,,,,False
7525189,8400184410420,8400185033012,tropical-ice-12pk,Productivity Drink - Tropical Ice,,5.0,This drink significantly improved my focus and concentration compared to my regular energy drink,"The Neutonic Productivity Energy Drink is a game-changer! This drink significantly improved my focus and concentration compared to my regular energy drink. What sets it apart is that it's sugar-free and healthier, providing a sustained energy boost without the crash. This drink is especially beneficial for individuals struggling with ADHD as it seems to enhance concentration levels. Highly recommend for anyone looking to maximise productivity and energy levels in a healthier way.",2025-01-17T15:22:23.650013Z,2025-01-17T15:22:23.650013Z,,,True,False,,,False,,,,,False
7525206,8400184410420,8400185033012,tropical-ice-12pk,Productivity Drink - Tropical Ice,,5.0,Credit where it’s due.,James & Chris have created a monster. Not sure on the productivity benefits yet but the taste is spot on,2025-01-17T15:22:23.650013Z,2025-01-17T15:22:23.650013Z,,,True,False,,,False,,,,,False
7525285,8400184410420,8400185033012,tropical-ice-12pk,Productivity Drink - Tropical Ice,,5.0,So moorish and definitely helps with Focus,"I don't normally drink energy/focus drinks or even caffeine, but decided to give this a go as I have followed James for some time.  I love the Orange sunrise taste, the only problem being that I could easily drink a few of these per day which would be cost prohibitive.  I felt an increased sense of focus in my work when drunk first thing in the morning. Definitely will buy again!",2025-01-17T15:22:23.650013Z,2025-01-17T15:22:23.650013Z,,,True,False,,,False,,,,,False
7525126,8400184410420,8400185033012,tropical-ice-12pk,Productivity Drink - Tropical Ice,,5.0,Nice.,I fell into the influencer trap and after watching his YouTube channel for a few mo the thought I’d try this. Flavour is very nice. Not overly strong or weak. Not too fizzy either so doesn’t bloat up when chugging it.,2025-01-17T15:22:23.650013Z,2025-01-17T15:22:23.650013Z,,,True,False,,,False,,,,,False
7525138,8400184410420,8400185033012,tropical-ice-12pk,Productivity Drink - Tropical Ice,,5.0,Delicious,"I'm a big fan of Chris Williamson's work, so felt compelled to support him by purchasing this new launch product. I bought the citrus flavour and was surprised at how tasty it was. It's genuinely delicious and you can enjoy it knowing that the drink is healthy and supporting productivity. I had it instead of a coffee before working out and felt very much as fired up as I do after my usual double espresso.",2025-01-17T15:22:23.650013Z,2025-01-17T15:22:23.650013Z,,,True,False,,,False,,,,,False
7525225,8400184410420,8400185033012,tropical-ice-12pk,Productivity Drink - Tropical Ice,,5.0,Great taste,These taste amazing. Got a constant supply in the fridge. I have one at lunch time to keep my concentration levels up for the afternoon shift.,2025-01-17T15:22:23.650013Z,2025-01-17T15:22:23.650013Z,,,True,False,,,False,,,,,False
7525150,8400184410420,8400185033012,tropical-ice-12pk,Productivity Drink - Tropical Ice,,5.0,Refreshing and Effective!,"I absolutely loved the wild citrus flavour! It’s not overly sweet, which I tend to find with similar drinks. Really liked the packaging too.An amazing mid-day boost, helps me power through the rest of my tasks.",2025-01-17T15:22:23.650013Z,2025-01-17T15:22:23.650013Z,,,True,False,,,False,,,,,False
7525177,8400184410420,8400185033012,tropical-ice-12pk,Productivity Drink - Tropical Ice,,5.0,Tastes Decent,"Tastes great, definitely prefer it to other energy drink products. Productivity benefits are a plus!",2025-01-17T15:22:23.650013Z,2025-01-17T15:22:23.650013Z,,,True,False,,,True,,,,,False
7525230,8400184410420,8400185033012,tropical-ice-12pk,Productivity Drink - Tropical Ice,,5.0,Tastes great,Loved the taste . Great product .,2025-01-17T15:22:23.650013Z,2025-01-17T15:22:23.650013Z,,,True,False,,,False,,,,,False
7525254,8400184410420,8400185033012,tropical-ice-12pk,Productivity Drink - Tropical Ice,,5.0,Good so far,Really enjoying these drinks so far. They seem to work well and are very tasty. I would like if they had slightly less caffeine but I presume that’s all part of the cocktail that makes them effective.,2025-01-17T15:22:23.650013Z,2025-01-17T15:22:23.650013Z,,,True,False,,,False,,,,,False
7525297,8400184410420,8400185033012,tropical-ice-12pk,Productivity Drink - Tropical Ice,,5.0,Great taste loads of focus,"I absolutely love a red bull but definitely feel a crash after awhile, I was skeptical about these but omg, they taste amazing (like a hooch without the alcohol) I feel a buzz but not it n a bad way, I can workout better, get the housework done after a day of teaching and still get to sleep even when I drink it around 430pm, will definitely be ordering again!",2025-01-17T15:22:23.650013Z,2025-01-17T15:22:23.650013Z,,,True,False,,,False,,,,,False
7525213,8400184410420,8400185033012,tropical-ice-12pk,Productivity Drink - Tropical Ice,,5.0,Simply the best,"I can’t recommend this product enough, the level of alertness it produces is outstanding. Definitely works for me. Tastes great too, win win.",2025-01-17T15:22:23.650013Z,2025-01-17T15:22:23.650013Z,,,True,False,,,False,,,,,False
7525218,8400184410420,8400185033012,tropical-ice-12pk,Productivity Drink - Tropical Ice,,5.0,It works,"I’ve tried a number of nootropics but this one is the best for focus, productivity and memory. On my 3 purchase can’t stop wont stop.",2025-01-17T15:22:23.650013Z,2025-01-17T15:22:23.650013Z,,,True,False,,,False,,,,,False
7525278,8400184410420,8400185033012,tropical-ice-12pk,Productivity Drink - Tropical Ice,,5.0,Tastes amazing and works!,"I’ve recently been looking into nootropics to help with focus and mental clarity. Had considered buying supplements, but I struggle to be consistent with taking tablets. I wasn’t sure whether to buy this - what if I didn’t like the flavour? But I took the gamble. Arrived today - the orange tastes amazing!It works a treat - I zipped through my to do list with all jobs at home - I can’t wait to try it at work.Have ordered the citrus flavour now too! 10/10",2025-01-17T15:22:23.650013Z,2025-01-17T15:22:23.650013Z,,,True,False,,,False,,,,,False
7525290,8400184410420,8400185033012,tropical-ice-12pk,Productivity Drink - Tropical Ice,,5.0,Wow,"I've never bought anything purely because of the fact it is released by a popular figure but the benefits of this drink sounded too good to ignore. It turns out this product is actually great. The taste on the orange flavour really does taste like Fanta while also low calorie, zero sugar & with brain benefits. I felt more productive, unsure if that is placebo or not but i'm not going to question it. Definitely going to buy more!",2025-01-17T15:22:23.650013Z,2025-01-17T15:22:23.650013Z,,,True,False,,,False,,,,,False
7525114,8400184410420,8400185033012,tropical-ice-12pk,Productivity Drink - Tropical Ice,,5.0,Does what it says on the tin,"Brought a case of the orange flavour as soon as it came out as James Smith is a no BS guy & I trust in his brand. It’s a great product from start to finish, love the branding, the taste & I did notice feeling more alert & focused. Will definitely buy more & can’t wait to try the citrus flavour. Well done James, this really does deliver.",2025-01-17T15:22:23.650013Z,2025-01-17T15:22:23.650013Z,,,True,False,,,False,,,,,False
7525261,8400184410420,8400185033012,tropical-ice-12pk,Productivity Drink - Tropical Ice,,5.0,Really works !,Never really bothered with energy drinks but this is great . Sad it’s all out of stock now,2025-01-17T15:22:23.650013Z,2025-01-17T15:22:23.650013Z,,,True,False,,,False,,,,,False
7525273,8400184410420,8400185033012,tropical-ice-12pk,Productivity Drink - Tropical Ice,,5.0,As advertised,"I would probably give this 4.5 stars if I could because the Orange Sunrise wasn't to my taste. Despite this the effects are undeniable. It's also important to remember that this is a low-calorie, 0-sugar drink so while the taste isn't my new favourite it's also not bad. The reason why I rate this so highly is likely because of the Cognizin and Rhodiola Rosea because I felt great after drinking this. From what I understand Rhodiola Rosea reduces anxiety and anxiety-induced fatigue so I think this is a great addition. Good job lads, I can't wait to try the Wild Citrus flavour!",2025-01-17T15:22:23.650013Z,2025-01-17T15:22:23.650013Z,,,True,False,,,False,,,,,False
7525143,8400184410420,8400185033012,tropical-ice-12pk,Productivity Drink - Tropical Ice,,5.0,Great start to my day .,I've been drinking one every morning for nearly a week now and I can only say I love it. Great taste and my energy in the morning has improved.,2025-01-17T15:22:23.650013Z,2025-01-17T15:22:23.650013Z,,,True,False,,,True,,,,,False
7525090,8400184410420,8400185033012,tropical-ice-12pk,Productivity Drink - Tropical Ice,,5.0,You will not be disappointed!,"I bought the orange flavour and it tastes great!Have been following James and Chris for years and saw their content on how terrible other drinks on the market are, and thought it was worth a try!Tastes great, has a good caffeine hit and the focus enhancing vitamins are a great plus.",2025-01-17T15:22:23.650013Z,2025-01-17T15:22:23.650013Z,,,True,False,,,True,,,,,False
7525095,8400184410420,8400185033012,tropical-ice-12pk,Productivity Drink - Tropical Ice,,5.0,Actually works.. and tastes incredible 🍊,Im a bit of a fizzy drink addict so always excited to try something new when I see it pop up. However I was a bit sceptical of the ‘productivity boosting’ ingredients. Well how wrong was I!? I’ve had a lot of work recently requiring maximum focus which usually leads to procrastination but this drink genuinely made a difference. I felt alert and focused but without any shakes or buzzing feeling that you can get from some energy drinks. Taste wise it’s like a fizzy orange flavour but more sophisticated than something like Fanta and not artificial tasting. Will definitely be repurchasing!,2025-01-17T15:22:23.650013Z,2025-01-17T15:22:23.650013Z,,,True,False,,,True,,,,,False
7350125,8400184410420,8400185033012,tropical-ice-12pk,Productivity Drink - Tropical Ice,,5.0,Amazing drink,"Amazing drink, can feel the difference! Now if only it was easily available in Canada",2025-01-17T15:22:23.628698Z,2025-01-17T15:22:23.628881Z,,,True,False,,,False,,,,,False
7525219,8400184410420,8400185033012,tropical-ice-12pk,Productivity Drink - Tropical Ice,,5.0,Tastes Great - Good Energy drink replacement,"I was drawn in around the hype and can safely say my expectations were met!Maybe its a placebo effect, but the drink doesn't make you feel jittery or shaky, but more focused allowing you to continue working without the need to drink more. Great little pick me up",2025-01-17T15:22:23.628698Z,2025-01-17T15:22:23.628698Z,,,True,False,,,False,,,,,False
7525214,8400184410420,8400185033012,tropical-ice-12pk,Productivity Drink - Tropical Ice,,5.0,Extremely focussed,Despite only have 120mg of caffeine I get extremely focussed having one of these a day,2025-01-17T15:22:23.628698Z,2025-01-17T15:22:23.628698Z,,,True,False,,,False,,,,,False
7525243,8400184410420,8400185033012,tropical-ice-12pk,Productivity Drink - Tropical Ice,,5.0,Wow! So much energy and alertness,Flavour is greatFeel the effects stated on the tin.Well impressed,2025-01-17T15:22:23.628698Z,2025-01-17T15:22:23.628698Z,,,True,False,,,False,,,,,False
7525267,8400184410420,8400185033012,tropical-ice-12pk,Productivity Drink - Tropical Ice,,5.0,Amazing taste and even better results,"I drank one of these instead of a coffee yesterday and couldn't believe the difference. I was more alert, felt better and most importantly I didn't get the mid-afternoon crash! Will definitely be ordering more.",2025-01-17T15:22:23.628698Z,2025-01-17T15:22:23.628698Z,,,True,False,,,False,,,,,False
7525103,8400184410420,8400185033012,tropical-ice-12pk,Productivity Drink - Tropical Ice,,5.0,Nightshift zombie,Great product. I used it to help me focus through the night shift. Normally I'd blast coffee and energy drink(s). I had 1 can as my shift was starting. Tastes nice and feels healthy compared to energy drinks. Stayed perfectly focused the whole shift and had no trouble sleeping after. No buzzing and dumping feeling or having to top up. Just felt great throughout.,2025-01-17T15:22:23.628698Z,2025-01-17T15:22:23.628698Z,,,True,False,,,False,,,,,False
7525183,8400184410420,8400185033012,tropical-ice-12pk,Productivity Drink - Tropical Ice,,5.0,The greatest drink ever created,There is simply no better drink on the market to fuel my lone wolf sigma male grind mode era than this little puppy. Ironically let's me feel like I've got the dog in me. Not in a weird way though. In a pure flow state channelling to my work way. I cannot thank you enough Mr Williamson. Up the pod.,2025-01-17T15:22:23.628698Z,2025-01-17T15:22:23.628698Z,,,True,False,,,False,,,,,False
7525279,8400184410420,8400185033012,tropical-ice-12pk,Productivity Drink - Tropical Ice,,5.0,Amazing!!,"I didn’t really know what to expect from this product. I’ve followed James on social media for a while and thought I’d give this a try. Not really one for energy drinks, I find the caffeine can make me a bit shaky, this however didn’t do that. I can honestly say I feel really good after drinking it, more productive, alert but also in a better mood. I ordered the orange (which tastes unreal) and have just ordered a case of the citrus as I’m so impressed.",2025-01-17T15:22:23.628698Z,2025-01-17T15:22:23.628698Z,,,True,False,,,False,,,,,False
7525139,8400184410420,8400185033012,tropical-ice-12pk,Productivity Drink - Tropical Ice,,5.0,Teacher approves,"James, I’m a teacher, my teaching assistant is off, I had this drink for the first time today and I got an absolute tonne of work done, really helped me get down a never ending to do list - I am utterly exhausted, but this took the edge right off! Thank goodness you’re here making safe things like this!",2025-01-17T15:22:23.628698Z,2025-01-17T15:22:23.628698Z,,,True,False,,,False,,,,,False
7525127,8400184410420,8400185033012,tropical-ice-12pk,Productivity Drink - Tropical Ice,,5.0,Tastes great. Refreshing.,"Great tasting product.  My 15 year old loves them too and has one before his GCSE mock exams for a little boost in cognition.  Ice white is favourite, not tried citrus but I am sure they're all great. Backed by 2 credible humans too.",2025-01-17T15:22:23.628698Z,2025-01-17T15:22:23.628698Z,,,True,False,,,False,,,,,False
7525291,8400184410420,8400185033012,tropical-ice-12pk,Productivity Drink - Tropical Ice,,5.0,Harry potters liquid luck.,"Bought this as a substitute for a can of zero sugar monster that I drink towards the end of work to power me through the mondane tasks and to help me study/write assessments for a degree I'm doing. Even if It's just a placebo, I'm pretty happy because it's got me focused and waffling the stuff to get through. Would strongly recommend, it's also really tasty!",2025-01-17T15:22:23.628698Z,2025-01-17T15:22:23.628698Z,,,True,False,,,False,,,,,False
7525190,8400184410420,8400185033012,tropical-ice-12pk,Productivity Drink - Tropical Ice,,5.0,Energy without the comedown,"I'm sensitive to caffeine, pre work out leaves me feeling like I've just taken crack.My freind put me onto these and gave me a tin before rugby and it defo gave me an extra boost.It's a must have in my bag from now on. Would be better with free delivery but that's my only gripe.",2025-01-17T15:22:23.628698Z,2025-01-17T15:22:23.628698Z,,,True,False,,,False,,,,,False
7525195,8400184410420,8400185033012,tropical-ice-12pk,Productivity Drink - Tropical Ice,,5.0,"Works, highly recommend",tastes great and the effects are almost unbelievable could not recommend more!,2025-01-17T15:22:23.628698Z,2025-01-17T15:22:23.628698Z,,,True,False,,,False,,,,,False
7525171,8400184410420,8400185033012,tropical-ice-12pk,Productivity Drink - Tropical Ice,,5.0,Very very good.,"My orange sunrise arrived today. Although it says orange, I personally think it tastes like passionfruit. Love that there is no after taste that you normally get from zero sugar drinks. Full of flavour. My only complaint would be the flavour choices and that's just a personal preference. I'm more a berry type of guy. Not a massive fan of citrus flavoured drinks. Looking forward to more flavours in the future.",2025-01-17T15:22:23.628698Z,2025-01-17T15:22:23.628698Z,,,True,False,,,True,,,,,False
7525144,8400184410420,8400185033012,tropical-ice-12pk,Productivity Drink - Tropical Ice,,5.0,Pleasantly surprised,"I’ve tried energy drinks before, I’ve either been let down or bouncing off the wall, followed by a crash. I was impressed with this from the can, the taste was amazing and it definitely helped me keep focused. It helped me keep my attention on the task. Highly recommend",2025-01-17T15:22:23.628698Z,2025-01-17T15:22:23.628698Z,,,True,False,,,True,,,,,False
7525132,8400184410420,8400185033012,tropical-ice-12pk,Productivity Drink - Tropical Ice,,5.0,Definitely a solid product overall.,I liked the flavor and how easy it was to drink. The can itself is also beautifully designed and feels good in your hands. The effect it had was only 4/5. For future products I would hope to see alpha-GPC incorporated for maximum choline effects in the brain. And maybe also a product with less caffeine so I can  use it in another productive bout later in the day without interfering with my sleep.,2025-01-17T15:22:23.628698Z,2025-01-17T15:22:23.628698Z,,,True,False,,,False,,,,,False
7525120,8400184410420,8400185033012,tropical-ice-12pk,Productivity Drink - Tropical Ice,,5.0,Great work,"I’ve been following James and Chris for years and was as skeptical as the next guy when this was announced, but fair play to them this stuff is great. I’ve only had my first few, but the taste was great, and I’ve been able to sit and dig deep into work and reading that I’m other times distracted with. Looking forward to trying citrus next. Nice work!",2025-01-17T15:22:23.628698Z,2025-01-17T15:22:23.628698Z,,,True,False,,,True,,,,,False
7525108,8400184410420,8400185033012,tropical-ice-12pk,Productivity Drink - Tropical Ice,,5.0,Great refreshing flavour,I got the citrus one and it’s really refreshing. Had 2 cans now and will happily drink it.Not tried it for productivity yet but interested to see if it makes a difference,2025-01-17T15:22:23.628698Z,2025-01-17T15:22:23.628698Z,,,True,False,,,False,,,,,False
7525151,8400184410420,8400185033012,tropical-ice-12pk,Productivity Drink - Tropical Ice,,5.0,Actually tastes good.,"I really liked the taste (orange sunrise), it does actually taste like Fanta.I do have a high caffiene tolerance as I'm used to 250-400mg caffiene in a Preworkout sup, and so I did feel a bit more alert but without the 'shakes'.I dont necessarily feel the 'focus' effects just yet. But I assume like with any supplement, after a week or so of 1x a day or 1 every other day, that may change.Great product, tastes great, and no longer going to be buying redbull on the way to work.",2025-01-17T15:22:23.628698Z,2025-01-17T15:22:23.628698Z,,,True,False,,,True,,,,,False
7525096,8400184410420,8400185033012,tropical-ice-12pk,Productivity Drink - Tropical Ice,,5.0,I'm absolutely loving it,"I'm absolutely loving it. I've tried in Wild Citrus, and the tastes really like citrus.  it provides a tasty, natural energy boost that genuinely keeps me focused.  Plus, it's light and easy on my stomach compared to any energy drinks I've tried.",2025-01-17T15:22:23.628698Z,2025-01-17T15:22:23.628698Z,,,True,False,,,False,,,,,False
7525159,8400184410420,8400185033012,tropical-ice-12pk,Productivity Drink - Tropical Ice,,5.0,Fantastic product!,"I bought the wild citrus flavour and absolutely love it! Great flavour, not too sweet, and perfectly carbonated - not too fizzy! So glad James and Chris saw a gap in the market for this as I’ve been wanting to try some nootropics and this combines them with my love for fizzy/energy drinks. Love that it’s not a crazy amount of caffeine too! This will be replacing my daily white Monster :-oCan’t wait to try the other flavours!",2025-01-17T15:22:23.628698Z,2025-01-17T15:22:23.628698Z,,,True,False,,,True,,,,,False
7525262,8400184410420,8400185033012,tropical-ice-12pk,Productivity Drink - Tropical Ice,,5.0,The kick without the jitters,Tropical Ice is the bomb. I love the kick you get from this without the usual jitters you would get from other types of energy drink. I drink ‘em nearly every day!,2025-01-17T15:22:23.628698Z,2025-01-17T15:22:23.628698Z,,,True,False,,,True,,,,,False
7525166,8400184410420,8400185033012,tropical-ice-12pk,Productivity Drink - Tropical Ice,,5.0,Delicious and Nootricious,"Very light and refreshing taste. Orange Sunrise is delicious, almost like drinking a cocktail. Has a delightful after taste that is very moreish. Perks you up nicely.Bonus features on the design and texture of the can.",2025-01-17T15:22:23.628698Z,2025-01-17T15:22:23.628698Z,,,True,False,,,True,,,,,False
7525231,8400184410420,8400185033012,tropical-ice-12pk,Productivity Drink - Tropical Ice,,5.0,Good stuff,Feel energised. More alert. Different from other energy drinks as it’s slowly picked me up rather than a 0-60 in 1.5 secs. I feel more focused and ready for the day rather than buzzing off my t*ts wanting to find the local ‘fight club’ with a view to battering 10 blokes at once.,2025-01-17T15:22:23.628698Z,2025-01-17T15:22:23.628698Z,,,True,False,,,False,,,,,False
7525250,8400184410420,8400185033012,tropical-ice-12pk,Productivity Drink - Tropical Ice,,5.0,Fantastic product,Lives up to the hype will definitely be buying more,2025-01-17T15:22:23.628698Z,2025-01-17T15:22:23.628698Z,,,True,False,,,False,,,,,False
7525286,8400184410420,8400185033012,tropical-ice-12pk,Productivity Drink - Tropical Ice,,5.0,Motivation in a can,I was really surprised at the effectiveness of this product even after one use. All of the benefits of a pre-workout with none of the anxiety/shakes/itchiness that often accompanies it. I can only describe it as putting you in a zen like state. I imagine similar to how Bradley Cooper felt in the film Limitless without the urge to take over the stock market.Will be ordering again and looking forward to this product making its way to my local supermarket.,2025-01-17T15:22:23.628698Z,2025-01-17T15:22:23.628698Z,,,True,False,,,False,,,,,False
7525274,8400184410420,8400185033012,tropical-ice-12pk,Productivity Drink - Tropical Ice,,5.0,Yes purlease and thank you,"I had my first order.  The green ones, loved the taste (and the packaging, just a side note).I am a pre-workout taker and have tried grenade and monster which serve their purpose for the exact burst that is needed.  This drink is just what I have been looking for for focus, energy and mental alertness.  My job is intense and so is life juggling (wife, kids and a potential furry friend or tortoise) and I have been searching for a nootropic drink for a while - this hits the mark. Thank you - first order of many.",2025-01-17T15:22:23.628698Z,2025-01-17T15:22:23.628698Z,,,True,False,,,False,,,,,False
7525084,8400184410420,8400185033012,tropical-ice-12pk,Productivity Drink - Tropical Ice,,5.0,AMAZING product,"This product is AMAZINGAs someone who never drinks coffee or standard energy drinks, it was a no brainier to try this.Especially after hearing the effects on what it does for you.The last year or so has been a real struggle with energy, focus and productivity. Working for myself as a mortgage broker in the uk, the last 12 months have been both tough and mentally draining.Most days have been an effort to get going and I’ve done nowhere near as much as I would have liked.Ordered my cans last week on launch and wanted to give it a few days before reviewing.I’ve had a can 6 days in a row now and have noticed a huge difference in my mentality and productivity.Energetic, focused and getting through a lot of work I’d put off for a while.Even after a few days I’m feeling more in control of my business and life in general and my energy is lasting through the day.In terms of the drink - I went for the Orange Sunrise, tastes brilliant.It’s a subtle orange flavour, a bit like a toned down orange Fanta, which is perfect.Goes down really nicely so would 100% recommend you try this if you’re on the fence.Knowing how James works, I knew he wouldn’t put his name to something that is rubbish 🤣 and this absolutely delivers.A few days in and it has been a game changer.Thank you James Smith for launching a product that’s perfect for what I needed without even realising.Got a renewed optimism about my main business, a new one I’m working on launching and also for my own personal fitness goals too.Absolute legend",2025-01-17T15:22:23.628698Z,2025-01-17T15:22:23.628698Z,,,True,False,,,True,,,,,False
7350124,8400184410420,8400185033012,tropical-ice-12pk,Productivity Drink - Tropical Ice,,5.0,These drinks have changed my life,"These drinks have changed my life! I used to drink energy drinks (too many) and these are so much better for me and actually change my focus, and no crashing afterwards like the energy drinks gave me. 10 out of 10 from me 🤩",2025-01-17T15:22:23.602899Z,2025-01-17T15:22:23.603057Z,,,True,False,,,False,,,,,False
7525085,8400184410420,8400185033012,tropical-ice-12pk,Productivity Drink - Tropical Ice,,5.0,EVERYBODY needs to try this….,"This stuff works scarily well… I wasn’t sure if it would genuinely make me more productive, but literally from the first sip I can honestly say that I can feel the brain fog clearing, I don’t understand HOW it works but I’m so here for it!!!The citrus flavour is also v refreshing, not overly sweet and not overly bitter 👌🏼 tastes much better than other energy drinks I’ve tried and works so much better for drinking through the working day.11/10 👏👏👏",2025-01-17T15:22:23.602899Z,2025-01-17T15:22:23.602899Z,,,True,False,,,False,,,,,False
7525092,8400184410420,8400185033012,tropical-ice-12pk,Productivity Drink - Tropical Ice,,5.0,Nothing else like it on the market. Wild stuff,Works too good to be 100% legal. Stocking up before they ban it 😂😂😂,2025-01-17T15:22:23.602899Z,2025-01-17T15:22:23.602899Z,,,True,False,,,False,,,,,False
7525121,8400184410420,8400185033012,tropical-ice-12pk,Productivity Drink - Tropical Ice,,5.0,The wild citrus is definitely wild,"Not too sweet, not too sour, perfect combo of both for the taste, I’m about to sit down and edit some videos so definitely will use this drink to boost my focus, over all I can’t imagine getting sick of the taste and so far the way I feel makes sense why this is a “focus drink”",2025-01-17T15:22:23.602899Z,2025-01-17T15:22:23.602899Z,,,True,False,,,False,,,,,False
7525140,8400184410420,8400185033012,tropical-ice-12pk,Productivity Drink - Tropical Ice,,5.0,Best drink of its type on the market,I love the taste and it’s a nice drink to have in the afternoon at work.,2025-01-17T15:22:23.602899Z,2025-01-17T15:22:23.602899Z,,,True,False,,,False,,,,,False
7525203,8400184410420,8400185033012,tropical-ice-12pk,Productivity Drink - Tropical Ice,,5.0,Switch On & Focus!,"I always have a can of Neutonic before BJJ, I train in the evening weekdays/Saturday morning & these definitely help me switch on after a days graft, perfect amount of caffeine & Nootropics definitely help focus when drilling & rolling! Tried all 3 flavours now, orange is my favourite but all are class 👌🏻 Highly recommended!",2025-01-17T15:22:23.602899Z,2025-01-17T15:22:23.602899Z,,,True,False,,,False,,,,,False
7525208,8400184410420,8400185033012,tropical-ice-12pk,Productivity Drink - Tropical Ice,,5.0,Great,Gets me through the day,2025-01-17T15:22:23.602899Z,2025-01-17T15:22:23.602899Z,,,True,False,,,False,,,,,False
7525227,8400184410420,8400185033012,tropical-ice-12pk,Productivity Drink - Tropical Ice,,5.0,Decent!,"Lovely drink- all the flavours are delicious, and it’s a nice kick without feeling over stimulating",2025-01-17T15:22:23.602899Z,2025-01-17T15:22:23.602899Z,,,True,False,,,False,,,,,False
7525232,8400184410420,8400185033012,tropical-ice-12pk,Productivity Drink - Tropical Ice,,5.0,Tasty and I feel a boost,"Tastes lovely and refreshing, I feel a boost as if I’ve just had a coffee but without the sugar crash of a red bull or other energy drinks for example. More a slower release of energy. I do feel this helps my productivity. Vitamins are an added bonus",2025-01-17T15:22:23.602899Z,2025-01-17T15:22:23.602899Z,,,True,False,,,False,,,,,False
7525104,8400184410420,8400185033012,tropical-ice-12pk,Productivity Drink - Tropical Ice,,5.0,This works,"First of all, the marketing. I think it is a show of their character that they openly explained every ingredient, what it does & why it is included within the drink itself. That reinforces the ‘trust’ that they’ve established with their fan base. No other product that I’m aware of does this so it shows how much they wanted this to have a benefit on the consumers.I’ve used the Neutronic drinks for seven days consistently & even taken a break between to see if my function is different when off them.When on the drinks, I notice my focus be enhanced when doing my daily tasks and work. I crush out things very quickly with little errors & brain fog. It’s almost like a surge comes over me and I’m more dialled in.When I didn’t take the drinks for a day or two I didn’t really notice a massive decrease in my function. I could still do what I needed to do but just without that ‘enhanced’ factor.In short, from what I’ve found. These drinks work. So the tag line of ‘give yourself that extra 10%’ defiantly reins true. I’m almost finished the Orange Sunrise flavour which tastes 10/10, I describe it as a Fanta flavoured San Pelagrino as it’s very flavourful without being too carbonated.I will be putting my order in for the citrus very soon! Good job guys.",2025-01-17T15:22:23.602899Z,2025-01-17T15:22:23.602899Z,,,True,False,,,True,,,,,False
7525109,8400184410420,8400185033012,tropical-ice-12pk,Productivity Drink - Tropical Ice,,5.0,Absolutely fantastic!,"This is so effective at fending off the afternoon crash, keeping me focused and on task! Tastes great too - can’t wait try the citrus flavour once I’ve smashed through these!",2025-01-17T15:22:23.602899Z,2025-01-17T15:22:23.602899Z,,,True,False,,,True,,,,,False
7525116,8400184410420,8400185033012,tropical-ice-12pk,Productivity Drink - Tropical Ice,,5.0,Class! Neutonic > white Monster,"Had to try, and it lives up to the hype unlike other influencer drinks. Similar taste to white monster with the benefit of nootropics.",2025-01-17T15:22:23.602899Z,2025-01-17T15:22:23.602899Z,,,True,False,,,True,,,,,False
7525145,8400184410420,8400185033012,tropical-ice-12pk,Productivity Drink - Tropical Ice,,5.0,Does what it says on the tin!,"Firstly, the flavour was great - makes it really easy to drink rather than taking pills all the time. Secondly, I used this during a stressful time at work where I was working long hours and it definitely helped me focus and reduced the impact the stress had on my tiredness. Will be purchasing again and recommending to friends.",2025-01-17T15:22:23.602899Z,2025-01-17T15:22:23.602899Z,,,True,False,,,True,,,,,False
7525152,8400184410420,8400185033012,tropical-ice-12pk,Productivity Drink - Tropical Ice,,5.0,This is a amazing 😍,"Running a business is long and stressful , this has helped me today , first day back in the gym after weeks off as well so that’s somthingWill buy again",2025-01-17T15:22:23.602899Z,2025-01-17T15:22:23.602899Z,,,True,False,,,True,,,,,False
7525160,8400184410420,8400185033012,tropical-ice-12pk,Productivity Drink - Tropical Ice,,5.0,Believe the hype!,Soooo much hype around this product so I decided to try it!Can say it's definitely a game-changer. Felt so much more focused & productive after trying this. (the orange sunrise is a banger!!!) not overly sweet & after taste is amazing!Will definitely be buying again and trying the other flavor!,2025-01-17T15:22:23.602899Z,2025-01-17T15:22:23.602899Z,,,True,False,,,True,,,,,False
7525275,8400184410420,8400185033012,tropical-ice-12pk,Productivity Drink - Tropical Ice,,5.0,Tastes fab,"I was sceptical at first, but trust James as I've been watching him for years. Love the science behind the drink. Orange tastes fabulous & I do think there is something here, was I more focused? I'd say so as I had a work report to do and once i got my head into it I felt focused. Now if James can just create a motivation to start the task in hand drink I'd be all in on that also because I do like to put off things lol will I buy again absolutely",2025-01-17T15:22:23.602899Z,2025-01-17T15:22:23.602899Z,,,True,False,,,False,,,,,False
7525280,8400184410420,8400185033012,tropical-ice-12pk,Productivity Drink - Tropical Ice,,5.0,Great drink.,"Thought I’d give this product a try purely on James’ recommendation. So glad I did. It’s got a great taste and, above all, it really did make a difference to my productivity. Monday afternoons are normally my “urgh” time in front of my pc, but not with this. Sipping the can during the afternoon did keep me a lot more on the ball than I usually am. I’d recommend it to anyone. I’m definitely buying it again.",2025-01-17T15:22:23.602899Z,2025-01-17T15:22:23.602899Z,,,True,False,,,False,,,,,False
7525256,8400184410420,8400185033012,tropical-ice-12pk,Productivity Drink - Tropical Ice,,5.0,No jitters or crash,Tastes good and doesn’t make you feel jittery. Worth the money!,2025-01-17T15:22:23.602899Z,2025-01-17T15:22:23.602899Z,,,True,False,,,False,,,,,False
7525251,8400184410420,8400185033012,tropical-ice-12pk,Productivity Drink - Tropical Ice,,5.0,Best Yet,"10/10 taste, I’ve been drinking more energy drinks and carbonated sugar free drinks; however I’ve tried to lower my consumption as they’ve been making me feel sick.I started on these and I’ve had no issues with how I feel, they give a nice slow energy release and improve my concentration.",2025-01-17T15:22:23.602899Z,2025-01-17T15:22:23.602899Z,,,True,False,,,False,,,,,False
7525244,8400184410420,8400185033012,tropical-ice-12pk,Productivity Drink - Tropical Ice,,5.0,It’s like stepping into Limitless,"Personally, the best performance / caffeine based drink on the market! A drink that actually makes you feel like able to focus like in the film limitless and has a lasting effect throughout the day and can help you perform in the gym too! I’ve shared this product with my colleagues and improved their productivity.",2025-01-17T15:22:23.602899Z,2025-01-17T15:22:23.602899Z,,,True,False,,,False,,,,,False
7525239,8400184410420,8400185033012,tropical-ice-12pk,Productivity Drink - Tropical Ice,,5.0,Awesome HEALTHY energy drink!,I really like the fact that this product is based on what is *actually* good for our health instead of what is convince to shock our bodies into working mode!,2025-01-17T15:22:23.602899Z,2025-01-17T15:22:23.602899Z,,,True,False,,,False,,,,,False
7525220,8400184410420,8400185033012,tropical-ice-12pk,Productivity Drink - Tropical Ice,,5.0,"Great taste, nice replacement for Monster!","I've been drinking a full-sugar Monster a day for too long and was looking for something to replace them with. This is the first drink I've had that tastes as good as the full sugar monsters but comes without that huge amount of sugar.In terms of the cognitive benefits, if there are any they're subtle. Every day I've had one of these, I've felt  in the zone, so whatever they extra ingredients are doing, they're not hurting. But, it could just be the caffeine.Only way I think this could be improved is if it had the same caffeine content but came in 500ml cans rather than 330ml - Monsters last longer and leave me feeling fuller after drinking just because of the size.",2025-01-17T15:22:23.602899Z,2025-01-17T15:22:23.602899Z,,,True,False,,,False,,,,,False
7525215,8400184410420,8400185033012,tropical-ice-12pk,Productivity Drink - Tropical Ice,,5.0,Rate these!,"Great taste, not too fizzy nor flat, well styled& even the can feels nice! Would stock up if they were on offer as the only downsize is the price.",2025-01-17T15:22:23.602899Z,2025-01-17T15:22:23.602899Z,,,True,False,,,False,,,,,False
7525179,8400184410420,8400185033012,tropical-ice-12pk,Productivity Drink - Tropical Ice,,5.0,Excellent product.,"I love this drink, it's tasty and definitely has a positive impact on my mood and energy levels. The only negative would be the price point, but as this is a newish product still, I expect that to come down as it gets more popular.",2025-01-17T15:22:23.602899Z,2025-01-17T15:22:23.602899Z,,,True,False,,,False,,,,,False
7525167,8400184410420,8400185033012,tropical-ice-12pk,Productivity Drink - Tropical Ice,,5.0,"Great taste, helps focus and beautiful design",I love the taste of the wild citrus flavour (trying orange next time)! I’ve found this is really helping my focus whilst tasting great. It’s already helping my work productivity.The can graphics are beautifully done and the texture of the can feels great when holding it - that was a really unexpected bonus!,2025-01-17T15:22:23.602899Z,2025-01-17T15:22:23.602899Z,,,True,False,,,False,,,,,False
7525172,8400184410420,8400185033012,tropical-ice-12pk,Productivity Drink - Tropical Ice,,5.0,Neutonic- amazing!,This is a fantastic tasting product. The packaging feels quality. Can’t wait for more flavours!,2025-01-17T15:22:23.602899Z,2025-01-17T15:22:23.602899Z,,,True,False,,,True,,,,,False
7525133,8400184410420,8400185033012,tropical-ice-12pk,Productivity Drink - Tropical Ice,,5.0,Love these,Don’t know if it’s a placebo but these made me feel “wired” and ready to do anything. Will buy more,2025-01-17T15:22:23.602899Z,2025-01-17T15:22:23.602899Z,,,True,False,,,False,,,,,False
7525128,8400184410420,8400185033012,tropical-ice-12pk,Productivity Drink - Tropical Ice,,5.0,tastes like a melted solero ice cream,these are real tasty. Definitely helps concentration levels whether in the gym or at work. Nice change to having a coffee. Bit on the spenny side but i don't drink them everyday so not too much of an expensive habit (yet).,2025-01-17T15:22:23.602899Z,2025-01-17T15:22:23.602899Z,,,True,False,,,False,,,,,False
7525097,8400184410420,8400185033012,tropical-ice-12pk,Productivity Drink - Tropical Ice,,5.0,Wow- impressed!,Big fan of James and liked the sound of the drink so decided to give it a go. And I’m a few cans in and have to say I’m impressed.Noticeable change in my focus and concentration after drinking this. Mental clarity is improved and the head fog that us teachers seem to be permanently stuck with definitely lifted!The taste reminded me of an orange Bacardi Breezer which made me chuckle-  really good taste and just the right amount of carbonation but not so it gives you gassiness.Like that it’s not too high in caffeine and I had no noticeable after effects.Would highly recommend and will definitely be purchasing again. Great product.,2025-01-17T15:22:23.602899Z,2025-01-17T15:22:23.602899Z,,,True,False,,,False,,,,,False
13647460,8400184410420,15202964930944,productivity-drink-12-cans-strawberry-lemonade,Productivity Drink - Strawberry Lemonade,,5.0,I love this drink and it got me through…,"I love this drink and it got me through night school and my exams last year, while also working full time.    The only issue I have is the price point, again I can’t fault the drinks themselves but £30 for 12 cans is just a bit too expensive for me. I started drinking them when they were £24 for a crate.",2025-01-16T00:00:00Z,2025-01-16T00:00:00Z,,,True,False,,,False,,,,,False
13647109,8400184410420,8400185033012,tropical-ice-12pk,Productivity Drink - Tropical Ice,,5.0,"Great Drink, But Pricey.","The Productivity Energy Drink is fantastic! It gives you a solid boost of energy without the jitters and helps you stay focused throughout the day. The taste is great, and it’s a perfect pick-me-up when you need it. That said, it’s a bit on the expensive side for me to keep buying regularly. Still, I highly recommend trying it if you haven’t – it’s definitely worth experiencing!",2025-01-15T00:00:00Z,2025-01-15T00:00:00Z,,,True,False,,,False,,,,,False
7525175,8400184410420,8400185033012,tropical-ice-12pk,Productivity Drink - Tropical Ice,,5.0,Definitely more alert and focused,"This works! I had the orange can this morning and didn't think anything else of it. I had to spar as part of a black belt grading today and my mind wasn't sluggish, the moves came to my mind quicker and I was more responsive. It only dawned on me later what the difference today was (drinking this). Think I'll be going through the cases quickly 🙌",2025-01-14T00:00:00Z,2025-01-14T00:00:00Z,,,True,False,,,True,,,,,False
7525176,8400184410420,8400185033012,tropical-ice-12pk,Productivity Drink - Tropical Ice,,5.0,Magical!,It's the second day that I've used this drink and I can't believe have well and fast it works. I drunk it both days on almost empty stomach in the morning before I'd do some reading. My focus and clarity was at a whole new level. I can feel its action in just 5 minutes. I've managed to read five times more pages than I normally would and in the same amount of time. I highly recommend it to anyone that seeks a quick and pleasant way to massively boost productivity!,2025-01-14T00:00:00Z,2025-01-14T00:00:00Z,,,True,False,,,True,,,,,False
7525100,8400184410420,8400185033012,tropical-ice-12pk,Productivity Drink - Tropical Ice,,5.0,Amazing flavour,Really enjoyed the flavour plus helped me focus in a busy office!,2025-01-14T00:00:00Z,2025-01-14T00:00:00Z,,,True,False,,,True,,,,,False
7525099,8400184410420,8400185033012,tropical-ice-12pk,Productivity Drink - Tropical Ice,,5.0,Very tasty and works!,I was buzzing. But not the bad red bull kinda buzzing - focus kinda buzz. Smashed my to-do list in record time!,2025-01-14T00:00:00Z,2025-01-14T00:00:00Z,,,True,False,,,True,,,,,False
7525088,8400184410420,8400185033012,tropical-ice-12pk,Productivity Drink - Tropical Ice,,5.0,Love this drink... But won't buy any more at £29.99!,"Great taste (Wild Citrus), prefer it to Red Bull / Monster / Relentless etc and has noticeable effects.Wild citrus is my fav, then tropical ice, then the orange one.I could just about justify the original £23 price but now it's gone up to £30 for 12 cans, I'm jumping ship, sorry James, £2.49 a can is just too much.Do not buy this is you want some sort of pre  workout in a can or a miracle.This is for those who have to work night shifts and are constantly tired... maybe also having to battle in your 'downtime' with annoying children to which you pray time travel will become possible in your lifetime so you have a word with yourself and get the snip at the age of 18.I have a can of this on my nights and it flicks a switch on in my brain and provides me with focus for a good couple of hours if I sip at it.Good taste that doesn't leave you slapping your tongue on the roof of your mouth afterwards like a dog that's just hoovered up a prawn cracker, as some other brand's drinks do.If you happen to read this James, thanks for having the balls to make something you believe in and I am a fan.Thank you from all the night shift workers... But sort the pricing out again!",2025-01-14T00:00:00Z,2025-01-14T00:00:00Z,,,True,False,,,True,,,,,False
7525086,8400184410420,8400185033012,tropical-ice-12pk,Productivity Drink - Tropical Ice,,5.0,"Really, really impressed!","This drink is an absolute game-changer. I normally reach for an energy drink in the afternoon to get me through. I feel more focused, alert and productive after switching to Neutonic. Plus no crashes later on in the evening caused by too much caffeine. This is my new secret weapon. Will be purchasing again.",2025-01-14T00:00:00Z,2025-01-14T00:00:00Z,,,True,False,,,True,,,,,False
7525277,8400184410420,8400185033012,tropical-ice-12pk,Productivity Drink - Tropical Ice,,5.0,So focussed,Honestly expected very little to no noticeable results. Opting only to drink a can when I record music. I’m writing my 7th album in 4 years and have felt a little lost with finding new ideas lately. My past 3 recording/writing sessions I started with a can. So many ideas came flowing through in each session and I found it so effortless to finish these new ideas to the end each time.Honestly haven’t felt this focussed in a long time. Will keep using these as a creative aid going forward!,2025-01-14T00:00:00Z,2025-01-14T00:00:00Z,,,True,False,,,False,,,,,False
7525276,8400184410420,8400185033012,tropical-ice-12pk,Productivity Drink - Tropical Ice,,5.0,Wild Citrus - Tastes Lovely,"Only had 3 cans so far but the taste of Wild Citrus is really good. The fact it's not too fizzy is good, especially if you have it in the morning. Not sure it's possible with ANY drink to say it def gave you a performance increase BUT...over the last 2 days I was knackered and struggling due to lack of sleep but stayed focused for both a long drive and then client meeting. Will def purchase again as it tastes lovely and is better for me than a can of Red Bull.",2025-01-14T00:00:00Z,2025-01-14T00:00:00Z,,,True,False,,,False,,,,,False
7525269,8400184410420,8400185033012,tropical-ice-12pk,Productivity Drink - Tropical Ice,,5.0,The lads smashed it!,What a great product!! The lads smashed it,2025-01-14T00:00:00Z,2025-01-14T00:00:00Z,,,True,False,,,False,,,,,False
7525264,8400184410420,8400185033012,tropical-ice-12pk,Productivity Drink - Tropical Ice,,5.0,Actually does what it says it does,Not only is thins a genuinely tasty drink but it actually helped (I felt more focused during my level 2 unit for longer than I normally would have) I look forward to the day they are sold as singular cans in shops & supermarkets.,2025-01-14T00:00:00Z,2025-01-14T00:00:00Z,,,True,False,,,True,,,,,False
7525257,8400184410420,8400185033012,tropical-ice-12pk,Productivity Drink - Tropical Ice,,5.0,Amazing,"I’ve never liked ‘energy drinks’ and have always felt like the highs wasn’t worth the unavoidable lows. This drink is different, genuinely feel a positive impact on my mood and focus, without the crash afterwards. Chris and James did a great job and it does not disappoint!",2025-01-14T00:00:00Z,2025-01-14T00:00:00Z,,,True,False,,,False,,,,,False
7525248,8400184410420,8400185033012,tropical-ice-12pk,Productivity Drink - Tropical Ice,,5.0,Fantastic.,"Great for getting brain in gear to focus! Also great for getting the enthusiasm to sort your housework out :D best flavour for me is tropical, also goes with rum really well :D",2025-01-14T00:00:00Z,2025-01-14T00:00:00Z,,,True,False,,,False,,,,,False
7525236,8400184410420,8400185033012,tropical-ice-12pk,Productivity Drink - Tropical Ice,,5.0,Goated,I consider these my battery cells now.,2025-01-14T00:00:00Z,2025-01-14T00:00:00Z,,,True,False,,,False,,,,,False
7525235,8400184410420,8400185033012,tropical-ice-12pk,Productivity Drink - Tropical Ice,,5.0,Rocket fuel,Worth trying as pre-workout or a morning coffee replacement. Definitely gives you lift. This is my favourite flavour out the three,2025-01-14T00:00:00Z,2025-01-14T00:00:00Z,,,True,False,,,False,,,,,False
7525234,8400184410420,8400185033012,tropical-ice-12pk,Productivity Drink - Tropical Ice,,5.0,Great Drink,"Love these drinks. Low calories and taste great. I've had both the Orange Sunrise and Tropical Ice flavour and liked both, but do prefer the Orange Sunrise",2025-01-14T00:00:00Z,2025-01-14T00:00:00Z,,,True,False,,,False,,,,,False
7525228,8400184410420,8400185033012,tropical-ice-12pk,Productivity Drink - Tropical Ice,,5.0,Great tasting drink!!,Thought I’d give these a whirl to see if the hype was real and ended up smashing a weeks work out on a Sunday afternoon in my home office…Superb for focus and concentration!!,2025-01-14T00:00:00Z,2025-01-14T00:00:00Z,,,True,False,,,False,,,,,False
7350127,8400184410420,8400185033012,tropical-ice-12pk,Productivity Drink - Tropical Ice,,5.0,Love it!,"Great product , love the drinks & capsules really helps me with my day ahead 💪🏻 🧠",2025-01-14T00:00:00Z,2025-01-14T00:00:00Z,,,True,False,,,False,,,,,False
7525168,8400184410420,8400185033012,tropical-ice-12pk,Productivity Drink - Tropical Ice,,5.0,"Day 1, tastes great!","Can 1 of 12 today, loving the taste and given that I only had 5 hours sleep last night and would normally have caved and fallen asleep at some point this Sunday afternoon with the F1 on, I'm still feeling good and also got a workout done despite the lack of sleep. Bring on the work week, keen to see how I feel on the mental and productivity side of things 🤓",2025-01-14T00:00:00Z,2025-01-14T00:00:00Z,,,True,False,,,True,,,,,False
7525173,8400184410420,8400185033012,tropical-ice-12pk,Productivity Drink - Tropical Ice,,5.0,Fantastic,The product by the eye is great. Definitely an attractive can. The taste was better than I expected for an energy drink. I’ll be buying more. Wild citrus is my favourite.,2025-01-14T00:00:00Z,2025-01-14T00:00:00Z,,,True,False,,,True,,,,,False
13647461,8400184410420,15202964930944,productivity-drink-12-cans-strawberry-lemonade,Productivity Drink - Strawberry Lemonade,,5.0,These drinks have changed my life,"These drinks have changed my life! I used to drink energy drinks (too many) and these are so much better for me and actually change my focus, and no crashing afterwards like the energy drinks gave me. 10 out of 10 from me 🤩",2025-01-14T00:00:00Z,2025-01-14T00:00:00Z,,,True,False,,,False,,,,,False
7525123,8400184410420,8400185033012,tropical-ice-12pk,Productivity Drink - Tropical Ice,,5.0,"To the people leaving 1 star reviews...BEHAVE, take a day off!","James & Chris, well done! lads This is a class drink and I feel great after I have drunk it. It has the right amount of carbonation, I get this calm buz feeling and I love it. I think the branding, style of the cans along with the name and font choice is spot on. You can tell a lot of time and thought was put into this.It's sad to see people leaving these 1 star reviews who haven't even bought the drink trying to harm the success of a product that is genuinely really good! From two guys who have done a lot for both their fields. Just wait the same people leaving these reviews will be buying one from their local tesco in the months to come!Looking forward to cracking open a cold one and smashing out the work first thing in the morning.",2025-01-14T00:00:00Z,2025-01-14T00:00:00Z,,,True,False,,,True,,,,,False
7525124,8400184410420,8400185033012,tropical-ice-12pk,Productivity Drink - Tropical Ice,,5.0,"Very tasty, and does switch you on","I’ve never tried nootropics before but I’ve always been interested in them.I am a connoisseur for all variations of energy drinks through.This drink first up, tastes FANTASTIC. Wild citrus is one of the nicest carbonated drinks I’ve had honestly.I do video editing and make music as projects and focus can be a struggle a lot of the time, because it’s easy to just push a project to the back burner. But after a can (sometimes two in a row because I’m a fiend for carbonated tasty drinks) I do feel more charged.You’re not bouncing off the walls, you just feel like you’re more switched on and ready to rock. Seems like a really good balance of caffeine and nootropics to just strike a nice balance of focus and drive.James and Chris aren’t idiots or people out to make a quick stack of chips by shilling a useless product, so I knew the product would be high quality, and my faith was right. And hey, even if it’s placebo in my case, if it works it works.",2025-01-14T00:00:00Z,2025-01-14T00:00:00Z,,,True,False,,,True,,,,,False
7525129,8400184410420,8400185033012,tropical-ice-12pk,Productivity Drink - Tropical Ice,,5.0,Why I stopped drinking coffee,"I enjoyed coffee, and I use the past tense because I'm completely off it. My morning cup has been replaced by Neutonic for multiple reasons. Seriously I don't drink coffee anymore. 1) Nootropic stack - way more output than just a cup of joe. 2) The taste is seriously phenomenal. My only wish is that the cans were bigger but I don't want a stronger drink. I'm only after prolonging the taste. 3) There is something incredibly refreshing about a cold drink first thing as opposed to a hot drink. It refreshes in a way that coffee can't.",2025-01-14T00:00:00Z,2025-01-14T00:00:00Z,,,True,False,,,False,,,,,False
7525146,8400184410420,8400185033012,tropical-ice-12pk,Productivity Drink - Tropical Ice,,5.0,Never felt sharper.,"I replaced my morning coffee with this the other day and was actually shocked at how locked in I was for the whole morning, thought it could just be a placebo effect. But I've used it for over a week now and the amount of deep work I'm getting done is ridiculous. So much more refreshing than a normal energy drink too, deffo recommend the wild citrus flavour.",2025-01-14T00:00:00Z,2025-01-14T00:00:00Z,,,True,False,,,True,,,,,False
7525148,8400184410420,8400185033012,tropical-ice-12pk,Productivity Drink - Tropical Ice,,5.0,Stop being hesitant,Really starting to notice a difference in my concentration levels and “alertness”. Both flavours taste great and they don’t give that after caffeine slump. Brilliant product bought to market - hopefully will be stocked in supermarkets soon!,2025-01-14T00:00:00Z,2025-01-14T00:00:00Z,,,True,False,,,True,,,,,False
7525149,8400184410420,8400185033012,tropical-ice-12pk,Productivity Drink - Tropical Ice,,5.0,Impeccable product,"It’s been a long time since I had been looking at nootropics and still hadn’t had them, but then I saw this drink go on the market and had to have it.You know when products like these go out you questions whether their efficacy.Well this product certainly does do what it says on the tin, and the taste was delicious too. Felt more engaged with my work and achieved a lot more in the days I had one of these compared to the days I haven’t.Will definitely make this a regular in my routine when needed, excited to see what flavours come out next 👀",2025-01-14T00:00:00Z,2025-01-14T00:00:00Z,,,True,False,,,True,,,,,False
7525118,8400184410420,8400185033012,tropical-ice-12pk,Productivity Drink - Tropical Ice,,5.0,Great for focus,"Great drink, amazing for my focus in the gym and tastes delicious x",2025-01-14T00:00:00Z,2025-01-14T00:00:00Z,,,True,False,,,True,,,,,False
7525111,8400184410420,8400185033012,tropical-ice-12pk,Productivity Drink - Tropical Ice,,5.0,"Instant difference in mood and positivity, like a switch","I get very swift results from energy drinks and they cause me to enter a trance state whereby work gets done with a can-do-anything attitude for hours of sweet sweet focus. So naturally when I saw these on Modern Wisdom I had to try them. And can I just say, the tropical flavour is so delicious - but I tried my first sip when I was feeling a bit under the weather and it felt like all my nerves and enthusiasm was waking up and set me in the right frame of mind for feeling ready to create something without any sort of distractions or doubt or lack of impetus. Which is great really because with my line of work there are three creative activities I have to do today – writing, designing an app, and preparing art.",2025-01-14T00:00:00Z,2025-01-14T00:00:00Z,,,True,False,,,False,,,,,False
7525153,8400184410420,8400185033012,tropical-ice-12pk,Productivity Drink - Tropical Ice,,5.0,Great tasting and more than just an “energy” drink.,"Thought I’d give these a try as an alternative to the usual energy drink, with the added benefit of some the ingredients this drink contains.I’ve gone for orange and I think it tastes great and so far, I definitely feel a little more switched on and dialled in. I suffer a lot from fatigue due health issues, so anything to lift the fog and taste good gets my buy in!Looking forward to trying the other flavour!",2025-01-14T00:00:00Z,2025-01-14T00:00:00Z,,,True,False,,,True,,,,,False
7525154,8400184410420,8400185033012,tropical-ice-12pk,Productivity Drink - Tropical Ice,,5.0,So good I had to order my girlfriend a box!!,I usually have 1-2 energy drinks + coffee a day (with sugar and no benifits!!). I'll definitely be swapping for this instead. I've been having it as a mid-day pick-me-up. Felt no crash which is great.- Tastes is amazing. Not too sweet.- No sugar (unlike what I usually drink)- Added Nootropic benefit. Huge plus!As the title suggests - my girlfriend got a taste. There's no way I was sharing so bought another 2 boxes.,2025-01-14T00:00:00Z,2025-01-14T00:00:00Z,,,True,False,,,True,,,,,False
7525117,8400184410420,8400185033012,tropical-ice-12pk,Productivity Drink - Tropical Ice,,5.0,where have you been all my life!,"where have you been all these years! this drink is right up my streetI wish these were around over the last 5 years while battling to work at a decent pace while I was in the trenches with the younglingson my 2nd case of this now (orange the 1st time) so held off to see if it was a placebo or not, got to the end of my 1st case and bought these as soon as available, banging taste this one, if you like white monster this is the one for you, deffodoes what its marketed for (for me anyway), very useful if feeling tired or have those days at the desk where you really can't be bothered, doesn't give any caffeine jitters but a nice clean boost and calming with no or little crash keeps me almost laser focused at work during editingthat said, I prefer a pre-workout or a normal energy drink for exercise as these are way too calm for the feeling I like, but outside of that these are perfecto",2025-01-14T00:00:00Z,2025-01-14T00:00:00Z,,,True,False,,,True,,,,,False
7525161,8400184410420,8400185033012,tropical-ice-12pk,Productivity Drink - Tropical Ice,,5.0,Tastes great. Had a productive morning,Had my first can this morning. I was very impressed with the taste.Had a productive morning. Can't say if that was solely because of the drink but who knows.5 stars from me.,2025-01-14T00:00:00Z,2025-01-14T00:00:00Z,,,True,False,,,True,,,,,False
7525112,8400184410420,8400185033012,tropical-ice-12pk,Productivity Drink - Tropical Ice,,5.0,Keeps me focused and energised,"Not only does it taste amazing it really helps with my focus and my energy levels. As a student nurse with adhd it’s hard work, doing placements and also being focused to get my essays done but this has really helped with my focus when I need it most. The fact it tastes so good is an added bonus.",2025-01-14T00:00:00Z,2025-01-14T00:00:00Z,,,True,False,,,False,,,,,False
7525164,8400184410420,8400185033012,tropical-ice-12pk,Productivity Drink - Tropical Ice,,5.0,Focused buzz,"Firstly it tastes great, not the sour chemical taste in other energy drinks. Low level of carbonation to help.A sustained buzz comes after about 10 minutes, but not unpleasant or shaky like high caffeine drinks. Gentle tingling helps remind you the purpose and presence of the drink. Will buy again.",2025-01-14T00:00:00Z,2025-01-14T00:00:00Z,,,True,False,,,True,,,,,False
7525106,8400184410420,8400185033012,tropical-ice-12pk,Productivity Drink - Tropical Ice,,5.0,"Honest review, real review from someone that’s actually drank it!","Taste is  tremendous! I like that it’s not to fizzy, and think it has helped with productivity. I got a case so going to have 1 a day and see how it goes. Looks like there are a lot of people trying to review this down without actually having tried it. Vampires everywhere!  Top quality product, I wouldn’t expect anything less from James and Chris",2025-01-14T00:00:00Z,2025-01-14T00:00:00Z,,,True,False,,,True,,,,,False
7525105,8400184410420,8400185033012,tropical-ice-12pk,Productivity Drink - Tropical Ice,,5.0,Look forward to it each day!,"I initially bought this as I am a fan of the two lads behind it and their content/podcasts and like to support people who give things a go. However, after two cans I will be reordering due to the taste and the benefits. It may be placebo, but I feel more focused, more energetic and generally more productive (as it claims on the tin). Flavour is also fantastic, mild carbonation so not too fizzy. 10/10",2025-01-14T00:00:00Z,2025-01-14T00:00:00Z,,,True,False,,,True,,,,,False
7525169,8400184410420,8400185033012,tropical-ice-12pk,Productivity Drink - Tropical Ice,,5.0,Great smooth taste,"Love the smooth light carbonated taste, could drink it anytime of day, start my new job Tuesday so I will be having one everyday about mid morning. After my first one today I did feel very clear minded, on either the show I was watching or task at hand. 👌",2025-01-14T00:00:00Z,2025-01-14T00:00:00Z,,,True,False,,,True,,,,,False
7525294,8400184410420,8400185033012,tropical-ice-12pk,Productivity Drink - Tropical Ice,,5.0,Felt absolutely razor sharp,"It’s a brilliant drink, I get a similar drink from MyProtein called command which was aimed at focus for gamers. This is next level. Felt razor sharp during the afternoon, just been to football training and had one of the best sessions in a while 👌Tastes great!Will be purchasing again!Review by Meg's boyfriend who used her prime delivery",2025-01-14T00:00:00Z,2025-01-14T00:00:00Z,,,True,False,,,False,,,,,False
7525293,8400184410420,8400185033012,tropical-ice-12pk,Productivity Drink - Tropical Ice,,5.0,"Nice subtle flavour, decent boost","Nice subtle flavour and enough of a boost that I find helpful without the chronic comedown. Also, and a major win in my book - this drink doesn't feel like it's dissolving my teeth as a drink it! Great job!! No shakes, no headache, nice flavour and good boost. Little expensive but I can live with that for a product that feels like it works.",2025-01-14T00:00:00Z,2025-01-14T00:00:00Z,,,True,False,,,False,,,,,False
7525295,8400184410420,8400185033012,tropical-ice-12pk,Productivity Drink - Tropical Ice,,5.0,Will buy again 👌🏼,It's tasty stuff ordered the orange sunshine an does have abit of a zingy taste which I like to be honest. It really does what it says on the tin it's not mind blowing how much it and provides focus and energy but it does provide the edge it is only a drink at the end of the day so realistic expectations an all that. Overall top product will purchase again 🙌,2025-01-14T00:00:00Z,2025-01-14T00:00:00Z,,,True,False,,,False,,,,,False
7525221,8400184410420,8400185033012,tropical-ice-12pk,Productivity Drink - Tropical Ice,,5.0,Very impressed,"Very impressed for mental tasks (literally as it says on the can), more so than for gym boost... although it does provide a little something for that too!My advise is: in order to keep the benefits alive, save it for maybe 2/3 times per week max so the body doesn't build up too much of a tolerance to this innovative offering.Well done, Chris... very impressed!",2025-01-14T00:00:00Z,2025-01-14T00:00:00Z,,,True,False,,,False,,,,,False
7525289,8400184410420,8400185033012,tropical-ice-12pk,Productivity Drink - Tropical Ice,,5.0,Great taste with a gentle caffeine buzz.,"This product tastes great, very easy to drink, I'd liken the flavour of ""wild citrus"" to Sanpellegrino Limonata. Very refreshing.I'm a heavy caffeine user (pre-workouts and 4-6 cups of coffee a day) so I only felt a mild alertness after consuming an entire can which feels like the intended purpose. Just enough to keep you alert during boring tasks at your desk.Not tried this yet but I'm 100% certain this will mix well with Gin.",2025-01-14T00:00:00Z,2025-01-14T00:00:00Z,,,True,False,,,False,,,,,False
7525283,8400184410420,8400185033012,tropical-ice-12pk,Productivity Drink - Tropical Ice,,5.0,Great taste!,"I'm half way through my first case and I'm extremely impressed! The taste is sharp and fresh, with great flavour, it gives a good energy boost and the nootropics really do make a difference!My wife even likes the flavour, and she says all 'energy' drinks have a weird aftertaste.I'll definitely be continuing to order and next time it'll be both flavours. Can't wait to see what follows!",2025-01-14T00:00:00Z,2025-01-14T00:00:00Z,,,True,False,,,False,,,,,False
7525101,8400184410420,8400185033012,tropical-ice-12pk,Productivity Drink - Tropical Ice,,5.0,Hear me out,"When the announcement was made, the first thing I thought was “ah, another energy/vitamin/whatever drink, how disappointing”. However I decided to get a case and try it out, since I do enjoy my daily pre workout drink and I’m a generally a low energy person constantly trying to improve my focus/productivity/energy levels through tons of caffeine, and I saw that the ingredients were backed up by science - which is very important to me - so I thought why the heck not. My favourite flavour is orange, and I will tell you this drink tastes VERY good. As for focus, I do feel like I have had better laser focus when drunk before training (ace performance), and have been needing FAR less breaks whilst working at the laptop (which as a self employed person is vital). This should tell you all you need to know. I’m ordering a case in citrus as we speak. My only issue with it, as a HUGE drinker (of fluids), is that it doesn’t come in a 500ml can, so hoping they’ll consider this for the future because I’d be on board and it would 100% overtake my daily monny.",2025-01-14T00:00:00Z,2025-01-14T00:00:00Z,,,True,False,,,False,,,,,False
7525113,8400184410420,8400185033012,tropical-ice-12pk,Productivity Drink - Tropical Ice,,5.0,Surprisingly good,"I have been into nootropics and functional mushrooms etc for a long time so I’m a bit of a geek with this stuff. I really rate both the lads that launched this drink, but I’ve gotta be honest, I was a bit sceptical at how much impact a single can of drink could have.Much like CBD, the effects of the functional ingredients in this drink can sometimes take a few days (7-30) to really be noticeable. But I’ve been drinking the orange flavour for 4 of the last 5 days and I have genuinely seen a noticeable improvement in the output in my laptop work.I run my own marketing business and I’m ADHD AF, so I’m great focussing on my creative work, but terrible when I’m doing (important) admin/laptop work. After drinking a can in the mornings this week I’ve found myself getting 30-40 minutes of really focussed laptop work done several times throughout the day - and that’s HUGE for me!You don’t ‘feel’ anything (obviously) and tbh I’ve kinda forgotten that I’ve drank it after an hour or so. Then I’ve suddenly found myself in a really awesome flow state and managed to keep going.I bashed out two proposals in a day this week! The only thing I’ve ever bashed out twice in a day before is myself ;)I wouldn’t normally review something like this coz I don’t want to come across as another person blowing smoke up these lads a*$. But credit where it’s due, this actually seems to be a really great product and I really really hope the benefits of using it continue to develop and increase over time.I’ve just ordered my second case, so we’ll see!",2025-01-14T00:00:00Z,2025-01-14T00:00:00Z,,,True,False,,,False,,,,,False
7525270,8400184410420,8400185033012,tropical-ice-12pk,Productivity Drink - Tropical Ice,,5.0,"Not comparable to any other ""Energy"" drink...","A unique and addictive taste clearly perks me up but as I am a caffeine junkie I have had three within an hour and if these were Redbulls I would have been pranging out but not so much with these. I was super enthusiastic and found it very easy to apply myself and focus on the job at hand.I'm one of these people who feel zero effects from any nootropics, or many other brain enhancers for that matter. I am not affected by placebo, though I wish I was as I would be a far cheaper night out ;), however, there is something going on with these drinks.In short, Very Alert, not prangy/shakey, and quite enthusiastic about stuff that I would normally struggle with... I am also unable to limit myself to one can per sesh 😁I will be allocating a complete shelf in my fridge to Neutonic for a little while...Im also 3-Up as I write this!Much Love!",2025-01-14T00:00:00Z,2025-01-14T00:00:00Z,,,True,False,,,False,,,,,False
7525271,8400184410420,8400185033012,tropical-ice-12pk,Productivity Drink - Tropical Ice,,5.0,It works!!,"Tried it yesterday for the first time.  I don't ever drink energy drinks, they give me palpitations, make me jittery and I find it hard to sit still and focus, but not with this stuff!!  Does exactly what it says on the tin, and what a beautiful tin it is too!!  Just enough caffeine to get you going, and no brain fog all day!I was expecting great things from this with James and Chris behind it, and it did not disappoint in the slightest!  I've tried the wild citrus, tastes great!  Orange now on order!!Great works guys, 10/10!!!",2025-01-14T00:00:00Z,2025-01-14T00:00:00Z,,,True,False,,,False,,,,,False
7525272,8400184410420,8400185033012,tropical-ice-12pk,Productivity Drink - Tropical Ice,,5.0,Recommended,"I bought this drink after hearing about it on the Modern Wisdom podcast.I bought the Wild Citrus flavour which tastes great, similar to Mountain Dew. I have been having it at work in the morning as an alternative to coffee and would definitely recommend it for this purpose, I find it boosts my alertness but without any of the anxiety I sometimes feel after having a coffee. Not sure how much it has improved my focus and productivity compared to a coffee though.Also I tried having a can at mile 18 and mile 30 of a recent 37.5mile ultramarathon i did and got a great boost!",2025-01-14T00:00:00Z,2025-01-14T00:00:00Z,,,True,False,,,False,,,,,False
7525260,8400184410420,8400185033012,tropical-ice-12pk,Productivity Drink - Tropical Ice,,5.0,Fantastic Product,"It’s definitely not like any other drink I’ve had, really does offer the boost required for long evenings studying.",2025-01-14T00:00:00Z,2025-01-14T00:00:00Z,,,True,False,,,False,,,,,False
7525252,8400184410420,8400185033012,tropical-ice-12pk,Productivity Drink - Tropical Ice,,5.0,Brain juice,Slightly sceptical to start with as I've never tried nootropics before but unless I was really hit by the effects of placebo this was like having pure directed focus for hours at a time!Only problem is I can feel a dependency coming on because it works so well! Have already ordered more,2025-01-14T00:00:00Z,2025-01-14T00:00:00Z,,,True,False,,,False,,,,,False
7525204,8400184410420,8400185033012,tropical-ice-12pk,Productivity Drink - Tropical Ice,,5.0,A personal favourite,"I find this drink really helpful for any sort of work or study related activity when I’m feeling drained or distracted.Whether the effects I feel are placebo based or not I get resulting in effects in focus, sharpness and energy whenever I have one.I really like the taste, especially the citrus one. They are quite expensive but it makes me value each one more and drink it slower rather than chugging it like a monster.",2025-01-14T00:00:00Z,2025-01-14T00:00:00Z,,,True,False,,,False,,,,,False
7525259,8400184410420,8400185033012,tropical-ice-12pk,Productivity Drink - Tropical Ice,,5.0,The best drink I've tried,"I've bought the Tropical Ice and the Citrus packs now and I love them. It tastes much better than anything else on the market including Tenzing, which I enjoyed. The natural high is instant and much better than coffee or energy drinks.",2025-01-14T00:00:00Z,2025-01-14T00:00:00Z,,,True,False,,,False,,,,,False
7525110,8400184410420,8400185033012,tropical-ice-12pk,Productivity Drink - Tropical Ice,,5.0,Amazing drink,Tastes great along with the increased mental clarity and focus. The caffeine content is just right at 120mg and I felt no anxiety or jitters probably due to the L-Theanine. I would recommend the wild citrus flavour. Note - also works great before the gym.,2025-01-14T00:00:00Z,2025-01-14T00:00:00Z,,,True,False,,,False,,,,,False
7525281,8400184410420,8400185033012,tropical-ice-12pk,Productivity Drink - Tropical Ice,,5.0,Actually does what it says on the tin,"I’ve had my fair share of ‘energy’ drinks and I can hand on heart say that this is different to all others. Along with the caffeine boost, you feel more zoned in with what ever it is you’re doing at the time unlike other drinks that just have high caffeine doses and your heart rate just increases. The only a thing I would comment is that there’s a slight twang of a taste in the blood orange. Other than that it’s a  5* from me",2025-01-14T00:00:00Z,2025-01-14T00:00:00Z,,,True,False,,,False,,,,,False
7525094,8400184410420,8400185033012,tropical-ice-12pk,Productivity Drink - Tropical Ice,,5.0,A game-changer,"I've been a keen listener of Chris's podcast, Modern Wisdom, for years now, and have always been in awe of his relentless enthusiasm and energy. So when he revealed that part of his secret was this drink, I had no choice but to try it. And wow am I glad I did.Firstly, it tastes great. Secondly, it feels good. Within 15 minutes of drinking it, I feel energized and more alert. What's more, the buzz lasts hours and doesn't come with nasty jitters or end in a crash like with many other energy drinks.This is a much healthier alternative to energy drinks like Red Bull because it's sugar-free and doesn't contain pointless ingredients like artificial colors. It's also rich in essential B vitamins so it provides benefits over the long term as well as in the short term.All in all, an excellent productivity booster. Just don't drink it before bed!",2025-01-14T00:00:00Z,2025-01-14T00:00:00Z,,,True,False,,,False,,,,,False
7525199,8400184410420,8400185033012,tropical-ice-12pk,Productivity Drink - Tropical Ice,,5.0,Expensive but works.,You get what you pay for. It's expensive however the price is worth it if its in your budget.,2025-01-14T00:00:00Z,2025-01-14T00:00:00Z,,,True,False,,,False,,,,,False
7525247,8400184410420,8400185033012,tropical-ice-12pk,Productivity Drink - Tropical Ice,,5.0,Great Product,"Massive fan of Chris' Modern Wisdom podcast, so had to give these a go. Really love the flavour and feel a higher sense of alterness when I used them.I've only used these in the morning so far, before I start work. It's hard to judge how effective these are as every previous night my quality of sleep has been different, so is it a placebo effect? Still a great product nonetheless and will be buying again.",2025-01-14T00:00:00Z,2025-01-14T00:00:00Z,,,True,False,,,False,,,,,False
7525296,8400184410420,8400185033012,tropical-ice-12pk,Productivity Drink - Tropical Ice,,5.0,Not a sickly energy drink.,This drink is designed to give you focus.All I can say is it’s worked for me. I woke up at 6am this morning and jumped out of bed.At work and in general I just felt sharp and in the zone. No brain fog .I intend to have one every morning and will see if the effects remain constant.It’ll be a game changer for me if it does.,2025-01-14T00:00:00Z,2025-01-14T00:00:00Z,,,True,False,,,False,,,,,False
7525245,8400184410420,8400185033012,tropical-ice-12pk,Productivity Drink - Tropical Ice,,5.0,Lovely taate,Definitely felt more ‘on it’ in the mornings after one of these,2025-01-14T00:00:00Z,2025-01-14T00:00:00Z,,,True,False,,,False,,,,,False
7525197,8400184410420,8400185033012,tropical-ice-12pk,Productivity Drink - Tropical Ice,,5.0,Invigorating,Love the taste and ingredients,2025-01-14T00:00:00Z,2025-01-14T00:00:00Z,,,True,False,,,False,,,,,False
7525188,8400184410420,8400185033012,tropical-ice-12pk,Productivity Drink - Tropical Ice,,5.0,It a most,There may be 30 but there are really worth it there taste really good and there do what there say,2025-01-14T00:00:00Z,2025-01-14T00:00:00Z,,,True,False,,,False,,,,,False
7525142,8400184410420,8400185033012,tropical-ice-12pk,Productivity Drink - Tropical Ice,,5.0,Improved focus and less distraction,"I've suffered with wandering attention for years, this drink certainly delivers a spell of clarity and focus which I am very impressed with. I am going to keep drinking this to see if replacing coffee could be the answer I've been looking for. Thanks",2025-01-14T00:00:00Z,2025-01-14T00:00:00Z,,,True,False,,,True,,,,,False
7525229,8400184410420,8400185033012,tropical-ice-12pk,Productivity Drink - Tropical Ice,,5.0,Love it,Love the taste and feel great after p,2025-01-14T00:00:00Z,2025-01-14T00:00:00Z,,,True,False,,,False,,,,,False
7525223,8400184410420,8400185033012,tropical-ice-12pk,Productivity Drink - Tropical Ice,,5.0,Love the taste - can't be 100% sure on benefits,"These taste amazing, and when they ran out I was genuinely gutted. Love James Smith, really enjoy listening to what he has to say. Sometimes I disagree with him, but I think that's a sign of someone taking an interest in things, being able to disagree with someone, but still listen to what they have to say, which I think he does too! So was super excited to try these drinks. I didn't find any difference when drinking them, but I am aware that it's not something you could feel right away, it's something that may be present in how you are working and thinking. I am really keen to try them again and I do wonder with certain work in front of me, or a certain task ahead, maybe they would help. But either way, great tasting and really intrigued by the science of it all.",2025-01-14T00:00:00Z,2025-01-14T00:00:00Z,,,True,False,,,False,,,,,False
7525087,8400184410420,8400185033012,tropical-ice-12pk,Productivity Drink - Tropical Ice,,5.0,The real deal.,"You knocked it out of the park, lads. I've been a fan of Chris and Modern Wisdom for a long time. Despite that, I was sceptical at first. I really didn't think it could top a good sleep schedule, diet, exercise etc. but sometimes I still lag and get scatterbrained, probably from how unbelievably overstimulating life is in 2023.I've felt amazing all day. Energised, focused, and not jittery in the slightest. Which was my my problem with coffee. Tastes effing great too, they weren't lying about the orange one tasting like Fanta.I'm not some affiliate marker or mate of Chris and James, btw. I'm just a bloke from the east of England. I highly recommend anyone to give this a shot.",2025-01-14T00:00:00Z,2025-01-14T00:00:00Z,,,True,False,,,False,,,,,False
7525093,8400184410420,8400185033012,tropical-ice-12pk,Productivity Drink - Tropical Ice,,5.0,I've ascended to a higher level of consciousness,"Diary extract:1 Can consumed - This taste good. I mean, really good. Its replaced my afternoon coffee and allowed me to focus on spreadsheets that I really don't care about. My awareness of my surroundings has been heightened, a bit like spidey sense. No other side effects noted except the ability to taste colours and smell sounds.2 Cans consumed - I consumed the second can whilst having an ice bath, reading 12 rules for life and listening to modern wisdom whilst bow hunting elk. This was unusual as I don't like the cold, red meat and can't really read. This juice is doing things to me.3 Cans consumed - I have now ascended to a higher form. My third eye has been opened and I'm also constipated. I'm not sure that last symptom is because of the drink though.5 stars - Will order again.",2025-01-14T00:00:00Z,2025-01-14T00:00:00Z,,,True,False,,,False,,,,,False
7525136,8400184410420,8400185033012,tropical-ice-12pk,Productivity Drink - Tropical Ice,,5.0,Bought to support the creators,"Having purchased to support the creators after watching their launch video and seeing the ingredients list, I’ve had some experience with cognizin products and the stuff works so I wanted to give this a try, I’m a tattoo artist that suffers with a mental crash on long sessions so a little boost goes a long way and I’m pleased to say that James and Chris’ hard work has paid off, it’s great for clearing the brain fog and helping me focus when I get the crash around 2pm and I need to power through. Great product",2025-01-14T00:00:00Z,2025-01-14T00:00:00Z,,,True,False,,,False,,,,,False
7525125,8400184410420,8400185033012,tropical-ice-12pk,Productivity Drink - Tropical Ice,,5.0,Great taste hits the spot,"Great taste hits the spot. Have stocked up. Will be using this as pre and or post workout drink. Well done Chris, James 💪",2025-01-14T00:00:00Z,2025-01-14T00:00:00Z,,,True,False,,,False,,,,,False
7525282,8400184410420,8400185033012,tropical-ice-12pk,Productivity Drink - Tropical Ice,,5.0,"Great taste, perfect volume, well balanced focus drink.","I liked the taste of the orange one. Not yet tried the other.Good amount of caffeine so I can skip my morning coffee in favour of this and don’t need to worry about coffee breath or being near a toilet.I felt it proved a good amount of drive/focus to get things done.Only had 2 cans so far, 1 per day so will leave another review when finished.Would definitely buy again.Please can you stick this in Tesco et al?",2025-01-14T00:00:00Z,2025-01-14T00:00:00Z,,,True,False,,,False,,,,,False
7525284,8400184410420,8400185033012,tropical-ice-12pk,Productivity Drink - Tropical Ice,,5.0,Bloody lovely,"I wasn't gonna go to the gym today, but then these arrived and I could hear James Smith yelling at me to get off the sofa.Chugged this down - delicious by the way - and off I went. Felt like I'd had a coffee without the jitters that I'm prone for.Can't wait for more flavours! Will be a staple in my fridge now.",2025-01-14T00:00:00Z,2025-01-14T00:00:00Z,,,True,False,,,False,,,,,False
7525288,8400184410420,8400185033012,tropical-ice-12pk,Productivity Drink - Tropical Ice,,5.0,Like someone switched every bulb on in my brain,"Absolutely love this! I’ve got some of these ingredients in capsules but with suspected adhd I always forget to take them! Wasn’t expecting it to taste so nice neither but I really enjoyed it, not long after drinking it it was like every switch was on in my brain! Sorted my kitchen and living room out in record quick time organised Christmas decorations to put up in each room! Sooo impressed !",2025-01-14T00:00:00Z,2025-01-14T00:00:00Z,,,True,False,,,False,,,,,False
7525209,8400184410420,8400185033012,tropical-ice-12pk,Productivity Drink - Tropical Ice,,5.0,They taste better than Monster Ultra!,Really big fan of these drinks! Going to buy another flavour!,2025-01-14T00:00:00Z,2025-01-14T00:00:00Z,,,True,False,,,False,,,,,False
7525193,8400184410420,8400185033012,tropical-ice-12pk,Productivity Drink - Tropical Ice,,5.0,Great taste an results,Delicious drink that give me more energy and focus. The only downside was the delivery fee bringing up the cost significantly. I'm looking forward to when they are more readily available.,2025-01-14T00:00:00Z,2025-01-14T00:00:00Z,,,True,False,,,False,,,,,False
7525210,8400184410420,8400185033012,tropical-ice-12pk,Productivity Drink - Tropical Ice,,5.0,This stuff is fantastic,"This truly is one of the best health orientated drinks I have had. As someone who works late shifts these drinks really help in making me stay focused and calm, plus they taste amazing 👏",2025-01-14T00:00:00Z,2025-01-14T00:00:00Z,,,True,False,,,False,,,,,False
7525192,8400184410420,8400185033012,tropical-ice-12pk,Productivity Drink - Tropical Ice,,5.0,Absolutely delightful!,"Felt like I'd had some of the drug from the film limitless, plus it's delicious!",2025-01-14T00:00:00Z,2025-01-14T00:00:00Z,,,True,False,,,False,,,,,False
7525198,8400184410420,8400185033012,tropical-ice-12pk,Productivity Drink - Tropical Ice,,5.0,Game Changer,"After seeing James make a video about the drink, I thought I’d give it a go. My expectations were exceeded. It definitely helped me focus and be more productive. Would highly recommend, even if it’s just to see if it works for you.",2025-01-14T00:00:00Z,2025-01-14T00:00:00Z,,,True,False,,,False,,,,,False
7525180,8400184410420,8400185033012,tropical-ice-12pk,Productivity Drink - Tropical Ice,,5.0,Very affective at energy and mental focus,"It took a little bit to adjust to the taste. It's not bad but it's not your typical taste either. It's also worth noting they recommend only one a day and frankly I wouldn't want more than one. Also it's expensive compared to a drink but fairly affordable as a one or two a week.It doesn't take long to feel the affects of this drink. After just a small amount I feel a buzz and a lot of focus that I'm missing now I'm in my mid 30s. I have IBD and other energy drinks or even things like diet coke upset my stomach. I don't get this with Neutonic which I'm really pleased about and to me shows this is a quality product which is worth the price.I only tried the Orange flavour, I'd like to see what the others are like but without a 'tester' box or something I'll stick to the one flavour for now.",2025-01-14T00:00:00Z,2025-01-14T00:00:00Z,,,True,False,,,False,,,,,False
7525141,8400184410420,8400185033012,tropical-ice-12pk,Productivity Drink - Tropical Ice,,5.0,Focus Juice!,A really nice alternative to generic energy drinks or just drinking more coffee. The taste is great refreshing and moreish without being overpowering like others. Also love the branding / packaging (matt texture is great) but yes most importantly it tastes great. Will be trying other flavours soon.,2025-01-14T00:00:00Z,2025-01-14T00:00:00Z,,,True,False,,,True,,,,,False
7525147,8400184410420,8400185033012,tropical-ice-12pk,Productivity Drink - Tropical Ice,,5.0,"Unbelievable branding, taste and effectiveness","The branding for this product is top tier and it’s very aesthetic. The flavouring is delicious.. out of all the productivity drinks/ energy drinks, this is by far one of the best (I would say on par with Monster - mango flavour). In terms of effectiveness, I’m not sure if it’s placebo or not but I have been in deep focus and smashed out lots of work so I don’t really care if it’s placebo 🤣",2025-01-14T00:00:00Z,2025-01-14T00:00:00Z,,,True,False,,,False,,,,,False
7525130,8400184410420,8400185033012,tropical-ice-12pk,Productivity Drink - Tropical Ice,,5.0,Great tasting & noticeable active ingredients,"I have tried a lot of nootropic and caffeine based drinks and from personal experience, I find that this is one of the best that I had. The caffeine/l-theanine mix means that you don't have any sudden rise/falls from the caffeine boost and the energy last all of the day. As for the nootropics, I found that I had improve focus and concentration on tasks, improving my productivity.",2025-01-14T00:00:00Z,2025-01-14T00:00:00Z,,,True,False,,,False,,,,,False
7525135,8400184410420,8400185033012,tropical-ice-12pk,Productivity Drink - Tropical Ice,,5.0,They definitely work!,"This is day 1 of having a can at about 10am on an empty stomach. I've flown through my to do list that I thought would take all day by 2pm, done a load of housework, built two shelves, and generally feel on top of the world.This isn't at all like an energy drink it is so much more. I am also not great with caffeine and haven't felt jittery at all, just really motivated and focused.Only downside so far is the drink has made my mouth a lot drier than coffee or an energy drink would, but I guess it just reminds me to drink more water.So far... I am a fan!!!",2025-01-14T00:00:00Z,2025-01-14T00:00:00Z,,,True,False,,,False,,,,,False
21304873,8400184410420,8758066512180,wild-citrus-12-pack-us,Productivity Drink - Wild Citrus [US],12 Cans,5.0,,Epic flavor and epic results,2025-04-23T21:20:49Z,2025-04-23T21:20:49Z,,,True,False,,shop_app,False,,,,,False
13647457,8400184410420,15202964930944,productivity-drink-12-cans-strawberry-lemonade,Productivity Drink - Strawberry Lemonade,,5.0,Great product and prompt delivery,Great product and prompt delivery,2025-03-08T00:00:00Z,2025-03-08T00:00:00Z,,,True,False,,,False,,,,,False
13647105,8400184410420,8400185033012,tropical-ice-12pk,Productivity Drink - Tropical Ice,,5.0,Stable energy and great taste,Tastes great and doesn’t give you an anxiety or shakiness,2025-02-02T00:00:00Z,2025-02-02T00:00:00Z,,,True,False,,,False,,,,,False
13647106,8400184410420,8400185033012,tropical-ice-12pk,Productivity Drink - Tropical Ice,,5.0,Great drink!,"Really enjoyed. Slight caffeine kick, felt relaxed and focused.",2025-02-01T00:00:00Z,2025-02-01T00:00:00Z,,,True,False,,,False,,,,,False
7350126,8400184410420,8400185033012,tropical-ice-12pk,Productivity Drink - Tropical Ice,,5.0,Game changer,"Game changer! Absolutely delish, whilst providing clarity, focus, drive and energy. Fantastic product.",2025-01-17T15:22:23.650013Z,2025-01-17T15:22:23.651351Z,,,True,False,,,False,,,,,False
7525242,8400184410420,8400185033012,tropical-ice-12pk,Productivity Drink - Tropical Ice,,5.0,Impressed,Very good. Helps focus and is subtle. No caffeine jitters.,2025-01-17T15:22:23.650013Z,2025-01-17T15:22:23.650013Z,,,True,False,,,False,,,,,False
7525201,8400184410420,8400185033012,tropical-ice-12pk,Productivity Drink - Tropical Ice,,5.0,Favour is amazing,Don’t drink energy drinks but love James smith and listening to his knowledge so gave this a go and am super impressed,2025-01-17T15:22:23.650013Z,2025-01-17T15:22:23.650013Z,,,True,False,,,False,,,,,False
7525237,8400184410420,8400185033012,tropical-ice-12pk,Productivity Drink - Tropical Ice,,5.0,It works!,Great taste and definitely feel more productive,2025-01-17T15:22:23.650013Z,2025-01-17T15:22:23.650013Z,,,True,False,,,False,,,,,False
7525091,8400184410420,8400185033012,tropical-ice-12pk,Productivity Drink - Tropical Ice,,5.0,Productivity supercharged ⚡️,"This has quickly become my go-to secret weapon for tackling my daily tasks with focus and energy. I'm crossing off tasks on my to-do list faster than ever, and my ability to concentrate on projects has never been better.It doesn't taste sickly or artificial and I'll be making sure my fridge is stocked up from now on!",2025-01-17T15:22:23.628698Z,2025-01-17T15:22:23.628698Z,,,True,False,,,False,,,,,False
7525292,8400184410420,8400185033012,tropical-ice-12pk,Productivity Drink - Tropical Ice,,5.0,It really does taste amazing,"As a one can of white monster every morning for what feels like forever, let me tell you, it tastes amazing, and it doesn’t give you a hit like monster but somehow I had more energy overall for longer, now could this be because it’s new to me? But genuinely, I’d be happy to drop my religious white monster for this. Definitely worth a try as a minimum",2025-01-17T15:22:23.602899Z,2025-01-17T15:22:23.602899Z,,,True,False,,,False,,,,,False
7525263,8400184410420,8400185033012,tropical-ice-12pk,Productivity Drink - Tropical Ice,,5.0,It Works!!,Tastes amazing. And it does work well. Perks you up. Helps you concentrate and great hangover cure also!!,2025-01-17T15:22:23.602899Z,2025-01-17T15:22:23.602899Z,,,True,False,,,True,,,,,False
7525191,8400184410420,8400185033012,tropical-ice-12pk,Productivity Drink - Tropical Ice,,5.0,Surprisingly nice !,"Lovely flavour, actually feels like it works too, my working day flys and I’m more productive.Bit expensive mind",2025-01-17T15:22:23.602899Z,2025-01-17T15:22:23.602899Z,,,True,False,,,False,,,,,False
7525184,8400184410420,8400185033012,tropical-ice-12pk,Productivity Drink - Tropical Ice,,5.0,Great product,Great taste and helps with focus,2025-01-17T15:22:23.602899Z,2025-01-17T15:22:23.602899Z,,,True,False,,,False,,,,,False
7525287,8400184410420,8400185033012,tropical-ice-12pk,Productivity Drink - Tropical Ice,,5.0,Great taste and improved concentration,"I’ve followed James for many years and so when he decided to put his name to this product I thought I would try it. I don’t buy energy drinks, but I do struggle with concentration and sometimes just starting something. I was really surprised and pleased to notice that within an hour of drinking a can, I felt energised and actually wanted to do some work and achieved more than I normally would. Really pleased. Well done James and Chris.",2025-01-17T15:22:23.602899Z,2025-01-17T15:22:23.602899Z,,,True,False,,,False,,,,,False
7525268,8400184410420,8400185033012,tropical-ice-12pk,Productivity Drink - Tropical Ice,,5.0,Great drink,"Great flavour, feel pretty energised and focussed after.",2025-01-17T15:22:23.602899Z,2025-01-17T15:22:23.602899Z,,,True,False,,,False,,,,,False
7525222,8400184410420,8400185033012,tropical-ice-12pk,Productivity Drink - Tropical Ice,,5.0,"Nice taste, definitely feel focused when I drink this and energised","This is more than just energy drink, you feel switched on in a different way. Tastes great and would recommend. Nice one James Smith.",2025-01-14T00:00:00Z,2025-01-14T00:00:00Z,,,True,False,,,False,,,,,False
7525098,8400184410420,8400185033012,tropical-ice-12pk,Productivity Drink - Tropical Ice,,5.0,Will be buying more,"A Refreshing drink, no awful after taste, Has a cool slick design and logo. Nice work!",2025-01-14T00:00:00Z,2025-01-14T00:00:00Z,,,True,False,,,True,,,,,False
7525265,8400184410420,8400185033012,tropical-ice-12pk,Productivity Drink - Tropical Ice,,5.0,Value for money,I tried it to see if it worked better than coffee tbh. I found that I could focus better and get on with stuff and didn’t miss my normal cup of coffee. Tastes a little sharp but not unpleasant. Looking forward to seeing if my focus is better at work. Will purchase again.,2025-01-14T00:00:00Z,2025-01-14T00:00:00Z,,,True,False,,,True,,,,,False
7525137,8400184410420,8400185033012,tropical-ice-12pk,Productivity Drink - Tropical Ice,,5.0,wow,"I got the orange flavour and it tastes unreal 10/10 wasn’t sure if the product was going to be as good as the hype, but it is  they have got the balance just right tastes amazing, they’re isn’t too much caffeine that you are bouncing off walls, improved my focus and concentration, could that be placebo maybe but if it works it works, was impressed 10/10 for me will be buying again 👍👍👍",2025-01-14T00:00:00Z,2025-01-14T00:00:00Z,,,True,False,,,False,,,,,False
7525233,8400184410420,8400185033012,tropical-ice-12pk,Productivity Drink - Tropical Ice,,5.0,Really worth the hype,Started using it when working and studying - this actually works!!!,2025-01-14T00:00:00Z,2025-01-14T00:00:00Z,,,True,False,,,False,,,,,False
7525089,8400184410420,8400185033012,tropical-ice-12pk,Productivity Drink - Tropical Ice,,5.0,Fair play. Wow. A sunrise in every sip.,"This is not just a beveragino, this is a celestial masterpiece captured in a can. The moment I cradled my very own neutonic can, I was captivated by the matte paint job which whispered elegance and spoke to the minimalist lover within me. It promises a taste experience akin to the tender kiss of the dawns first light, and it delivers precisely that.That first sip is like watching the horizon break into a symphony of colours as the sun lifts the veil of night. It doesn’t just quench your thirst, it awakens your senses. Each sip is a conversation piece, an exploration into the art of flavour - inspiring the kind of reflective contemplation serenaded in the modern wisdom podcast.But what lingers is the aftertaste - an enduring serenade to the dawn. A lingering note, the final stroke of the suns ascent, leaving behind a sky blushed with satisfaction.Fair play. A refreshingly punchy base, with a beautiful, caramel-y aftertaste - this sits within a league of its own on the market. Not just some influencer led product, this has all the legitimacy of two industry experts.I tip my hat to you both, and your team. I wish I could say I was surprised, but I’m not. Now I will hustle away until the citrus arrives.BACK AGAIN with the review of Tropical Ice. The plant is dead but one thing that isn’t, the glorious taste of neutonic greatness.A refreshing gust from an exotic paradise. Each sip is like taking a dive into a cool, tropical lagoon where flavours of exotic fruits dance with a crisp, icy zest. A fusion that mirrors the invigorating shock of an early morning dip in ocean waters under a tropical sky.I have discovered not just a beverage but a momentary escape to a frost kissed island paradise.",2025-01-14T00:00:00Z,2025-01-14T00:00:00Z,,,True,False,,,False,,,,,False
7525253,8400184410420,8400185033012,tropical-ice-12pk,Productivity Drink - Tropical Ice,,5.0,Love this,Really good drinkRefreshing and does lift my energy,2025-01-14T00:00:00Z,2025-01-14T00:00:00Z,,,True,False,,,False,,,,,False
7525162,8400184410420,8400185033012,tropical-ice-12pk,Productivity Drink - Tropical Ice,,5.0,Wow,This drink tastes incredible and has blown my mind. I can confirm after drinking this you feel more alert and have less brain fog. Great work James and Chris!!!!,2025-01-14T00:00:00Z,2025-01-14T00:00:00Z,,,True,False,,,True,,,,,False
7525163,8400184410420,8400185033012,tropical-ice-12pk,Productivity Drink - Tropical Ice,,5.0,"Smooth hit, sexy cans and tasty af","I’m pretty caffeine sensitive so I tend to avoid energy drinks, BUT this isn’t an energy drink. Had my first one about 2 hours ago, caffeine hit was smooth, no tremors or sweating like usual. I’ve been struggling with focus at work and mental fatigue but gotta be honest, I feel switched on but in a calm controlled way.Well recommended, kudos guys, legit product 🤙🏼",2025-01-14T00:00:00Z,2025-01-14T00:00:00Z,,,True,False,,,True,,,,,False
7525216,8400184410420,8400185033012,tropical-ice-12pk,Productivity Drink - Tropical Ice,,5.0,Does what it says on the tin,Tastes amazing and genuinely super productive and clear thinking! Would 100% buy again,2025-01-14T00:00:00Z,2025-01-14T00:00:00Z,,,True,False,,,False,,,,,False
7525174,8400184410420,8400185033012,tropical-ice-12pk,Productivity Drink - Tropical Ice,,5.0,Everyone needs to try this!,Great tasting drink. Makes you feel focused and ready to work without feeling jittery. Would highly recommend.,2025-01-14T00:00:00Z,2025-01-14T00:00:00Z,,,True,False,,,True,,,,,False
7525200,8400184410420,8400185033012,tropical-ice-12pk,Productivity Drink - Tropical Ice,,5.0,Great productivity drink and coffee alternative!,Leaves you feeling awake and focused just as described! Excellent product!,2025-01-14T00:00:00Z,2025-01-14T00:00:00Z,,,True,False,,,False,,,,,False
13647462,8400184410420,15202964930944,productivity-drink-12-cans-strawberry-lemonade,Productivity Drink - Strawberry Lemonade,,5.0,This drink really is something…,This drink really is something different. I don’t like ‘energy’ drinks they taste like chemicals. However Neutonic really does have a great flavour and effect. It allows me to focus into a project and complete tasks productively. My job involves many hours talking and then some working through data and writing documents. Neutonic makes the sat down focused element of my job so much better.  I don’t have them everyday (I guess partly due to cost) but if I know I’ve got something big coming up or having a hard week. I make sure there are some at my desk space. Please make a cherry!,2025-01-13T00:00:00Z,2025-01-13T00:00:00Z,,,True,False,,,False,,,,,False
13647465,8400184410420,15202964930944,productivity-drink-12-cans-strawberry-lemonade,Productivity Drink - Strawberry Lemonade,,5.0,Can’t recommend them enough.,"Bought through Amazon so couldn’t be easier.  Have tried all the flavours now and all are lovely.  Really do notice a boost in energy and focus (that maybe psychological but who cares if it makes you more productive, right?).  Purchase every month. 10/10",2025-01-12T00:00:00Z,2025-01-12T00:00:00Z,,,True,False,,,False,,,,,False
13647463,8400184410420,15202964930944,productivity-drink-12-cans-strawberry-lemonade,Productivity Drink - Strawberry Lemonade,,5.0,Huge advocate from a corporate suit,"Started off using it as a bit of a pick-me-up for the mid-afternoon slump, but now use it earlier in the day for my focus periods of work, and even use it as a bit of a pre-workout too.    Love that it isn't pumped full of nasties like mainstream stuff and feel a more well-rounded focus that a sharp spike for a brief moment like other brands.",2025-01-12T00:00:00Z,2025-01-12T00:00:00Z,,,True,False,,,False,,,,,False
13647466,8400184410420,15202964930944,productivity-drink-12-cans-strawberry-lemonade,Productivity Drink - Strawberry Lemonade,,5.0,I’ve found the drinks and supplements a…,I’ve found the drinks and supplements a great help to get me through my hectic schedule - maintaining a good mood and focused mind 👍👍,2025-01-12T00:00:00Z,2025-01-12T00:00:00Z,,,True,False,,,False,,,,,False
13647468,8400184410420,15202964930944,productivity-drink-12-cans-strawberry-lemonade,Productivity Drink - Strawberry Lemonade,,5.0,Game changer,"Game changer! Absolutely delish, whilst providing clarity, focus, drive and energy. Fantastic product.",2025-01-11T00:00:00Z,2025-01-11T00:00:00Z,,,True,False,,,False,,,,,False
13647474,8400184410420,15202964930944,productivity-drink-12-cans-strawberry-lemonade,Productivity Drink - Strawberry Lemonade,,5.0,Daily non negotiable,A phenomenal drink and alternative to just having a coffee. Can really feel and notice the difference when I genuinely need to get my head down and simply GSD! Monday to Friday it is now a staple in my day for the that post lunch kick to ensure I stay productive all day.,2025-01-11T00:00:00Z,2025-01-11T00:00:00Z,,,True,False,,,False,,,,,False
13647473,8400184410420,15202964930944,productivity-drink-12-cans-strawberry-lemonade,Productivity Drink - Strawberry Lemonade,,5.0,Productivity Winner,"Great product, I use both the brain capsules and the drink and have definitely noticed an improvement in productivity.",2025-01-11T00:00:00Z,2025-01-11T00:00:00Z,,,True,False,,,False,,,,,False
13647476,8400184410420,15202964930944,productivity-drink-12-cans-strawberry-lemonade,Productivity Drink - Strawberry Lemonade,,5.0,Excellent for when I need extra focus,"Excellent for when I need extra focus, e.g. long-distance driving, desk work. Clears my head without a ""buzz"" and I just plough through the work/focus on the road. I've been using Neutonic since it was first launched. Would highly recommend💫",2025-01-11T00:00:00Z,2025-01-11T00:00:00Z,,,True,False,,,False,,,,,False
13647472,8400184410420,15202964930944,productivity-drink-12-cans-strawberry-lemonade,Productivity Drink - Strawberry Lemonade,,5.0,Bloody love it,"It’s delicious, gives me that clarity I need when I’m about to start my work. Top flavours for me are the wild citrus and tropical ice!  Can’t wait till the day where I can pick this up in my local shop.",2025-01-11T00:00:00Z,2025-01-11T00:00:00Z,,,True,False,,,False,,,,,False
13647475,8400184410420,15202964930944,productivity-drink-12-cans-strawberry-lemonade,Productivity Drink - Strawberry Lemonade,,5.0,I was really surprised by these drinks,"I was really surprised by these drinks. My boss gave me one at work, he said he had a reaction to them, and they were excellent. I do find I'm really focused and motivated. I do a desk job, and it really allows me to block out distractions and feel like I want to smash out work. I wouldn't have them regularly, I'm not sure something like this is good to have over and over, although I guess I drink coffee and that's just as bad for me overall. Will buy again",2025-01-11T00:00:00Z,2025-01-11T00:00:00Z,,,True,False,,,False,,,,,False
13647467,8400184410420,15202964930944,productivity-drink-12-cans-strawberry-lemonade,Productivity Drink - Strawberry Lemonade,,5.0,Big fan of the drinks and pills,"Big fan of the drinks and pills, can feel the effect from them when needed and incorporate into my daily routine. Even took some drinks on a trip to Japan recently. Great product",2025-01-11T00:00:00Z,2025-01-11T00:00:00Z,,,True,False,,,False,,,,,False
13647477,8400184410420,15202964930944,productivity-drink-12-cans-strawberry-lemonade,Productivity Drink - Strawberry Lemonade,,5.0,I really am a massive fan of these…,"I really am a massive fan of these drinks. Coffees for pre workout just wasn’t hitting as well as it should before a workout in the mornings, especially when I’d need to do a long run. One of these drinks hit perfect & every time without fail gives me motivation and determination to workout. I really can’t rave about them enough. 🤝",2025-01-11T00:00:00Z,2025-01-11T00:00:00Z,,,True,False,,,False,,,,,False
13647478,8400184410420,15202964930944,productivity-drink-12-cans-strawberry-lemonade,Productivity Drink - Strawberry Lemonade,,5.0,Gives me instant clarity and sharpness…,Gives me instant clarity and sharpness without the highs and low of a cup of coffee. I have this on subscription now. It's been invaluable during long days/nights whilst scaling my business.,2025-01-01T00:00:00Z,2025-01-01T00:00:00Z,,,True,False,,,False,,,,,False
20499545,8400184410420,8799704154420,tropical-ice-12pk-us,Productivity Drink - Tropical Ice [US],,5.0,,Good taste and best results! I’ll buy this over any other energy drinks!,2024-12-09T22:05:45Z,2024-12-09T22:05:45Z,,,False,False,,,False,,,,,False
21304853,8400184410420,8799704154420,tropical-ice-12pk-us,Productivity Drink - Tropical Ice [US],12 Cans,5.0,,Good taste and best results! I’ll buy this over any other energy drinks!,2024-12-09T22:05:45Z,2024-12-09T22:05:45Z,,,True,False,,shop_app,False,,,,,False
13647111,8400184410420,8400185033012,tropical-ice-12pk,Productivity Drink - Tropical Ice,,5.0,Its what you wish energy drinks did,"ive had about 7 cases so far over the last few months, its been a game changer for my focus and weirdly my short term memory actually got better, not placebo, cant fake that haha! 10/10",2024-11-16T00:00:00Z,2024-11-16T00:00:00Z,,,True,False,,,False,,,,,False
13647221,8400184410420,8400185033012,tropical-ice-12pk,Productivity Drink - Tropical Ice,,5.0,Great supplemental drink. Packaging and shipping has been awful,"I’ve now tried all three flavors Orange Sunrise being my favorite. As someone with ADHD this drink has been extremely helpful in helping me focus and also does a great job of keeping me from fog eating. My only complaint is packaging and shipping.    This is the fourth time I have received this product from Amazon. So that’s 48 cans to my account. I’ve had four cans that didn’t look like the picture in this review. In my opinion, that’s the only thing keeping me from giving it five stars.",2024-10-18T00:00:00Z,2024-10-18T00:00:00Z,,,True,False,,,False,,,,,False
13647112,8400184410420,8400185033012,tropical-ice-12pk,Productivity Drink - Tropical Ice,,5.0,Helps me focus on Calculus,"I am going back to school and working full time. It's hard to always ""get in the zone."" Especially when I am stressing about all the work left to be done at 10pm on a friday night.  Neutonic helps me get into the zone.  The caffeine gives me the energy to start the work and the cognizin and l-theanine really help me stay there without jitters or anxiety (which I have from time to time.)  This isn't some miracle cure for my attention but it allows me to have a sense of play when studying calculus or data structures. I have the energy to think out loud and repeat the solutions and upload them into my working memory. Most of the time I'm rushing to finish but with Neutonic it takes the edge off just enough for me to forget time and space and exist in the task at hand.  I really like the newer formula taste, I'm not sure if it was the rhodiola rosea but it used to have more of an after taste, it wasn't bad but just a little more stark compared to your normal fruity sweet supplement drinks.  Now it has a much more balanced taste and is honestly quite sweet (i love the sugar free revolution.)  I appreciate what Chris and James have done, I'm glad to have something that is more sustainable and effective than redbull.",2024-10-05T00:00:00Z,2024-10-05T00:00:00Z,,,True,False,,,False,,,,,False
13647113,8400184410420,8400185033012,tropical-ice-12pk,Productivity Drink - Tropical Ice,,5.0,Legit improves productivity,"Bought this product after looking at influencers in youtube. Was skeptical at first, but tried few cans and it improves my productivity and keeps me focused throughout the day. Love that it only has 120mg caffeine unlike other brands which have like 200mg, so it doesn't affect my sleep too.",2024-09-28T00:00:00Z,2024-09-28T00:00:00Z,,,True,False,,,False,,,,,False
13647115,8400184410420,8400185033012,tropical-ice-12pk,Productivity Drink - Tropical Ice,,5.0,AMAZING!!!,Im on a mission to find the best Neutropic and this stuff works great I really do feel sharper and more focused after drinking these. They are expensive but I think they work great,2024-09-23T00:00:00Z,2024-09-23T00:00:00Z,,,True,False,,,False,,,,,False
13647116,8400184410420,8400185033012,tropical-ice-12pk,Productivity Drink - Tropical Ice,,5.0,Neutonic,Enjoying these. The orange is my favorite. Does help with energy and focus. Impressive ingredients.,2024-09-21T00:00:00Z,2024-09-21T00:00:00Z,,,True,False,,,False,,,,,False
13647118,8400184410420,8400185033012,tropical-ice-12pk,Productivity Drink - Tropical Ice,,5.0,I actually feel it,These things are great! I was genuinely surprised with how focused I felt the first time I tried it. Super tasty with a clean ingredient label and efficacious dosages of all the focus aids.,2024-09-10T00:00:00Z,2024-09-10T00:00:00Z,,,True,False,,,False,,,,,False
13647119,8400184410420,8400185033012,tropical-ice-12pk,Productivity Drink - Tropical Ice,,5.0,WOW! From a skeptic,"I’ll preface this by saying I’ve not tired a lot of energy drinks. I’m a novice in that space. I’ve had a Celsius before and a few random preworkout drinks but I bought Neutonic for the mental focus benefits. I’ve tried all the stinky mushroom coffees and they were trash. BUT THIS STUFF 🤯 WOW! First of all the flavor is 10/10! Delicious actually! The amount of caffeine isn’t going to give me a heart attack and I can actually drink it after lunch if I want to. Zero jitters and I’m still sleeping at night. Best of all, it helps me to focus! I’m a mid life lady and my perimenopause ADHD is on full blast! Overdrive! I’ve been struggling to stary on task, especially if I have to sit down at my computer and write or study something. Every single time I drink this I’m shocked and I can’t help but message someone and say ""I can’t believe it works!"" I don’t drink it everyday because I’m scared I’ll get used to it ( that’s not real science) so I save them for days I really need to buckle down! Highly recommend!",2024-09-02T00:00:00Z,2024-09-02T00:00:00Z,,,True,False,,,False,,,,,False
20499555,8400184410420,8400184410420,orange-sunrise-productivity-drink,Productivity Drink - Orange Sunrise,,5.0,,Love the taste and it keeps you focused without the giving you the jitters lol,2024-08-24T18:01:40Z,2024-08-24T18:01:40Z,,,False,False,,,False,,,,,False
21304839,8400184410420,8400184410420,orange-sunrise-productivity-drink,Productivity Drink - Orange Sunrise,12 Cans,5.0,,Love the taste and it keeps you focused without the giving you the jitters lol,2024-08-24T18:01:40Z,2024-08-24T18:01:40Z,,,True,False,,shop_app,False,,,,,False
13647224,8400184410420,8400185033012,tropical-ice-12pk,Productivity Drink - Tropical Ice,,5.0,"Great formula, not so great taste",The formula of this energy/productivity drink is very impressive and worked well to get me thru my online classes and busy days. The only downside is the taste wasn’t that great but it was expected for me considering the ingredients it has and I’m sure aren’t so easy to flavor. But overall a very solid drink for those with ADHD like myself or for those looking for a more natural and focus based energy drink,2024-08-23T00:00:00Z,2024-08-23T00:00:00Z,,,True,False,,,False,,,,,False
13647220,8400184410420,8400185033012,tropical-ice-12pk,Productivity Drink - Tropical Ice,,5.0,"Love the Focus, Hate the Aftertaste","I finished a case of both the Tropical Ice and Orange Sunrise and can confidently say the energy you get from this drink is very clean and supports focus more than your typical caffeinated beverage of choice. I replaced coffee with this and love how quickly I can get to work and stay focused for longer.    HOWEVER. Only 4 stars because the aftertaste is the most bizarre and annoying aftertaste I’ve ever encountered. It has to be from whatever artificial sweetener they use which usually isn't a big deal to me… but it doesn’t hit you while you’re drinking the drink or even right after. I taste it 1-2 hours after drinking it. Even after eating lunch, the aftertaste is still there.    I really hope Chris and the team fix this issue because everything else about the drink is amazing!",2024-08-16T00:00:00Z,2024-08-16T00:00:00Z,,,True,False,,,False,,,,,False
21304838,8400184410420,8400185033012,tropical-ice-12pk,Productivity Drink - Tropical Ice,,5.0,,"The genuine article.   I was skeptical about trying this but thought I'd give it a go, and I'm fully convinced. I don't know if it's a placebo, but it works! After drinking I feel sharper without too much of a buzz. Ideal for when you need to concentrate on work and smash something out over 90 minutes.  Finished my first caee and followed up by ordering 3 more.",2024-08-15T10:01:46Z,2024-08-15T10:01:46Z,,,True,False,,shop_app,False,,,,,False
20499579,8400184410420,8400185033012,tropical-ice-12pk,Productivity Drink - Tropical Ice,,5.0,,"The genuine article.   I was skeptical about trying this but thought I'd give it a go, and I'm fully convinced. I don't know if it's a placebo, but it works! After drinking I feel sharper without too much of a buzz. Ideal for when you need to concentrate on work and smash something out over 90 minutes.  Finished my first caee and followed up by ordering 3 more.",2024-08-15T10:01:46Z,2024-08-15T10:01:46Z,,,False,False,,,False,,,,,False
13647122,8400184410420,8400185033012,tropical-ice-12pk,Productivity Drink - Tropical Ice,,5.0,There’s a major difference,"I wanted something that was going to level throughout my entire day (In school , trading/ finance, accounting for work, gym time , reading my books). Yes, I do all that in a routine everyday . I felt my brain was getting scrambled and at time found myself with brain fog or no desire to deep dive for information to answer a simple question. This stuff really puts me in a narrow focus and discipline to get one task completed at a time. I hardly get any brain fog at all. I just don’t like the Orange sunrise taste. It has a slight coconut taste to it.",2024-08-12T00:00:00Z,2024-08-12T00:00:00Z,,,True,False,,,False,,,,,False
13647123,8400184410420,8400185033012,tropical-ice-12pk,Productivity Drink - Tropical Ice,,5.0,The conscious athlete's go to,For:  - workouts  - office work  - art projects    This drink powers it all. And it's flavor profile is good.    The nootropics with 120mg caffeine is the sweet spot. Other drinks try to confuse you with caffeine content that is 3x.    This replaces my old coffee habit.,2024-07-28T00:00:00Z,2024-07-28T00:00:00Z,,,True,False,,,False,,,,,False
21304833,8400184410420,8400184672564,wild-citrus-productivity-drink,Productivity Drink - Wild Citrus,12 Cans,5.0,,"Love this product, I have ordered it regularly since it came out. It really helps to focus the mind and ‘switch it on’. Great for productivity",2024-07-24T17:36:51Z,2024-07-24T17:36:51Z,,,True,False,,shop_app,False,,,,,False
20499570,8400184410420,8400184672564,wild-citrus-productivity-drink,Productivity Drink - Wild Citrus,,5.0,,"Love this product, I have ordered it regularly since it came out. It really helps to focus the mind and ‘switch it on’. Great for productivity",2024-07-24T17:36:51Z,2024-07-24T17:36:51Z,,,False,False,,,False,,,,,False
20499528,8400184410420,8400185033012,tropical-ice-12pk,Productivity Drink - Tropical Ice,,5.0,,"Delicious, and also works exactly as advertised. I have more energy and feel a lot more awake than I do when drinking energy drinks",2024-07-19T13:34:10Z,2024-07-19T13:34:10Z,,,False,False,,,False,,,,,False
13647218,8400184410420,8400185033012,tropical-ice-12pk,Productivity Drink - Tropical Ice,,5.0,I like it!,"I like the product!    A lot of the cans came with minor dents around the top, even the interior ones, as well as scruffs which cast a bit of doubt whether that's from manufacturer or delivery    I've had a number of cans mildly explode when opening, even after they've been sitting for some time unmoved for hours. Not sure if that has to do with the minor dents or not - also, something in the drink makes this pretty foamy when it does this. Had four cans so far and maybe one has opened without this issue - it's a bummer to lose 10% of the drink onto the table or floor    It'd be great if they added a description for the different flavors more than just the name, ended up trying to find a better review on YouTube or Reddit. Not a fan of likes and don't know whether that's in the citrus variant or now",2024-07-18T00:00:00Z,2024-07-18T00:00:00Z,,,True,False,,,False,,,,,False
20499567,8400184410420,8400185033012,tropical-ice-12pk,Productivity Drink - Tropical Ice,,5.0,,Super tasty and definitely get a fresh mind after having it! Recommend,2024-07-17T17:27:39Z,2024-07-17T17:27:39Z,,,False,False,,,False,,,,,False
20499571,8400184410420,8400184672564,wild-citrus-productivity-drink,Productivity Drink - Wild Citrus,,5.0,,Superb product. Great for remaining focussed on key tasks and also tastes amazing,2024-07-10T14:59:37Z,2024-07-10T14:59:37Z,,,False,False,,,False,,,,,False
21304830,8400184410420,8400184672564,wild-citrus-productivity-drink,Productivity Drink - Wild Citrus,12 Cans,5.0,,Superb product. Great for remaining focussed on key tasks and also tastes amazing,2024-07-10T14:59:37Z,2024-07-10T14:59:37Z,,,True,False,,shop_app,False,,,,,False
21304823,8400184410420,8400184410420,orange-sunrise-productivity-drink,Productivity Drink - Orange Sunrise,12 Cans,5.0,,Amazing flavour and came really quick 10/10,2024-06-06T15:32:06Z,2024-06-06T15:32:06Z,,,True,False,,shop_app,False,,,,,False
21304822,8400184410420,8400184410420,orange-sunrise-productivity-drink,Productivity Drink - Orange Sunrise,12 Cans,5.0,,Great tasting product particularly the citrus flavour. Not bad priced in comparison to competitors and definitely felt and tasted clean rather than full of junk.,2024-06-02T14:37:27Z,2024-06-02T14:37:27Z,,,True,False,,shop_app,False,,,,,False
21304821,8400184410420,8400184410420,orange-sunrise-productivity-drink,Productivity Drink - Orange Sunrise,12 Cans,5.0,,Great taste Felt energised and focused,2024-05-31T17:53:33Z,2024-05-31T17:53:33Z,,,True,False,,shop_app,False,,,,,False
13647124,8400184410420,8400185033012,tropical-ice-12pk,Productivity Drink - Tropical Ice,,5.0,Afternoon boost!,Tastes great and gives me a light afternoon boost. I love the natural ingredients and no jitters.,2024-05-10T00:00:00Z,2024-05-10T00:00:00Z,,,True,False,,,False,,,,,False
13647125,8400184410420,8400185033012,tropical-ice-12pk,Productivity Drink - Tropical Ice,,5.0,Wonderful!!,Need to get some work cranked out? Open up a can and get after it!! Amazing when you need to crank through work.,2024-05-02T00:00:00Z,2024-05-02T00:00:00Z,,,True,False,,,False,,,,,False
13647127,8400184410420,8400185033012,tropical-ice-12pk,Productivity Drink - Tropical Ice,,5.0,"Tastes great, feels great.",This product tastes great and feels great.,2024-04-21T00:00:00Z,2024-04-21T00:00:00Z,,,True,False,,,False,,,,,False
21304810,8400184410420,8400184672564,wild-citrus-productivity-drink,Productivity Drink - Wild Citrus,12 Cans,5.0,,"Tastes great, not an energy drink but does have caffeine and there's no crash, has claims to help focus, it may be placebo but doesn't do any harm and my daughter with ADHD says she feels better after drinking it",2024-04-19T07:03:05Z,2024-04-19T07:03:05Z,,,True,False,,shop_app,False,,,,,False
21304809,8400184410420,8400184410420,orange-sunrise-productivity-drink,Productivity Drink - Orange Sunrise,12 Cans,5.0,,Great taste  Bang tidy branding,2024-04-18T10:02:31Z,2024-04-18T10:02:31Z,,,True,False,,shop_app,False,,,,,False
13647128,8400184410420,8400185033012,tropical-ice-12pk,Productivity Drink - Tropical Ice,,5.0,amazing taste and everyone loves it!,This item is so popular at my office and everyone lives off the drinks !,2024-04-16T00:00:00Z,2024-04-16T00:00:00Z,,,True,False,,,False,,,,,False
21304805,8400184410420,8400184410420,orange-sunrise-productivity-drink,Productivity Drink - Orange Sunrise,12 Cans,5.0,,Excellent product and delivery,2024-04-11T12:07:17Z,2024-04-11T12:07:17Z,,,True,False,,shop_app,False,,,,,False
21304804,8400184410420,8400185033012,tropical-ice-12pk,Productivity Drink - Tropical Ice,,5.0,,Excellent product and delivery,2024-04-11T12:07:05Z,2024-04-11T12:07:05Z,,,True,False,,shop_app,False,,,,,False
21304803,8400184410420,8400184672564,wild-citrus-productivity-drink,Productivity Drink - Wild Citrus,12 Cans,5.0,,Excellent product and delivery,2024-04-11T12:06:37Z,2024-04-11T12:06:37Z,,,True,False,,shop_app,False,,,,,False
21304802,8400184410420,8400184410420,orange-sunrise-productivity-drink,Productivity Drink - Orange Sunrise,12 Cans,5.0,,Excellent product and great delivery,2024-04-11T12:06:21Z,2024-04-11T12:06:21Z,,,True,False,,shop_app,False,,,,,False
13647129,8400184410420,8400185033012,tropical-ice-12pk,Productivity Drink - Tropical Ice,,5.0,"Good taste, ample energy and focus","Tastes good and left me feeling alert, focused, and energized. Definitely worth the money for me.",2024-04-10T00:00:00Z,2024-04-10T00:00:00Z,,,True,False,,,False,,,,,False
13647130,8400184410420,8400185033012,tropical-ice-12pk,Productivity Drink - Tropical Ice,,5.0,Most healthy and great tasting energy drink ever had,This drink was more like a liquid vitamin supplement. There is no high energy leaving you hyper then dropping you down like most energy drinks . Instead it is smooth and sustained brain focus and wakefulness. Great product good tasting and does give you focus.  Please restock soon.,2024-04-09T00:00:00Z,2024-04-09T00:00:00Z,,,True,False,,,False,,,,,False
21304798,8400184410420,8400184410420,orange-sunrise-productivity-drink,Productivity Drink - Orange Sunrise,12 Cans,5.0,,They’re actually really good only got the orange ones but the taste unbelievable and I don’t feel to crash off them,2024-04-05T22:17:37Z,2024-04-05T22:17:37Z,,,True,False,,shop_app,False,,,,,False
13647219,8400184410420,8400185033012,tropical-ice-12pk,Productivity Drink - Tropical Ice,,5.0,Taste amazing but I'm not sure about the benefits,"I was surprised by how good these tasted, the tropical ice was sort of like a grapefruit guava citrus flavor and super nice. Some of my cans came dented but it wasn't the end of the world as I was able to open them fine. As far as the relaxation or the productivity benefits go I'm not sure how much I can say about that. I was surprised by how wired this drink made me felt despite only having 120 mg of caffeine. Unfortunately that wasn't necessarily a positive. I usually drink 200mg of caffeine in Gorilla Mind Energy Drinks or Pre-workout and it can get me wired sometimes so I didn't expect that from this one especially with the L-theanine. I have super bad ADHD and I was hoping for some benefit in regards to focus and productivity but unfortunately I didn't really notice any. I do really appreciate how much work and thought Chris Williamson and James Smith put into this product though, especially watching James Smith talk about his motives made me really appreciate this product. They nailed the flavor, and when I have money to burn I would consider reordering this product, but functionally, it is not worth the price tag in my opinion.",2024-04-02T00:00:00Z,2024-04-02T00:00:00Z,,,True,False,,,False,,,,,False
13647131,8400184410420,8400185033012,tropical-ice-12pk,Productivity Drink - Tropical Ice,,5.0,Definitely more focused,Noticeably dialed in on tasks when I drink this. And it tastes fantastic!!,2024-03-26T00:00:00Z,2024-03-26T00:00:00Z,,,True,False,,,False,,,,,False
21304875,8400184410420,8400184410420,orange-sunrise-productivity-drink,Productivity Drink - Orange Sunrise,12 Cans,5.0,,Best all in one before training 🙌🏽,2025-04-26T10:29:44Z,2025-04-26T10:29:44Z,,,True,False,,shop_app,False,,,,,False
8824800,8400184410420,8758066053428,orange-sunrise-12-pack-us,Productivity Drink - Orange Sunrise [US],12 Cans,5.0,Excellent,I love this stuff; it is my new daily go-to.,2025-03-29T18:54:31.100247Z,2025-03-29T18:54:31.100276Z,2025-03-18T12:16:55Z,11.3,True,False,,,False,,,,,False
13647104,8400184410420,8400185033012,tropical-ice-12pk,Productivity Drink - Tropical Ice,,5.0,Mystical magical stuff.,Absolutely works like magic.,2025-03-01T00:00:00Z,2025-03-01T00:00:00Z,,,True,False,,,False,,,,,False
21304859,8400184410420,8400184410420,orange-sunrise-productivity-drink,Productivity Drink - Orange Sunrise,12 Cans,5.0,,Great product for great productivity,2025-02-22T19:30:05Z,2025-02-22T19:30:05Z,,,True,False,,shop_app,False,,,,,False
20499595,8400184410420,8400184410420,orange-sunrise-productivity-drink,Productivity Drink - Orange Sunrise,,5.0,,Great product for great productivity,2025-02-22T19:30:05Z,2025-02-22T19:30:05Z,,,False,False,,,False,,,,,False
7525196,8400184410420,8400185033012,tropical-ice-12pk,Productivity Drink - Tropical Ice,,5.0,Delicious,Tastes incredible. Not too carbonated which made it more digestible.,2025-01-17T15:22:23.602899Z,2025-01-17T15:22:23.602899Z,,,True,False,,,False,,,,,False
13647223,8400184410420,8400185033012,tropical-ice-12pk,Productivity Drink - Tropical Ice,,5.0,Unfortunate after taste,Wanted to love this but unfortunately it has a bit of an unpleasant aftertaste; love Monster energy drinks but searching for an alternative that’s better for consumption! Definitely won’t be ordering Neutronic again👎🏾,2025-01-17T00:00:00Z,2025-01-17T00:00:00Z,,,True,False,,,False,,,,,False
7525122,8400184410420,8400185033012,tropical-ice-12pk,Productivity Drink - Tropical Ice,,5.0,Tastes delicious!,"It literally tastes like a nicer San Pellegrino Limonata (nowhere near as sweet, which is definitely a positive & a lot cleaner to drink).It definitely made me feel more focused as well.I recommend everyone to give it a go :)",2025-01-14T00:00:00Z,2025-01-14T00:00:00Z,,,True,False,,,True,,,,,False
7525134,8400184410420,8400185033012,tropical-ice-12pk,Productivity Drink - Tropical Ice,,5.0,Tastes good and works.,Gives me abit of a focusing kick. Definitely switching from monster to this.,2025-01-14T00:00:00Z,2025-01-14T00:00:00Z,,,True,False,,,False,,,,,False
13647469,8400184410420,15202964930944,productivity-drink-12-cans-strawberry-lemonade,Productivity Drink - Strawberry Lemonade,,5.0,Bought over £200 worth of neutonic…,"Bought over £200 worth of neutonic since it came out, please please make a caffeine free version it’s the only thing stopping me spending more money on it lol. Great drink great focus even works for a pre workout. Citrus flavour is the best one by far",2025-01-11T00:00:00Z,2025-01-11T00:00:00Z,,,True,False,,,False,,,,,False
21304849,8400184410420,8400184410420,orange-sunrise-productivity-drink,Productivity Drink - Orange Sunrise,12 Cans,5.0,,Awesome product. Works great! Would love to see more flavours,2024-11-22T17:51:52Z,2024-11-22T17:51:52Z,,,True,False,,shop_app,False,,,,,False
20499565,8400184410420,8400184410420,orange-sunrise-productivity-drink,Productivity Drink - Orange Sunrise,,5.0,,Awesome product. Works great! Would love to see more flavours,2024-11-22T17:51:52Z,2024-11-22T17:51:52Z,,,False,False,,,False,,,,,False
20499642,8400184410420,8400185033012,tropical-ice-12pk,Productivity Drink - Tropical Ice,,5.0,,Awesome product. Arrived fast too.,2024-07-27T20:58:20Z,2024-07-27T20:58:20Z,,,False,False,,,False,,,,,False
21304831,8400184410420,8400184410420,orange-sunrise-productivity-drink,Productivity Drink - Orange Sunrise,12 Cans,5.0,,All had a great taste compared to some energy drinks,2024-07-16T20:14:30Z,2024-07-16T20:14:30Z,,,True,False,,shop_app,False,,,,,False
20499552,8400184410420,8400184410420,orange-sunrise-productivity-drink,Productivity Drink - Orange Sunrise,,5.0,,All had a great taste compared to some energy drinks,2024-07-16T20:14:30Z,2024-07-16T20:14:30Z,,,False,False,,,False,,,,,False
21304820,8400184410420,8400184672564,wild-citrus-productivity-drink,Productivity Drink - Wild Citrus,12 Cans,5.0,,Disappointed that they only had one flavour in stock after ordering one of each but definitely will be buying these again,2024-05-24T10:01:04Z,2024-05-24T10:01:04Z,,,True,False,,shop_app,False,,,,,False
21304816,8400184410420,8400185033012,tropical-ice-12pk,Productivity Drink - Tropical Ice,,5.0,,Top quality product,2024-05-01T17:10:32Z,2024-05-01T17:10:32Z,,,True,False,,shop_app,False,,,,,False
21304806,8400184410420,8400185033012,tropical-ice-12pk,Productivity Drink - Tropical Ice,,5.0,,Bought to try for focus. Love it! Does what it says on the tin. Just ordered 3x more cases !,2024-04-12T14:20:06Z,2024-04-12T14:20:06Z,,,True,False,,shop_app,False,,,,,False
13647132,8400184410420,8400185033012,tropical-ice-12pk,Productivity Drink - Tropical Ice,,5.0,It makes a real difference,"I was very unsure that this drink would make much of a difference. But after having one I can say through real experience this drink makes a huge positive impact on my productivity.that is something I didn’t think I would be saying about the affects of this drink . I spent a week replacing my coffee with this drink , however I found I like having my coffee and then maybe 2 hours later I will have this drink to get the work day fired up . My family member who is a lot more adhd brain , said he didn’t feel so much of the effect as I did . So maybe this drink isn’t so potent on these aspect however I encourage a trial period . It honestly is a good thing to add to your daily grind everyone !",2024-03-23T00:00:00Z,2024-03-23T00:00:00Z,,,True,False,,,False,,,,,False
21304792,8400184410420,8400184672564,wild-citrus-productivity-drink,Productivity Drink - Wild Citrus,12 Cans,5.0,,I wish the shipping was cheaper or you stocked in Aus somewhere the shipping makes it to expensive for me to buy again and I love the product,2024-03-20T23:31:18Z,2024-03-20T23:31:18Z,,,True,False,,shop_app,False,,,,,False
13647133,8400184410420,8400185033012,tropical-ice-12pk,Productivity Drink - Tropical Ice,,5.0,I don't normally leave reviews,I don't normally leave reviews for anything but THIS! This is the best energy/productivity drink I've ever had. Dosed with the best ingredients I freaking love it. And to the people complaining about Sucralose and slamming a bottle of wine every night... really? 🤣,2024-03-17T00:00:00Z,2024-03-17T00:00:00Z,,,True,False,,,False,,,,,False
13647225,8400184410420,8400185033012,tropical-ice-12pk,Productivity Drink - Tropical Ice,,5.0,Product: good. Delivery delays: bad.,"The product itself is fantastic; flavor is spot-on, the immediate effects on perceived energy and cognitive performance are top-notch.... unfortunately, the shipping standards have slipped and this product is going to be the one to carry my complaint......prime delivery has become something of a bad joke.... estimated delivery dates are arbitrary dates rather than the result of any sort of estimating....delivery dates are pushed back repeatedly, always with the gracious offer to simply cancel (sunk cost!)....this drink is worth a wait, but supply and delivery issues have made me hope for alternatives to Amazon...",2024-03-11T00:00:00Z,2024-03-11T00:00:00Z,,,True,False,,,False,,,,,False
13647135,8400184410420,8400185033012,tropical-ice-12pk,Productivity Drink - Tropical Ice,,5.0,"After Trying 20+ Drinks, This is THE Best Energy/Focus Drink I've Ever Tried...","Package came within 20 hours of ordering which was mind-blowing, I couldn't even wait to refrigerate a can before trying. Flavor was amazing, even though it was room temperature, the light carbonation made it feel EXACTLY like a tonic water. Paired with an 8 oz. iced coffee about an hour prior, I had the most powerful ability to communicate and articulate my thoughts, especially complex ones. Felt a very calm yet energy-full buzz for 6.5 or so hours after taking, and no crash, just a gentle, slow decrease in the superhuman abilities I had after drinking. Truly never thought I'd be saying this but will be buying EVERY flavor, using only on days where I want that extreme ease of focus and energy, and will be giving to my friends to try over their current energy/focus drinks to get them on the Neutonic wave.",2024-03-07T00:00:00Z,2024-03-07T00:00:00Z,,,True,False,,,False,,,,,False
13647136,8400184410420,8400185033012,tropical-ice-12pk,Productivity Drink - Tropical Ice,,5.0,Yummy and effective!,I am a bit of a James Smith groupie so of course I had to try his latest venture and it did not disappoint. I am not a fan of energy drinks but this is so much better and the taste is great. Alertness without the hyperness and caffeine crash.,2024-01-31T00:00:00Z,2024-01-31T00:00:00Z,,,True,False,,,False,,,,,False
13647137,8400184410420,8400185033012,tropical-ice-12pk,Productivity Drink - Tropical Ice,,5.0,AMAZING Feeling and Focus,"This beverage was really good…for energy, focus and kind of a stabilizing feeling! I have been trying to reorder and it is still out of stock!!! 😞",2024-01-28T00:00:00Z,2024-01-28T00:00:00Z,,,True,False,,,False,,,,,False
13647139,8400184410420,8400185033012,tropical-ice-12pk,Productivity Drink - Tropical Ice,,5.0,The best… period,I’ve tried several different drinks with caffeine and some are bitter and some are beyond unhealthy. As well I’ve tried brain enhancing supplements which are great products but this drink is an incredibly delicious beverage while providing all the benefits of those supplements. I can’t recommend this product enough for literally everyone. There are an exorbitant amount of upsides to this product and it tastes fantastic as well. 10/10,2024-01-08T00:00:00Z,2024-01-08T00:00:00Z,,,True,False,,,False,,,,,False
13647142,8400184410420,8400185033012,tropical-ice-12pk,Productivity Drink - Tropical Ice,,5.0,Probably one of the best energy drinks I've had,"The flavor was surprisingly good. I gave one to several people I know who all like energy drinks and all of us we're surprised.    I'm not sure if it does all or claims to do, but I felt noticably better and more focused for the next hour or so after each I drank",2024-01-04T00:00:00Z,2024-01-04T00:00:00Z,,,True,False,,,False,,,,,False
13647144,8400184410420,8400185033012,tropical-ice-12pk,Productivity Drink - Tropical Ice,,5.0,Actually Helps with Focus!,"I like that it is made with as pure / quality ingredients as feasible. I also like that it doesn't have an absurd amount of caffeine. I drink one of these after my light lunch (that's usually when I get sluggish), and it really does help with mental clarity and focus. I am very tolerant to caffeine, so it doesn't give me any kind of jitters or bad side affects. It's a bit spendy, but definitely cheaper than me sourcing all of these nootropics on my own and making my own concoction!",2024-01-03T00:00:00Z,2024-01-03T00:00:00Z,,,True,False,,,False,,,,,False
13647145,8400184410420,8400185033012,tropical-ice-12pk,Productivity Drink - Tropical Ice,,5.0,Neutonic checks all the boxes,"Been a heavy coffee drinker for years to get through the day and try to focus. I tried Neutonic and loved it; it allowed me to focus better and didn’t have the afternoon drop that coffee normally gives me. Plus, you can’t beat all the natural nootropics and vitamins Neutonic boasts over coffee. Definitely switching to using this over coffee when I need that focus and uplift to get my work done.",2024-01-02T00:00:00Z,2024-01-02T00:00:00Z,,,True,False,,,False,,,,,False
13647150,8400184410420,8400185033012,tropical-ice-12pk,Productivity Drink - Tropical Ice,,5.0,Helped me pass calculus and statistics,I had a very math heavy semester (calculus and statistics) and looked for anything that would give me an edge during studying or during tests. Neutonic helped me focus and I was able to finish with an A in both those classes! And it helps that they taste amazing. I've tried the tropical ice and citrus and I love them both.,2023-12-31T00:00:00Z,2023-12-31T00:00:00Z,,,True,False,,,False,,,,,False
13647146,8400184410420,8400185033012,tropical-ice-12pk,Productivity Drink - Tropical Ice,,5.0,Enjoying the wake-up,"Love the flavor, love the effects. Doesn't make me too jittery and overflowing in energy like a Monster, but still wakes me up. Can't wait for them to be back in stock",2023-12-31T00:00:00Z,2023-12-31T00:00:00Z,,,True,False,,,False,,,,,False
21304786,8400184410420,8400184672564,wild-citrus-productivity-drink,Productivity Drink - Wild Citrus,12 Cans,5.0,,Its a taste sensation that gives me that bit extra to crack on and finish that project,2023-12-14T14:53:37Z,2023-12-14T14:53:37Z,,,True,False,,shop_app,False,,,,,False
13647156,8400184410420,8400185033012,tropical-ice-12pk,Productivity Drink - Tropical Ice,,5.0,No jitters,This drink was great. I typically stay away from energy drinks due to the awful stuff they put in them and how they can make me jittery on occasion. I was easily able to focus and get my work done after drinking this without having a crash. Also tastes great.,2023-12-07T00:00:00Z,2023-12-07T00:00:00Z,,,True,False,,,False,,,,,False
13647214,8400184410420,8400185033012,tropical-ice-12pk,Productivity Drink - Tropical Ice,,5.0,Just buy more,"Not sure if I prefer the citrus or tropical ice better both are awesome, what I will say is I was pissed when they sold out!! This stuff is fire!! No crash no jitters and actually helped reduce the amount and coffees I drink daily and therefore sugar I’ve dropped 2-3 cups a day  I’m in sales and working from home has slowly become harder and harder to concentrate I’ve become less productive, since using these the focus is way higher.",2023-12-01T00:00:00Z,2023-12-01T00:00:00Z,,,True,False,,,False,,,,,False
13647140,8400184410420,8400185033012,tropical-ice-12pk,Productivity Drink - Tropical Ice,,5.0,Does what you want it to do,"I’m a university student studying engineering and some days I need a little boost to stay concentrated and motivated. I maybe drink energy drinks 1-2 times a week so I thought I’d replace my normal red bull with this guy. Wow, what a difference this drink makes. My long study sessions become more enjoyable and I slowly taper off the effects without a crash after 2 hours about. The taste is great, but that’s not hard to find in other drinks honestly.    The biggest reason I’m leaving this review is because I consumed one 10 minutes before an interview for a national engineering firm for a summer internship. I felt bright and alive and crushed the interview. I got the position! I’m not giving all the credit to this drink, I had to prepare for this role for years… but I believe it gave me the right nudge to present as my best self. Good stuff.",2023-11-23T00:00:00Z,2023-11-23T00:00:00Z,,,True,False,,,False,,,,,False
13647154,8400184410420,8400185033012,tropical-ice-12pk,Productivity Drink - Tropical Ice,,5.0,Tastes great without the downsides of sugary energy drinks,Love the citrus drink. James Smith has helped me achieve long term weight loss with the information he puts out so I had no doubts this drink would measure up to what he claimed. I’ll be purchasing another case if it comes back in stock hopefully snag an orange one next time to try.,2023-11-20T00:00:00Z,2023-11-20T00:00:00Z,,,True,False,,,False,,,,,False
21304783,8400184410420,8400184410420,orange-sunrise-productivity-drink,Productivity Drink - Orange Sunrise,12 Cans,5.0,,"Delicious and highly effective - more so than any energy drink on the market. I feel very alert and awake, and am able to focus more and for longer.",2023-11-16T19:55:22Z,2023-11-16T19:55:22Z,,,True,False,,shop_app,False,,,,,False
21304782,8400184410420,8400184672564,wild-citrus-productivity-drink,Productivity Drink - Wild Citrus,12 Cans,5.0,,Delicious and got me zoned in to the most productive 6 hours of my life. Did what would be a weeks worth of work 12 months ago. Thanks ,2023-11-15T22:51:08Z,2023-11-15T22:51:08Z,,,True,False,,shop_app,False,,,,,False
13647217,8400184410420,8400185033012,tropical-ice-12pk,Productivity Drink - Tropical Ice,,5.0,I've noticed a difference,"I will be the first to admit that I I'm usually quite skeptical about products like these. I also have a previous professional relationship with one of the creators, so I'm not totally unbiased either. That said I have noticed a difference over the past two weeks of using Neutonic. My thoughts feel sharper and quicker for a few hours after drinking a can. I work in a sales position where creative problem solving is critical to success and I've found this helps me solve problems faster. At times I catch myself thinking too fast, which may be down to the amount of caffeine I consume before having a can of Neutonic. I usually have a double shot of espresso around 8am, and about an hour later have a standard cup of drip coffee. This replaced the drip coffee in my routine and it is perhaps too much caffeine.    The flavor is good, although I could do without the artificial sweeteners. I have never found them necessary in a beverage like this, although I do not know what it would taste like without them. Overall I do like Neutonic and will continue to purchase it despite the price point being slightly higher than I'd like.",2023-11-15T00:00:00Z,2023-11-15T00:00:00Z,,,True,False,,,False,,,,,False
21304780,8400184410420,8400184410420,orange-sunrise-productivity-drink,Productivity Drink - Orange Sunrise,12 Cans,5.0,,"😍 really tastie, I can see the difference in production on a daily basis also. Even if I didn't notice the difference, the taste is too good 😋. It's worth a buy 💯%. ",2023-11-11T08:43:16Z,2023-11-11T08:43:16Z,,,True,False,,shop_app,False,,,,,False
13647148,8400184410420,8400185033012,tropical-ice-12pk,Productivity Drink - Tropical Ice,,5.0,Amazing health focused energy drink,"I'm a huge fan of this product! You can tell the creators put a ton of effort into creating something both effective, good tasting, and not detrimental to your health like so many energy/focus drinks are. I'll be adding this to my auto-orders for the foreseeable future. Thanks Chris #ModernWisom    My only critique is the tab to open the can is difficult to get your finger under with no nails/bigger fingers.",2023-11-11T00:00:00Z,2023-11-11T00:00:00Z,,,True,False,,,False,,,,,False
13647155,8400184410420,8400185033012,tropical-ice-12pk,Productivity Drink - Tropical Ice,,5.0,"If you like the original Full Throttle drinks, try this.",Love the flavor….absolutely love it. I think James and his team really nailed it with this drink. The focus effects are great and so far seems to have no crash that comes after. Very clean and subtle energy that doesn’t slap you in the face or give you anything close to jitters.,2023-11-10T00:00:00Z,2023-11-10T00:00:00Z,,,True,False,,,False,,,,,False
13647215,8400184410420,8400185033012,tropical-ice-12pk,Productivity Drink - Tropical Ice,,5.0,Great taste & Effective,"I was a bit skeptical when Chris announced it but I wanted to support him because he seems like a solid guy and I liked the idea of the product. This drink exceeded my expectations. It tastes great and I definitely notice a positive effect with energy and mood with no crash or uncomfortable highs. Great job Chris & James, this is my new go to drink that will have me quitting red bull for good 💪🏻",2023-11-09T00:00:00Z,2023-11-09T00:00:00Z,,,True,False,,,False,,,,,False
13647212,8400184410420,8400185033012,tropical-ice-12pk,Productivity Drink - Tropical Ice,,5.0,It delivers on mental clarity,"I’ve listened to Modern Wisdom for a few years now and always appreciate the level of thoughtfulness, data (at times against my will lol), and guests that Chris introduces me to. I have a mentally strenuous job in marketing and leadership (as well as time each week in grad school) which can really take a toll on my ability to focus and enjoy the work. So far, I love this product mainly for the mental clarity although I also enjoy feeling energized, engaged in my work, and at a level of performance that gives me confidence. The health benefits are delightful as is the taste. 10/10 recommend.",2023-11-09T00:00:00Z,2023-11-09T00:00:00Z,,,True,False,,,False,,,,,False
13647164,8400184410420,8400185033012,tropical-ice-12pk,Productivity Drink - Tropical Ice,,5.0,It does help me focus!,"On my 3rd day of drinking this, and loving it so far! Tastes great, and it does help me focus at work. My sister tried it and she liked it too. I'm probably going to get a subscription!",2023-11-08T00:00:00Z,2023-11-08T00:00:00Z,,,True,False,,,False,,,,,False
13647151,8400184410420,8400185033012,tropical-ice-12pk,Productivity Drink - Tropical Ice,,5.0,I wouldn't expect anything less! Great!,"I've listened to Chris' podcasts for some time now and when he announced Neutonic I wanted to try it ASAP. I'm typically picky about energy style drinks, I hate Redbull and Monster, but this tastes great! No bad after taste, I feel good when I drink it, no gitters. The only thing I would change is making sure there is calorie info on the can. Otherwise.. Amazing!",2023-11-08T00:00:00Z,2023-11-08T00:00:00Z,,,True,False,,,False,,,,,False
13647210,8400184410420,8400185033012,tropical-ice-12pk,Productivity Drink - Tropical Ice,,5.0,Distinct pleasant taste,"I got this drink after hearing Chris Williamson had launched a nootropic energy drink with 0 calories. The taste is slightly sweet and tangy, with none of the weird baking soda after taste that other nootropic drinks have given me. The caffeine content is just right at 120mg which is about 1.5 cups of coffee. I normally drink 3-5 cups of coffee a day, so this drink fit right in. I received a box of the Wild Citrus, and am looking forward to trying any other flavors that may come out. If you’re on the fence, just do it. It’s a bonus that this is a cool way to support the Modern Wisdom podcast.",2023-11-07T00:00:00Z,2023-11-07T00:00:00Z,,,True,False,,,False,,,,,False
13647208,8400184410420,8400185033012,tropical-ice-12pk,Productivity Drink - Tropical Ice,,5.0,Noticable Effect,"The wild citrus flavor is actually pretty good. Almost like a grapefruit/lemon combo. I think I would keep ordering this even when the orange is back in stock.    The effects are mild but noticable. A bit more alertness than my usual energy/coffee drinks. I haven't been taking it too long, so I don't know if this is just a timing thing but I also felt a similar uplift in my mood.    One reviewer mentioned stomach issues; as someone with a regularly weak stomach, I had absolutely none of that, for what it's worth.    The can feels nice in hand, if that matters to anyone. Basically a Celsius can with a brushed matte finish.",2023-11-06T00:00:00Z,2023-11-06T00:00:00Z,,,True,False,,,False,,,,,False
13647216,8400184410420,8400185033012,tropical-ice-12pk,Productivity Drink - Tropical Ice,,5.0,Great effect. Tasty beverage.,"I've been following Chris on his podcast long enough to deem him as a reliably enough individual with credible brain power and good intentions insofar as to trust him when he came up with his drink. ""It's probably okay,"" I thought. What can be bad? Turns out it's very tasty and the effect is very pleasant. It made me feel quiet inside, focused, steady (not jumpy), and even collected. I enjoyed it very much.",2023-11-06T00:00:00Z,2023-11-06T00:00:00Z,,,True,False,,,False,,,,,False
13647147,8400184410420,8400185033012,tropical-ice-12pk,Productivity Drink - Tropical Ice,,5.0,Taste great - No jitters,I was skeptical especially with such a high price… after 3 days now I have a new favorite over Celsius and Monster. Tastes almost like a Mountain Dew without being too sweet. I did feel a slight pick-me-up but no associated crash or nervousness. Was a bit foamy and carbonated which gave me some burps but nothing crazy. Looking forward to coffee and uncarbonated flavors. Great alternative to coffee for me. Excellent ingredients!,2023-11-06T00:00:00Z,2023-11-06T00:00:00Z,,,True,False,,,False,,,,,False
13647209,8400184410420,8400185033012,tropical-ice-12pk,Productivity Drink - Tropical Ice,,5.0,"This is the one, finally.","I, like probably most people, have been trying alternatives to coffee for quite some time now. Everything from Mud Wtr to alpha brain to mushroom tinctures. While they all have their pros and cons, none of them were really ""it"" for me. I can say with 100% confidence that this is the best energy drink/coffee replacement that I have ever had. The taste is 10/10, sustained energy and NO CRASH. I definitely recommend trying it. BUT like anything else out there, see how you react to it, drink half and wait an hour, see how you feel and then go from there. Well done Chris and James, this is brilliant.",2023-11-06T00:00:00Z,2023-11-06T00:00:00Z,,,True,False,,,False,,,,,False
13647153,8400184410420,8400185033012,tropical-ice-12pk,Productivity Drink - Tropical Ice,,5.0,"Great taste, even better results!","As with another reviewer, I approach these products with cautious optimism. In this case, I am pleasantly surprised; from the great taste to the noticeable improvement in focus and concentration, I am enjoying Neutonic!  I used the drink to focus in on several deep tasks at work over a two day period, which were much more manageable in a flow state.",2023-11-06T00:00:00Z,2023-11-06T00:00:00Z,,,True,False,,,False,,,,,False
13647149,8400184410420,8400185033012,tropical-ice-12pk,Productivity Drink - Tropical Ice,,5.0,A leading energy drink by the end of 2024,I can tell the team did many test runs on the flavor + effects of the drink before they made their debut. It's delicious and delivers on what it promises on. $3 a can is a little steep but you have to pay some premium for quality ingredients. Knowing it's owned by CW gives me immense trust in the product's integrity. I just don't feel like he would pedal a gimmicky product.,2023-11-06T00:00:00Z,2023-11-06T00:00:00Z,,,True,False,,,False,,,,,False
13647160,8400184410420,8400185033012,tropical-ice-12pk,Productivity Drink - Tropical Ice,,5.0,"Great Flavor, Great Effects!","I have been consuming different nootropic blends and caffeinated drinks, and Neutonic is the best that I have tried so far! The flavor was surprisingly delicious and crisp, and I feel very focused and aware. I look forward to trying more flavors soon!",2023-11-06T00:00:00Z,2023-11-06T00:00:00Z,,,True,False,,,False,,,,,False
13647162,8400184410420,8400185033012,tropical-ice-12pk,Productivity Drink - Tropical Ice,,5.0,6 Stars,"So many good things to say. The taste is amazing and it might be the best looking can on the market. I feel laser focused after having one can in the morning, definitely will be buying these again and again.",2023-11-06T00:00:00Z,2023-11-06T00:00:00Z,,,True,False,,,False,,,,,False
13647163,8400184410420,8400185033012,tropical-ice-12pk,Productivity Drink - Tropical Ice,,5.0,Great flavor!,"I've been drinking Monster Rehab for years, never cared for any other energy drinks. I'm always skeptical of new brands but this drink has a refreshing delicious flavor. Great job guys. Can't wait to try the orange flavor.",2023-11-06T00:00:00Z,2023-11-06T00:00:00Z,,,True,False,,,False,,,,,False
13647227,8400184410420,8400185033012,tropical-ice-12pk,Productivity Drink - Tropical Ice,,5.0,Delicious but sweet,"Unique great taste, it’s the perfect mix of supplements in one awesome drink. The taste is good but too sweet in my opinion, and although most ingredients are good, sucralose (the artificial sweetener) does have some downsides on top of making this taste too sweet. I hope they revise their recipe so I can buy this again.",2023-11-05T00:00:00Z,2023-11-05T00:00:00Z,,,True,False,,,False,,,,,False
13647152,8400184410420,8400185033012,tropical-ice-12pk,Productivity Drink - Tropical Ice,,5.0,"I don't normally do reviews, but this is actually fire.","I don't normally do reviews, but this is actually fire. This is by far the best thing I've tasted from a can. I used to be a Celsius junkie to get work done, but this product has a lot more thought put into the ingredients, the taste, and the overall mission of productivity. Also, Chris Williamson, the Chad Nerd himself, is behind the product.",2023-11-05T00:00:00Z,2023-11-05T00:00:00Z,,,True,False,,,False,,,,,False
13647157,8400184410420,8400185033012,tropical-ice-12pk,Productivity Drink - Tropical Ice,,5.0,Good balanced drink,"I feel like most other drinks that I have tried with L-theanine severally underdose it compared to the amount of caffeine, but I feel this one definitely has good ratio. I also enjoy the taste, it’s not too over the top in sweetness & carbonation like most others on the market.",2023-11-05T00:00:00Z,2023-11-05T00:00:00Z,,,True,False,,,False,,,,,False
13647158,8400184410420,8400185033012,tropical-ice-12pk,Productivity Drink - Tropical Ice,,5.0,Sexy Can. I feel focused,"I’m normally pretty skeptical of influencers releasing supplements… but this actually gave me a calm focus. Wild Citrus flavor is decent… Looking forward to trying another flavor.    When Chris first announced this stuff I was skeptical, but I respect him so much I had to try it. Happy I did!!",2023-11-04T00:00:00Z,2023-11-04T00:00:00Z,,,True,False,,,False,,,,,False
7525194,8400184410420,8400185033012,tropical-ice-12pk,Productivity Drink - Tropical Ice,,5.0,Amazing,Love it!,2025-01-17T15:22:23.650013Z,2025-01-17T15:22:23.650013Z,,,True,False,,,False,,,,,False
7525249,8400184410420,8400185033012,tropical-ice-12pk,Productivity Drink - Tropical Ice,,5.0,Seems to really work?!,I don’t know what it is but it works- more energy more alert buying more!,2025-01-17T15:22:23.650013Z,2025-01-17T15:22:23.650013Z,,,True,False,,,False,,,,,False
7525238,8400184410420,8400185033012,tropical-ice-12pk,Productivity Drink - Tropical Ice,,5.0,"Great, tasty drink. Helps with concentration and focus. Thank you!",Great productivity drink. Thank you :),2025-01-17T15:22:23.628698Z,2025-01-17T15:22:23.628698Z,,,True,False,,,False,,,,,False
7525240,8400184410420,8400185033012,tropical-ice-12pk,Productivity Drink - Tropical Ice,,5.0,Tasty,"Very tasty, good feeling you get from it. Made me increase my work load 10 fold",2025-01-14T00:00:00Z,2025-01-14T00:00:00Z,,,True,False,,,False,,,,,False
7525211,8400184410420,8400185033012,tropical-ice-12pk,Productivity Drink - Tropical Ice,,5.0,Very good,Definitely noticed a difference after drinking it.,2025-01-14T00:00:00Z,2025-01-14T00:00:00Z,,,True,False,,,False,,,,,False
7525224,8400184410420,8400185033012,tropical-ice-12pk,Productivity Drink - Tropical Ice,,5.0,Perfect,Love it,2025-01-14T00:00:00Z,2025-01-14T00:00:00Z,,,True,False,,,False,,,,,False
7525217,8400184410420,8400185033012,tropical-ice-12pk,Productivity Drink - Tropical Ice,,5.0,Great Product,Great flavour! Definitely feels like it improves my concentration.,2025-01-14T00:00:00Z,2025-01-14T00:00:00Z,,,True,False,,,False,,,,,False
7525178,8400184410420,8400185033012,tropical-ice-12pk,Productivity Drink - Tropical Ice,,5.0,Better then expected,"Really well balanced taste, refreshing, not overly fizzy. Pleasantly surprised.",2025-01-17T15:22:23.628698Z,2025-01-17T15:22:23.628698Z,,,True,False,,,True,,,,,False
7525226,8400184410420,8400185033012,tropical-ice-12pk,Productivity Drink - Tropical Ice,,5.0,Focus,"Love this drink, no crash like RedBull.",2025-01-17T15:22:23.628698Z,2025-01-17T15:22:23.628698Z,,,True,False,,,False,,,,,False
7525241,8400184410420,8400185033012,tropical-ice-12pk,Productivity Drink - Tropical Ice,,5.0,Tastes good,Tastes good. I used this before any classes I do,2025-01-14T00:00:00Z,2025-01-14T00:00:00Z,,,True,False,,,False,,,,,False
20499573,8400184410420,8799704154420,tropical-ice-12pk-us,Productivity Drink - Tropical Ice [US],,5.0,,Best drink for focus I’ve ever had. No jitters or crash like I get from other drinks. I highly recommend this!,2024-12-17T20:00:13Z,2024-12-17T20:00:13Z,,,False,False,,,False,,,,,False
21304855,8400184410420,8799704154420,tropical-ice-12pk-us,Productivity Drink - Tropical Ice [US],12 Cans,5.0,,Best drink for focus I’ve ever had. No jitters or crash like I get from other drinks. I highly recommend this!,2024-12-17T20:00:13Z,2024-12-17T20:00:13Z,,,True,False,,shop_app,False,,,,,False
21304845,8400184410420,8400184410420,orange-sunrise-productivity-drink,Productivity Drink - Orange Sunrise,12 Cans,5.0,,Love this !,2024-11-11T20:26:36Z,2024-11-11T20:26:36Z,,,True,False,,shop_app,False,,,,,False
20499601,8400184410420,8400184410420,orange-sunrise-productivity-drink,Productivity Drink - Orange Sunrise,,5.0,,Love this !,2024-11-11T20:26:36Z,2024-11-11T20:26:36Z,,,False,False,,,False,,,,,False
13647226,8400184410420,8400185033012,tropical-ice-12pk,Productivity Drink - Tropical Ice,,5.0,Orange sunrise has a bad after taste,"This flavor taste bad , recommend drinking the other flavor",2024-09-29T00:00:00Z,2024-09-29T00:00:00Z,,,True,False,,,False,,,,,False
13647126,8400184410420,8400185033012,tropical-ice-12pk,Productivity Drink - Tropical Ice,,5.0,Really solid,"If you’re looking for an afternoon pick me up without the crash effects- this is it. Part of my work week daily routine - morning I have a coffee or slate latte, afternoon- these bad boys. I’ve only had the citrus - I was surprised by the taste in a good way. If you’ve ever had other energy drinks - Red Bull, monster, 5 hour energy- you know what I mean. This tasted awesome in comparison.",2024-04-21T00:00:00Z,2024-04-21T00:00:00Z,,,True,False,,,False,,,,,False
21304800,8400184410420,8400185033012,tropical-ice-12pk,Productivity Drink - Tropical Ice,,5.0,,Still 5 stars new taste sensation is the wild citrus love it thanks,2024-04-09T12:50:37Z,2024-04-09T12:50:37Z,,,True,False,,shop_app,False,,,,,False
21304799,8400184410420,8400184672564,wild-citrus-productivity-drink,Productivity Drink - Wild Citrus,12 Cans,5.0,,"Wow! I love the tropical ice, however this is sooo good, thanks 🫶🏽",2024-04-09T12:48:57Z,2024-04-09T12:49:19Z,,,True,False,,shop_app,False,,,,,False
21304795,8400184410420,8758066512180,wild-citrus-12-pack-us,Productivity Drink - Wild Citrus [US],12 Cans,5.0,,Surprisingly good!,2024-03-26T23:52:26Z,2024-03-26T23:52:26Z,,,True,False,,shop_app,False,,,,,False
21304794,8400184410420,8799704154420,tropical-ice-12pk-us,Productivity Drink - Tropical Ice [US],,5.0,,Surprisingly good!,2024-03-26T23:52:18Z,2024-03-26T23:52:18Z,,,True,False,,shop_app,False,,,,,False
21304793,8400184410420,8400184410420,orange-sunrise-productivity-drink,Productivity Drink - Orange Sunrise,12 Cans,5.0,,"This stuff is amazing. It really does give you an energy kick, makes you more focused and sharp, sugar free and tastes great.  I've spent so much on this stuff since it launched and it's been worth every penny",2024-03-24T19:31:10Z,2024-03-24T19:31:10Z,,,True,False,,shop_app,False,,,,,False
13647134,8400184410420,8400185033012,tropical-ice-12pk,Productivity Drink - Tropical Ice,,5.0,Laser focused,This is truly a great drink and I could notice it taking action within about 15 minutes and it lasted about 3 hours for me. As far as these types of drinks go I also can say I enjoyed the flavor as well.,2024-03-13T00:00:00Z,2024-03-13T00:00:00Z,,,True,False,,,False,,,,,False
13647141,8400184410420,8400185033012,tropical-ice-12pk,Productivity Drink - Tropical Ice,,5.0,Excellent,"I was a little worried about this being snake oil, and it was a little high on the caffeine side, but I didn’t feel jitters at all. I would highly recommend it.",2024-01-06T00:00:00Z,2024-01-06T00:00:00Z,,,True,False,,,False,,,,,False
13647143,8400184410420,8400185033012,tropical-ice-12pk,Productivity Drink - Tropical Ice,,5.0,Great product,As advertised !!!,2024-01-03T00:00:00Z,2024-01-03T00:00:00Z,,,True,False,,,False,,,,,False
13647211,8400184410420,8400185033012,tropical-ice-12pk,Productivity Drink - Tropical Ice,,5.0,Great Taste and Helped with My Focus,"I bought the newest tropical ice flavor and it was great. It has a strong citrus but almost peach flavor in my opinion. I usually hate the flavor of sugar free / sugar substitute products, but this was very tasty. I'm sure it's partly a placebo effect, but I felt focused and tackled some of the more annoying work tasks without my normal procrastinations or avoidances. Placebo effect or not, it served its purpose and was well worth it. Obviously, I'd love if it was cheaper but I definitely got what I paid for and I don't feel cheated in any way. Will definitely buy again.",2023-12-06T00:00:00Z,2023-12-06T00:00:00Z,,,True,False,,,False,,,,,False
21304781,8400184410420,8400184410420,orange-sunrise-productivity-drink,Productivity Drink - Orange Sunrise,12 Cans,5.0,,"Really does what it says on the tin. I'm finding I'm more focused and clear headed since I started having a can a day, even waking up is a lot easier! Great stuff!",2023-11-15T13:34:58Z,2023-11-15T13:34:58Z,,,True,False,,shop_app,False,,,,,False
13647228,8400184410420,8400185033012,tropical-ice-12pk,Productivity Drink - Tropical Ice,,5.0,Tastes good,"I am picky about the flavors of energy drinks I like and this one was delicious. I didn't get a caffeine crash later either, which is a great added bonus.",2023-11-11T00:00:00Z,2023-11-11T00:00:00Z,,,True,False,,,False,,,,,False
13647161,8400184410420,8400185033012,tropical-ice-12pk,Productivity Drink - Tropical Ice,,5.0,Great taste and it works,Recently started using Theanine on its own and this product has the same effect. Love the taste of the Wild Citrus. Orange was already sold out but will be buying as soon as it's available. Great product.,2023-11-08T00:00:00Z,2023-11-08T00:00:00Z,,,True,False,,,False,,,,,False
7525207,8400184410420,8400185033012,tropical-ice-12pk,Productivity Drink - Tropical Ice,,5.0,Banging,"Tastes great, good focus, what else can you ask for",2025-01-17T15:22:23.628698Z,2025-01-17T15:22:23.628698Z,,,True,False,,,False,,,,,False
7525205,8400184410420,8400185033012,tropical-ice-12pk,Productivity Drink - Tropical Ice,,5.0,Good replacement for top brand,Excellent value for money,2025-01-14T00:00:00Z,2025-01-14T00:00:00Z,,,True,False,,,False,,,,,False
20499722,8400184410420,8400185033012,tropical-ice-12pk,Productivity Drink - Tropical Ice,,5.0,,Great product for training .,2024-11-22T15:46:04Z,2024-11-22T15:46:04Z,,,False,False,,,False,,,,,False
21304848,8400184410420,8400185033012,tropical-ice-12pk,Productivity Drink - Tropical Ice,12 Cans,5.0,,Great product for training .,2024-11-22T15:46:04Z,2024-11-22T15:46:04Z,,,True,False,,shop_app,False,,,,,False
20499550,8400184410420,8400185033012,tropical-ice-12pk,Productivity Drink - Tropical Ice,,5.0,,Keep coming back for more! Brilliant product,2024-07-17T17:28:38Z,2024-07-17T17:28:38Z,,,False,False,,,False,,,,,False
13647165,8400184410420,8400185033012,tropical-ice-12pk,Productivity Drink - Tropical Ice,,5.0,Great energizer.,"Love the taste. Perfect amount of caffeine and nootropics. Drank it, helped my brother move some furniture and still had more energy and mental stamina afterwards. Great substitute for Red Bull in my experience, highly recommend.",2023-11-06T00:00:00Z,2023-11-06T00:00:00Z,,,True,False,,,False,,,,,False
13647470,8400184410420,15202964930944,productivity-drink-12-cans-strawberry-lemonade,Productivity Drink - Strawberry Lemonade,,5.0,Love it !,"Great product , love the drinks & capsules really helps me with my day ahead 💪🏻 🧠",2025-01-11T00:00:00Z,2025-01-11T00:00:00Z,,,True,False,,,False,,,,,False
21304826,8400184410420,8400184410420,orange-sunrise-productivity-drink,Productivity Drink - Orange Sunrise,12 Cans,5.0,,My favourite flavour,2024-06-11T20:42:55Z,2024-06-11T20:42:55Z,,,True,False,,shop_app,False,,,,,False
20499577,8400184410420,8400185033012,tropical-ice-12pk,Productivity Drink - Tropical Ice,,5.0,,Great,2025-04-06T11:58:37Z,2025-04-06T11:58:37Z,,,False,False,,,False,,,,,False
21304868,8400184410420,8400185033012,tropical-ice-12pk,Productivity Drink - Tropical Ice,12 Cans,5.0,,Great,2025-04-06T11:58:37Z,2025-04-06T11:58:37Z,,,True,False,,shop_app,False,,,,,False
8846201,8400184410420,8400184410420,orange-sunrise-productivity-drink,Productivity Drink - Orange Sunrise,12 Cans,5.0,SWEET & HAPPY VIBES!,Sweet lush taste.  Focused.  Happy.,2025-03-31T18:20:55.782573Z,2025-03-31T18:20:55.782602Z,2025-03-13T19:48:16Z,17.9,True,False,,,False,,,,,False
8632411,8400184410420,8400184410420,orange-sunrise-productivity-drink,Productivity Drink - Orange Sunrise,12 Cans,5.0,Good stuff,Good stuff,2025-03-24T17:20:50.255673Z,2025-03-24T17:20:50.255702Z,2025-03-08T00:49:51Z,16.7,True,False,,,False,,,,,False
7525258,8400184410420,8400185033012,tropical-ice-12pk,Productivity Drink - Tropical Ice,,5.0,Replacement for Monster Ultra,Great taste. Great fuel. Replacing Monster Ultra. Thanks lads!,2025-01-14T00:00:00Z,2025-01-14T00:00:00Z,,,True,False,,,False,,,,,False
20499621,8400184410420,8400184672564,wild-citrus-productivity-drink,Productivity Drink - Wild Citrus,,5.0,,Great product & taste amazing.,2024-12-30T19:49:30Z,2024-12-30T19:49:30Z,,,False,False,,,False,,,,,False
21304856,8400184410420,8400184672564,wild-citrus-productivity-drink,Productivity Drink - Wild Citrus,12 Cans,5.0,,Great product & taste amazing.,2024-12-30T19:49:30Z,2024-12-30T19:49:30Z,,,True,False,,shop_app,False,,,,,False
20499751,8400184410420,8400184672564,wild-citrus-productivity-drink,Productivity Drink - Wild Citrus,,5.0,,Great product,2024-11-11T20:27:29Z,2024-11-11T20:27:29Z,,,False,False,,,False,,,,,False
21304846,8400184410420,8400184672564,wild-citrus-productivity-drink,Productivity Drink - Wild Citrus,12 Cans,5.0,,Great product,2024-11-11T20:27:29Z,2024-11-11T20:27:29Z,,,True,False,,shop_app,False,,,,,False
21304844,8400184410420,8400184410420,orange-sunrise-productivity-drink,Productivity Drink - Orange Sunrise,12 Cans,5.0,,Great tasting low calorie,2024-09-16T16:01:14Z,2024-09-16T16:01:14Z,,,True,False,,shop_app,False,,,,,False
20499711,8400184410420,8400184410420,orange-sunrise-productivity-drink,Productivity Drink - Orange Sunrise,,5.0,,Great tasting low calorie,2024-09-16T16:01:14Z,2024-09-16T16:01:14Z,,,False,False,,,False,,,,,False
21304815,8400184410420,8400185033012,tropical-ice-12pk,Productivity Drink - Tropical Ice,,5.0,,Great taste..,2024-04-30T16:50:44Z,2024-04-30T16:50:44Z,,,True,False,,shop_app,False,,,,,False
21304807,8400184410420,8799704154420,tropical-ice-12pk-us,Productivity Drink - Tropical Ice [US],,5.0,,Great!,2024-04-12T20:48:45Z,2024-04-12T20:48:45Z,,,True,False,,shop_app,False,,,,,False
21304808,8400184410420,8758066512180,wild-citrus-12-pack-us,Productivity Drink - Wild Citrus [US],12 Cans,5.0,,Great!,2024-04-12T20:48:39Z,2024-04-12T20:48:39Z,,,True,False,,shop_app,False,,,,,False
21304843,8400184410420,8400184410420,orange-sunrise-productivity-drink,Productivity Drink - Orange Sunrise,12 Cans,5.0,,Lovely but expensive,2024-09-15T08:52:01Z,2024-09-15T08:52:01Z,,,True,False,,shop_app,False,,,,,False
21304840,8400184410420,8400184672564,wild-citrus-productivity-drink,Productivity Drink - Wild Citrus,12 Cans,5.0,,"Love all 3x favours, so I buy a case of each all at once 5*",2024-09-09T13:39:16Z,2024-09-09T13:39:16Z,,,True,False,,shop_app,False,,,,,False
21304841,8400184410420,8400184410420,orange-sunrise-productivity-drink,Productivity Drink - Orange Sunrise,12 Cans,5.0,,"Love all 3x favours, so I buy a case of each all at once 5*",2024-09-09T13:39:11Z,2024-09-09T13:39:11Z,,,True,False,,shop_app,False,,,,,False
21304819,8400184410420,8400184410420,orange-sunrise-productivity-drink,Productivity Drink - Orange Sunrise,12 Cans,5.0,,love them,2024-05-10T12:06:41Z,2024-05-10T12:06:41Z,,,True,False,,shop_app,False,,,,,False
13647138,8400184410420,8400185033012,tropical-ice-12pk,Productivity Drink - Tropical Ice,,5.0,Tastes great!,Very smooth energy. And love the taste!,2024-01-15T00:00:00Z,2024-01-15T00:00:00Z,,,True,False,,,False,,,,,False
21304784,8400184410420,8400184672564,wild-citrus-productivity-drink,Productivity Drink - Wild Citrus,12 Cans,5.0,,Love it.,2023-12-11T18:38:25Z,2023-12-11T18:38:25Z,,,True,False,,shop_app,False,,,,,False
20499561,8400184410420,8400185033012,tropical-ice-12pk,Productivity Drink - Tropical Ice,,5.0,,Tastes amazing!!,2025-01-22T17:12:51Z,2025-01-22T17:12:51Z,,,False,False,,,False,,,,,False
21304857,8400184410420,8400185033012,tropical-ice-12pk,Productivity Drink - Tropical Ice,12 Cans,5.0,,Tastes amazing!!,2025-01-22T17:12:51Z,2025-01-22T17:12:51Z,,,True,False,,shop_app,False,,,,,False
7525181,8400184410420,8400185033012,tropical-ice-12pk,Productivity Drink - Tropical Ice,,5.0,Good drink,Good taste,2025-01-14T00:00:00Z,2025-01-14T00:00:00Z,,,True,False,,,False,,,,,False
20499616,8400184410420,8799704154420,tropical-ice-12pk-us,Productivity Drink - Tropical Ice [US],,5.0,,Favorite daily driver. Good taste. Solid energy. No crash.,2024-12-13T02:19:25Z,2024-12-13T02:19:25Z,,,False,False,,,False,,,,,False
21304837,8400184410420,8400184410420,orange-sunrise-productivity-drink,Productivity Drink - Orange Sunrise,12 Cans,5.0,,Incredible taste. Incredible focus,2024-08-14T11:09:24Z,2024-08-14T11:09:24Z,,,True,False,,shop_app,False,,,,,False
20499568,8400184410420,8400184410420,orange-sunrise-productivity-drink,Productivity Drink - Orange Sunrise,,5.0,,Incredible taste. Incredible focus,2024-08-14T11:09:24Z,2024-08-14T11:09:24Z,,,False,False,,,False,,,,,False
21304824,8400184410420,8400184672564,wild-citrus-productivity-drink,Productivity Drink - Wild Citrus,12 Cans,5.0,,Amazing taste,2024-06-06T15:32:29Z,2024-06-06T15:32:29Z,,,True,False,,shop_app,False,,,,,False
21304787,8400184410420,8400184672564,wild-citrus-productivity-drink,Productivity Drink - Wild Citrus,12 Cans,5.0,,"As delicious as the other two flavours, but has an artificial lemon aftertaste. Not unpleasant, but would be even better without it.",2024-01-06T16:32:38Z,2024-01-06T16:32:38Z,,,True,False,,shop_app,False,,,,,False
21304790,8400184410420,8400184672564,wild-citrus-productivity-drink,Productivity Drink - Wild Citrus,12 Cans,5.0,,The best flavour of the three so far.,2024-02-17T15:36:45Z,2024-02-17T15:36:45Z,,,True,False,,shop_app,False,,,,,False
7525185,8400184410420,8400185033012,tropical-ice-12pk,Productivity Drink - Tropical Ice,,5.0,Tastes good,Good tasting energy drink that promotes focus.,2025-01-14T00:00:00Z,2025-01-14T00:00:00Z,,,True,False,,,False,,,,,False
13647120,8400184410420,8400185033012,tropical-ice-12pk,Productivity Drink - Tropical Ice,,5.0,Actually works,"Not as intense os other energy drinks, has about half the caffeine as a celsius. I feel less jittery.",2024-08-29T00:00:00Z,2024-08-29T00:00:00Z,,,True,False,,,False,,,,,False
21304801,8400184410420,8400184410420,orange-sunrise-productivity-drink,Productivity Drink - Orange Sunrise,12 Cans,5.0,,Super energy!,2024-04-09T18:15:41Z,2024-04-09T18:15:41Z,,,True,False,,shop_app,False,,,,,False
21304834,8400184410420,8400184672564,wild-citrus-productivity-drink,Productivity Drink - Wild Citrus,12 Cans,5.0,,Does exactly what it says on the tin! Focuses me!,2024-07-27T10:18:11Z,2024-07-27T10:18:11Z,,,True,False,,shop_app,False,,,,,False
20499588,8400184410420,8400184672564,wild-citrus-productivity-drink,Productivity Drink - Wild Citrus,,5.0,,Does exactly what it says on the tin! Focuses me!,2024-07-27T10:18:11Z,2024-07-27T10:18:11Z,,,False,False,,,False,,,,,False
7525255,8400184410420,8400185033012,tropical-ice-12pk,Productivity Drink - Tropical Ice,,5.0,Good alternative to Monster,"Well produced drink, tasty",2025-01-17T15:22:23.628698Z,2025-01-17T15:22:23.628698Z,,,True,False,,,False,,,,,False
13647464,8400184410420,15202964930944,productivity-drink-12-cans-strawberry-lemonade,Productivity Drink - Strawberry Lemonade,,5.0,Amazing drink,"Amazing drink, can feel the difference! Now if only it was easily available in Canada",2025-01-12T00:00:00Z,2025-01-12T00:00:00Z,,,True,False,,,False,,,,,False
20499551,8400184410420,8400184410420,orange-sunrise-productivity-drink,Productivity Drink - Orange Sunrise,,5.0,,Amazing product…Game changing nootropic drink!,2024-11-14T15:04:03Z,2024-11-14T15:04:03Z,,,False,False,,,False,,,,,False
21304847,8400184410420,8400184410420,orange-sunrise-productivity-drink,Productivity Drink - Orange Sunrise,12 Cans,5.0,,Amazing product…Game changing nootropic drink!,2024-11-14T15:04:03Z,2024-11-14T15:04:03Z,,,True,False,,shop_app,False,,,,,False
21304818,8400184410420,8400184410420,orange-sunrise-productivity-drink,Productivity Drink - Orange Sunrise,12 Cans,5.0,,Best caffeine drink about,2024-05-07T06:12:36Z,2024-05-07T06:12:36Z,,,True,False,,shop_app,False,,,,,False
7525186,8400184410420,8400185033012,tropical-ice-12pk,Productivity Drink - Tropical Ice,,5.0,Good stuff,Good stuff,2025-01-14T00:00:00Z,2025-01-14T00:00:00Z,,,True,False,,,False,,,,,False
13647110,8400184410420,8400185033012,tropical-ice-12pk,Productivity Drink - Tropical Ice,,5.0,gives me the strength and confidence to kill a man,"after two of these bad boys in the morning if someone came at me with a knife, no matter how much bigger they are or how skilled they are, I believe without a shadow of a doubt that I could take them",2025-01-07T00:00:00Z,2025-01-07T00:00:00Z,,,True,False,,,False,,,,,False
13647471,8400184410420,15202964930944,productivity-drink-12-cans-strawberry-lemonade,Productivity Drink - Strawberry Lemonade,,5.0,It works… Really.,It works… Really.,2025-01-11T00:00:00Z,2025-01-11T00:00:00Z,,,True,False,,,False,,,,,False
21304796,8400184410420,8400185033012,tropical-ice-12pk,Productivity Drink - Tropical Ice,,5.0,,Brilliant product. Will be getting more,2024-04-01T16:26:00Z,2024-04-01T16:26:00Z,,,True,False,,shop_app,False,,,,,False
21304788,8400184410420,8400184672564,wild-citrus-productivity-drink,Productivity Drink - Wild Citrus,12 Cans,5.0,,Excellent product,2024-01-17T07:17:33Z,2024-01-17T07:17:33Z,,,True,False,,shop_app,False,,,,,False
21304785,8400184410420,8400184672564,wild-citrus-productivity-drink,Productivity Drink - Wild Citrus,12 Cans,5.0,,Delicious and productive excellent!,2023-12-12T19:07:19Z,2023-12-12T19:07:19Z,,,True,False,,shop_app,False,,,,,False
20499735,8400184410420,8400185033012,tropical-ice-12pk,Productivity Drink - Tropical Ice,,5.0,,Excellent,2025-02-22T19:30:18Z,2025-02-22T19:30:18Z,,,False,False,,,False,,,,,False
21304860,8400184410420,8400185033012,tropical-ice-12pk,Productivity Drink - Tropical Ice,12 Cans,5.0,,Excellent,2025-02-22T19:30:18Z,2025-02-22T19:30:18Z,,,True,False,,shop_app,False,,,,,False
7525246,8400184410420,8400185033012,tropical-ice-12pk,Productivity Drink - Tropical Ice,,5.0,The good stuff,5 stars all round...,2025-01-14T00:00:00Z,2025-01-14T00:00:00Z,,,True,False,,,False,,,,,False
21809529,15310297563520,15310281998720,creatine-sachets-strawberry-uk-master,Creatine Sachets - Strawberry Lime (30 Pack),,5.0,Cognition & training benefits,"I’ve been taking this religiously for almost a year now and absolutely love it. I feel the benefits in both my training and cognition, feeling able to push myself more in both capacities. The sachets are perfect for travel, and reduces the friction of weighing out  5g each day",2026-10-03T06:45:49.441454Z,2026-10-03T06:45:49.441493Z,2026-08-19T23:13:11Z,44.3,True,False,,,False,,,,,False
21804547,15310297563520,15310281998720,creatine-sachets-strawberry-uk-master,Creatine Sachets - Strawberry Lime (30 Pack),,5.0,Excellent when you can get them,Excellent but frustrating when you are unable to order them as sold out,2026-10-02T15:17:03.231968Z,2026-10-02T15:17:03.231998Z,2026-08-20T11:08:41Z,43.2,True,False,,,False,,,,,False
21803607,15310297563520,15310278951296,creatine-sachets-pineapple-uk-master,Creatine Sachets - Pineapple (30 Pack),,4.0,"Love it, love you, love you more",The flavour is amazing and I do love the product. It’s the first time I’ve  ever felt the effects of creatine. However my last couple orders the pineapple flavour has been very clumpy,2026-10-02T12:31:30.223256Z,2026-10-02T12:31:30.223286Z,2026-08-04T23:13:27Z,58.6,True,False,,,False,,,,,False
21783971,15310297563520,15310281998720,creatine-sachets-strawberry-uk-master,Creatine Sachets - Strawberry Lime (30 Pack),,4.0,"Great product, subscription needs improvement!",Love the product but don’t love the fact my subscription can’t be fulfilled every other month and I have to buy alternatives to fill the gaps.,2026-10-01T20:01:50.860100Z,2026-10-01T20:01:50.860151Z,2026-08-19T23:14:28Z,42.9,True,False,,,False,,,,,False
21780432,15310297563520,15310275805568,creatine-sachets-unflavoured-uk-master,Creatine Sachets - Unflavoured (30 Pack),,5.0,Best products on the market,All their products are great,2026-10-01T13:34:38.839498Z,2026-10-01T13:34:38.839541Z,2026-08-03T23:15:03Z,58.6,True,False,,,False,,,,,False
21773942,15310297563520,15310297563520,creatine-sticks-unflavoured-aus-30-count-aud,Creatine Sticks - Unflavoured (30 Pack) [AU],,5.0,FROM LUMPY BERRIES TO MAGIC WATER!,"Initially got the berry flavour which tended to cake. My first batch was littered with large and hard lumps. Subsequent orders were better. The berry flavour appears to now have been discontinued; perhaps for that reason.  I've been on the unflavoured sicks since then. They are perfect: it dissolves like magic, no lumps and tastes like I'm just drinking water.",2026-10-01T04:20:41.074602Z,2026-10-01T04:20:41.074633Z,2026-08-20T23:18:14Z,41.2,True,False,,,False,,,,,False
21768230,15310297563520,15310275805568,creatine-sachets-unflavoured-uk-master,Creatine Sachets - Unflavoured (30 Pack),,5.0,WELL DESERVED SUCCESS!,"The product is brilliant, the people selling it are trustworthy and it’s lovely to watch you all grow your careers on Instagram whilst helping people improve their health. Congratulations guys, your success is well deserved.",2026-09-30T14:18:26.243161Z,2026-09-30T14:18:26.243195Z,2026-08-17T23:18:42Z,43.6,True,False,,,False,,,,,False
21746014,15310297563520,15310278951296,creatine-sachets-pineapple-uk-master,Creatine Sachets - Pineapple (30 Pack),,5.0,FEELING THE DIFFERENCE!,Definitely feel a difference since taking creatine. Love the flavours so much better than expected. Hopefully get our next lot soon,2026-09-30T14:09:28.274402Z,2026-09-30T14:09:28.274431Z,2026-08-21T08:51:08Z,40.2,True,False,,,False,,,,,False
21762234,15310297563520,15310278951296,creatine-sachets-pineapple-uk-master,Creatine Sachets - Pineapple (30 Pack),,5.0,LOVE THE SACHETS!,Great product and mega convenient in the sachets… it’s gutting when it’s out of stock. Converted many of my pals and work colleagues too.  Had some issues with a couple of boxes and James Smith just sent replacement immediately even when I argued that I wasn’t after a freebie!,2026-09-30T06:23:06.102003Z,2026-09-30T06:23:06.102034Z,2026-08-17T09:10:12Z,43.9,True,False,,,False,,,,,False
21733720,15310297563520,15310278951296,creatine-sachets-pineapple-uk-master,Creatine Sachets - Pineapple (30 Pack),,5.0,Yeah Decent!,"Decent taste , Quality ingredients so yeah bloody good ",2026-09-28T19:15:18.241788Z,2026-09-28T19:15:18.241818Z,2026-08-16T23:27:43Z,42.8,True,False,,,False,,,,,False
21723153,15310297563520,15310278951296,creatine-sachets-pineapple-uk-master,Creatine Sachets - Pineapple (30 Pack),,4.0,Great taste for sure,"The sachets do make it an easier decision to take in the day, grab one, a bottle and go! And the taste is genuinely delicious 👌🏼  But if we’re talking pineapple specifically, might be just my batch but it’s very firm and clumpy meaning it doesn’t come out the sachet as easily compared to the strawberry and lime. It doesn’t mix as well and goes super foamy when shaken. Still convenient, still a great taste, but strawberry and lime wins it for me",2026-09-27T15:28:10.545342Z,2026-09-27T15:28:10.545375Z,2026-08-19T23:21:10Z,38.7,True,False,,,False,,,,,False
21656919,15310297563520,15310255653248,creatine-sticks-strawberry-us-30-count,Creatine Sticks - Strawberry Lime (30 Pack) [US],,5.0,A sparkle of fun,"A great clean product that I can drink throughout the day. The strawberry lime flavor is super tasty, like a sparkle of fun you can drink throughout the day.",2026-09-23T16:53:29.703691Z,2026-09-23T16:53:29.703725Z,2026-08-31T23:29:21Z,22.7,True,False,,,False,,,,,False
21617961,15310297563520,15688841298304,creatine-strawberry-7-pack-us,Creatine Sticks - Strawberry Lime (7 pack) [US],,4.0,Creatine Sticks,Great flavor and worked well.,2026-09-22T14:53:16.269480Z,2026-09-22T14:53:16.269521Z,2026-08-27T17:28:06Z,25.9,True,False,,,False,,,,,False
21607137,15310297563520,15310281998720,creatine-sachets-strawberry-uk-master,Creatine Sachets - Strawberry Lime (30 Pack),,5.0,SUPER HELPFUL FOR TRAVEL!,"Great product, easy to use and super helpful if you travel alot!",2026-09-21T14:25:34.680364Z,2026-09-21T14:25:34.680397Z,2026-07-21T16:58:35Z,61.9,True,False,,,False,,,,,False
21582665,15310297563520,15310281998720,creatine-sachets-strawberry-uk-master,Creatine Sachets - Strawberry Lime (30 Pack),,4.0,NOT SURE ABOUT THE BOOST,Felt good but not sure in increased my motivation trying a cheaper creatine at mo but if that’s no good I may come back but there’s £18 difference in price I know you only get what you pay for but I didn’t feel like I was on top of the world and focused any more than normal I’m not young at 59yrs of age and I’m a diabetic so have to watch what I take,2026-09-19T11:09:41.243731Z,2026-09-19T11:09:41.243775Z,2026-08-07T18:54:08Z,42.7,True,False,,,False,,,,,False
21570392,15310297563520,15310281998720,creatine-sachets-strawberry-uk-master,Creatine Sachets - Strawberry Lime (30 Pack),,4.0,I'm a wuss...kind of,"I do like this, love the practicality of the sachets, my only slight criticism is I find it too sweet. I'm going to try the pineapple next.",2026-09-18T12:46:15.189272Z,2026-09-18T12:46:15.189303Z,2026-08-08T23:13:47Z,40.6,True,False,,,False,,,,,False
21541182,15310297563520,15310278951296,creatine-sachets-pineapple-uk-master,Creatine Sachets - Pineapple (30 Pack),,5.0,PINEAPPLE PERFECTION!,"Absolutely love the creatine. I have the pineapple flavour every morning. I’ve also recommended it to my friends and family,  who are also on it. Occasional difficulty getting the powder out the sachets as it can clumps together.  But that’s minor as the taste is so good. Best idea ever. Will always buy this brand now.",2026-09-17T13:22:00.391177Z,2026-09-17T13:22:00.391205Z,2026-08-04T20:33:45Z,43.7,True,False,,,False,,,,,False
21523268,15310297563520,15310278951296,creatine-sachets-pineapple-uk-master,Creatine Sachets - Pineapple (30 Pack),,4.0,"Tastes nice, RPE advised.","The taste is nice, and helps when mixed with plain creatine to make it a routine to take.  Only critism, is that, the powder is so fine, I feel like that I should be wearing RPE, as I in hale half of it.",2026-09-16T11:34:44.113746Z,2026-09-16T11:34:44.113778Z,2026-08-04T07:26:42Z,43.2,True,False,,,False,,,,,False
21381200,15310297563520,15310297563520,creatine-sticks-unflavoured-aus-30-count-aud,Creatine Sticks - Unflavoured (30 Pack) [AU],,5.0,It’s a yes from me,Love the fact that they’re sachets so I can travel with them. I’ve not found myself bloating as much as I have with other creatine products. I also have a subscription that comes every month which is so easy!,2026-09-10T04:06:42.511861Z,2026-09-10T04:06:42.511894Z,2026-07-13T05:10:08Z,59.0,True,False,,,False,,,,,False
21333057,15310297563520,15310278951296,creatine-sachets-pineapple-uk-master,Creatine Sachets - Pineapple (30 Pack),,5.0,CREATINE ON THE GO!,It makes getting your creatine in very convenient. I work night shifts and take 1 with me every night and always enjoy having it on break.,2026-09-06T19:34:26.249310Z,2026-09-06T19:34:26.249342Z,2026-07-29T23:15:26Z,38.8,True,False,,,False,,,,,False
21325471,15310297563520,15310275805568,creatine-sachets-unflavoured-uk-master,Creatine Sachets - Unflavoured (30 Pack),,5.0,TASTLESS PERFECTION!,"Love this product, tasteless unlike others I’ve tried, perfect for my morning Matcha.  I’ve also had the pineapple flavour which is delicious and went perfect with my orange and mango protein shake.",2026-09-05T14:29:43.183782Z,2026-09-05T14:29:43.183811Z,2026-07-26T23:13:15Z,40.6,True,False,,,False,,,,,False
21323393,15310297563520,15310281998720,creatine-sachets-strawberry-uk-master,Creatine Sachets - Strawberry Lime (30 Pack),,5.0,Buy it!,"Great flavour, mixes well and genuinely feel the increased effects of taking good creatine!",2026-09-05T05:40:16.781491Z,2026-09-05T05:40:16.781524Z,2026-07-28T05:25:45Z,39.0,True,False,,,False,,,,,False
21258051,15310297563520,15310255653248,creatine-sticks-strawberry-us-30-count,Creatine Sticks - Strawberry Lime (30 Pack) [US],,5.0,Good news!,"Very convenient and tasty and can feel an impact of creatine if you take it consistently (while also exercising/sleeping/eating/not boozing etc ie they're not a miracle cure!)  Mine got all clumped up in the packets, but I do live in quite a humid country. If they could fix that then they'd be perfect!",2026-09-01T07:26:19.706473Z,2026-09-01T07:26:19.706504Z,2026-08-04T11:19:37Z,27.8,True,False,,,False,,,,,False
21192910,15310297563520,15310297563520,creatine-sticks-unflavoured-aus-30-count-aud,Creatine Sticks - Unflavoured (30 Pack) [AU],,5.0,NO MORE SICKNESS! ✌️,"Most creatine I’ve tried always makes me feel sick after taking it, your product this definitely doesn’t happen feels much cleaner, will definitely keep using this product ✌️",2026-08-30T06:49:22.911286Z,2026-08-30T06:49:22.911318Z,2026-07-01T06:15:49Z,60.0,True,False,,,False,,,,,False
21305076,15310297563520,15310281998720,creatine-sachets-strawberry-uk-master,Creatine Sachets - Strawberry Lime (30 Pack),,3.0,,"This was my second order from Neutonic, the creatine is pricey, however I was willing to pay for quality, unfortunately though in this box every single packet is crystallised and stuck together, making it hard to get out and mix well without it being really lumpy, not sure its worth the hefty price tag.",2026-08-26T13:03:58Z,2026-08-26T13:03:58Z,,,True,False,,shop_app,False,,,,,False
20988571,15310297563520,15310278951296,creatine-sachets-pineapple-uk-master,Creatine Sachets - Pineapple (30 Pack),,5.0,"Great Taste, Super Convenient","Tastes great, super convenient to take on the go. Taster sets for new flavours would be helpful like the cans but otherwise I’m locked in.",2026-08-18T16:47:53.796071Z,2026-08-18T16:47:53.796110Z,2026-06-30T23:18:10Z,48.7,True,False,,,False,,,,,False
21305070,15310297563520,15310281998720,creatine-sachets-strawberry-uk-master,Creatine Sachets - Strawberry Lime (30 Pack),,5.0,,Fab product and amazing flavour,2026-08-16T11:22:26Z,2026-08-16T11:22:26Z,,,True,False,,shop_app,False,,,,,False
20927384,15310297563520,15310255194496,creatine-sticks-pineapple-us-30-count,Creatine Sticks - Pineapple (30 Pack) [US],,5.0,Easy peasy,Convenient and super delicious. Easiest way to help me stay consistent with my creatine intake.,2026-08-15T01:23:14.772557Z,2026-08-15T01:23:14.772586Z,2026-07-16T23:13:04Z,29.1,True,False,,,False,,,,,False
21305069,15310297563520,15310278951296,creatine-sachets-pineapple-uk-master,Creatine Sachets - Pineapple (30 Pack),,1.0,,Boxes boxes of creatine rock solid in the sachets and cant be used,2026-08-14T15:15:53Z,2026-08-14T15:15:53Z,,,True,False,,shop_app,False,,,,,False
20907854,15310297563520,15310275805568,creatine-sachets-unflavoured-uk-master,Creatine Sachets - Unflavoured (30 Pack),,5.0,Best Creatine hands down.,’ve been taking Neutonic Creatine for around 6 months now and absolutely love it. The flavoured ones taste great ( although i do often get the unflavoured one ( out of choice !) . I’ve noticed a real difference in my muscle recovery after training. It’s become a regular part of my day and I wouldn’t be without it now. Would definitely recommend,2026-08-13T16:30:46.683763Z,2026-08-13T16:30:46.683798Z,2026-06-15T10:22:52Z,59.3,True,False,,,False,,,,,False
21305065,15310297563520,15310278951296,creatine-sachets-pineapple-uk-master,Creatine Sachets - Pineapple (30 Pack),,1.0,,Not too good very lumpy couldn't get the creatine out of packet,2026-08-12T20:28:43Z,2026-08-12T20:28:43Z,,,True,False,,shop_app,False,,,,,False
20895125,15310297563520,15310275805568,creatine-sachets-unflavoured-uk-master,Creatine Sachets - Unflavoured (30 Pack),,5.0,Hi Chris ,"Easy to use, portioned, no weird taste and dilutes easy so not bitty",2026-08-12T17:22:58.204725Z,2026-08-12T17:22:58.204754Z,2026-06-04T23:24:32Z,68.7,True,False,,,False,,,,,False
20881907,15310297563520,15310278951296,creatine-sachets-pineapple-uk-master,Creatine Sachets - Pineapple (30 Pack),,5.0,Love the product,Love the product. Feel it is better than other creatines in the market. Have had issues with delivery and my most recent order is a poor quality. I have to bash up the sachets myself and they don’t combine very well. Still love the product though!,2026-08-12T15:59:56.023955Z,2026-08-12T15:59:56.023989Z,2026-06-30T23:19:11Z,42.7,True,False,,,False,,,,,False
20879047,15310297563520,15310281998720,creatine-sachets-strawberry-uk-master,Creatine Sachets - Strawberry Lime (30 Pack),,5.0,Is sound,,2026-08-12T13:30:32.880484Z,2026-08-12T13:30:32.880521Z,2026-06-04T15:54:53Z,68.9,True,False,,,False,,,,,False
21305064,15310297563520,15310255653248,creatine-sticks-strawberry-us-30-count,Creatine Sticks - Strawberry Lime (30 Pack) [US],,1.0,,"The product WAS great, but last 2 shipments EVERY stick in each box was rock solid and had to be broken up before being used.  There is no way to contact someone outside of a general email address. I’ll just cancel my subscription and move on to another brand.",2026-08-12T04:39:14Z,2026-08-12T04:39:14Z,,,True,False,,shop_app,False,,,,,True
21305063,15310297563520,15310255194496,creatine-sticks-pineapple-us-30-count,Creatine Sticks - Pineapple (30 Pack) [US],,1.0,,"Creatine powder is hard and clumpy. Probably hardened in the heat when shipped, needs to be more resilient.",2026-08-11T18:13:48Z,2026-08-11T18:13:48Z,,,True,False,,shop_app,False,,,,,False
21305060,15310297563520,15310255653248,creatine-sticks-strawberry-us-30-count,Creatine Sticks - Strawberry Lime (30 Pack) [US],,1.0,,"Creatine powder was too hard, clumped up and hard to push out",2026-08-11T18:10:46Z,2026-08-11T18:10:46Z,,,True,False,,shop_app,False,,,,,False
20835538,15310297563520,15310278951296,creatine-sachets-pineapple-uk-master,Creatine Sachets - Pineapple (30 Pack),,5.0,EASY TO REMEMBER!,"Never been able to remember to take creatine when I buy a big tube, but somehow when it’s in stick form it’s easy to remember. The fact it tastes amazing doesn’t hurt either.",2026-08-10T16:32:35.567510Z,2026-08-10T16:32:35.567564Z,2026-06-01T23:20:10Z,69.7,True,False,,,False,,,,,False
20830674,15310297563520,15310278951296,creatine-sachets-pineapple-uk-master,Creatine Sachets - Pineapple (30 Pack),,5.0,New daily habit,"Love the convenience, no messing about. Flavour is quite sweet but tastes great with cold water. Minimal grittiness. Cheers.",2026-08-10T08:10:36.073837Z,2026-08-10T08:10:36.073872Z,2026-05-31T23:16:50Z,70.4,True,False,,,False,,,,,False
20830614,15310297563520,15310281998720,creatine-sachets-strawberry-uk-master,Creatine Sachets - Strawberry Lime (30 Pack),,5.0,Excellent taste and highly recommend,Excellent flavour and have recommended this to many friends who are also very happy with the taste and results,2026-08-10T07:58:28.743216Z,2026-08-10T07:58:28.743261Z,2026-05-29T23:14:21Z,72.4,True,False,,,False,,,,,False
20830596,15310297563520,15310281998720,creatine-sachets-strawberry-uk-master,Creatine Sachets - Strawberry Lime (30 Pack),,5.0,"Great product, really convenient","Brilliant product, convenient and great flavour. Take sachets with me when travelling.",2026-08-10T07:53:23.488806Z,2026-08-10T07:53:23.488836Z,2026-06-01T23:14:31Z,69.4,True,False,,,False,,,,,False
21305058,15310297563520,15310281998720,creatine-sachets-strawberry-uk-master,Creatine Sachets - Strawberry Lime (30 Pack),,1.0,,Not a great taste - lime is very over powering cant hardly taste the strawberry - has a destinct artificial taste,2026-08-09T22:25:31Z,2026-08-09T22:25:31Z,,,True,False,,shop_app,False,,,,,False
21305057,15310297563520,15310278951296,creatine-sachets-pineapple-uk-master,Creatine Sachets - Pineapple (30 Pack),,5.0,,I have tried numerous brands and forms of creatine over the years. At 61 this is the best i have had. No bloating. Easy to consume. Will be buying more. Good work James.,2026-08-09T15:42:52Z,2026-08-09T15:42:52Z,,,True,False,,shop_app,False,,,,,False
20824677,15310297563520,15310278951296,creatine-sachets-pineapple-uk-master,Creatine Sachets - Pineapple (30 Pack),,5.0,WORTH THE EXTRA BUCKS!,"Highly recommend, super convenient, tastes good. Not cheap but paying the extra makes a difference. This is the longest I've consistently supplemented creatine for.",2026-08-09T11:42:52.626749Z,2026-08-09T11:42:52.626781Z,2026-05-29T23:14:47Z,71.5,True,False,,,False,,,,,False
20781945,15310297563520,15310278951296,creatine-sachets-pineapple-uk-master,Creatine Sachets - Pineapple (30 Pack),,5.0,Good stuff ,Top grade gear ,2026-08-06T16:34:50.870791Z,2026-08-06T16:34:50.870832Z,2026-05-27T23:13:41Z,70.7,True,False,,,False,,,,,False
20780678,15310297563520,15310255653248,creatine-sticks-strawberry-us-30-count,Creatine Sticks - Strawberry Lime (30 Pack) [US],,5.0,LOVE this creatine,I’ve been taking this creatine for a few months now and have really enjoyed it,2026-08-06T13:50:23.776020Z,2026-08-06T13:50:23.776059Z,2026-06-15T18:32:43Z,51.8,True,False,,,False,,,,,False
20772310,15310297563520,15310281998720,creatine-sachets-strawberry-uk-master,Creatine Sachets - Strawberry Lime (30 Pack),,5.0,"Don’t bother reading a 5 star review, add to basket and buy now!!",Simply insane how easy and convenient it is just to open up a sachet and add to my bottle. It should be ordering double so I get my 10g a day !,2026-08-05T18:42:31.420728Z,2026-08-05T18:42:31.420759Z,2026-05-28T23:19:14Z,68.8,True,False,,,False,,,,,False
20771502,15310297563520,15310278951296,creatine-sachets-pineapple-uk-master,Creatine Sachets - Pineapple (30 Pack),,4.0,Great product. Would recommend,Great product. Tastes great. In the recent UK heat wave though it really didn’t like it. Stored it in the press. The heat did something to the powder and made it hard to take. Definitely will continue to take it though. But store it in a really cool place.,2026-08-05T16:41:59.682853Z,2026-08-05T16:41:59.682885Z,2026-05-29T06:29:35Z,68.4,True,False,,,False,,,,,False
20759434,15310297563520,15310275805568,creatine-sachets-unflavoured-uk-master,Creatine Sachets - Unflavoured (30 Pack),,5.0,Nice one,I definitely saw an affect on my body - also the packs are super easy to travel with - was at a festival day in a field with my creatine,2026-08-04T19:46:24.608804Z,2026-08-04T19:46:24.608848Z,2026-05-26T23:15:50Z,69.9,True,False,,,False,,,,,False
20759095,15310297563520,15310281998720,creatine-sachets-strawberry-uk-master,Creatine Sachets - Strawberry Lime (30 Pack),,5.0,Game changer,I tell everyone I know using the creatine gummies to switch over this stuff. Used to consume the gummies myself and I’ve certainly noticed a difference switching to neutonic,2026-08-04T19:00:24.789141Z,2026-08-04T19:00:24.789187Z,2026-05-26T23:15:12Z,69.8,True,False,,,False,,,,,False
20727434,15310297563520,15310281998720,creatine-sachets-strawberry-uk-master,Creatine Sachets - Strawberry Lime (30 Pack),,5.0,Great creatine.,"Great tasting, easy mixing creatine. Love that I don’t need to use a scoop or measure it out. Just open the little sachets and mix.",2026-08-03T20:11:26.064600Z,2026-08-03T20:11:26.064656Z,2026-05-24T23:14:15Z,70.9,True,False,,,False,,,,,False
20698025,15310297563520,15310281998720,creatine-sachets-strawberry-uk-master,Creatine Sachets - Strawberry Lime (30 Pack),,5.0,Highly recommend,Excellent product,2026-08-03T07:42:59.721983Z,2026-08-03T07:42:59.722017Z,2026-05-30T09:35:59Z,64.9,True,False,,,False,,,,,False
20687537,15310297563520,15310275805568,creatine-sachets-unflavoured-uk-master,Creatine Sachets - Unflavoured (30 Pack),,5.0,You wanted it straight!!!!!,Excellent 👌🏻 love the unfavoured as mixes well with my barocca the flavours are too much and even smell bad !!!,2026-08-01T20:10:28.636635Z,2026-08-01T20:10:28.636677Z,2026-05-21T23:16:14Z,71.9,True,False,,,False,,,,,False
20670257,15310297563520,15414013100416,creatine-sachets-strawberry-uk,Creatine Sachets - Strawberry Lime,,5.0,I can train more no bother with this,"I have consistently been taking for a couple of weeks now, which in its self is great as so adhoc with previous products. It’s because it tastes nice and i think it has enabled me increase my training load. Which normally o really feel physically,  but not feeling that, yeah a bit of normalcy life tired you would expect from training 5-6 days a week, but some how my body is letting me do it too. Great product and probably the only thing I will leave on subscription.",2026-07-30T21:10:17.009809Z,2026-07-30T21:10:17.009854Z,,,False,False,,,False,,,,,False
20670108,15310297563520,15310275805568,creatine-sachets-unflavoured-uk-master,Creatine Sachets - Unflavoured (30 Pack),,5.0,I love Neutonic ,"Buy these they taste great, the focus pouches are fantastic and really help when I need an afternoon boost then I hit spreadsheet hell ",2026-07-30T20:48:18.723313Z,2026-07-30T20:48:18.723356Z,2026-05-20T23:14:53Z,70.9,True,False,,,False,,,,,False
20667709,15310297563520,15310278951296,creatine-sachets-pineapple-uk-master,Creatine Sachets - Pineapple (30 Pack),,3.0,Consistency is key,Not really been consistent enough. But I do feel it making me more alert when I manage a few days straight. No reason why I haven’t. It’s just building the routine,2026-07-30T16:52:03.805081Z,2026-07-30T16:52:17.652174Z,2026-05-15T23:12:44Z,75.7,True,True,,,False,,,,,False
20544578,15310297563520,15310297563520,creatine-sticks-unflavoured-aus-30-count-aud,Creatine Sticks - Unflavoured (30 Pack) [AU],,5.0,"NO BLOATING, BUT WHERE'S THE PINEAPPLE?","Perfect for on the go, no bloating at all which I’ve had with previous creatine brands.   I just wish you would bring back the pineapple!!",2026-07-27T05:31:08.795615Z,2026-07-27T05:31:08.795647Z,2026-06-30T22:57:08Z,26.3,True,False,,,False,,,,,False
20527570,15310297563520,15310281998720,creatine-sachets-strawberry-uk-master,Creatine Sachets - Strawberry Lime (30 Pack),,4.0,FLAVOURFUL BUT HARD TO DISSOLVE,"Good product, full of flavour. Find it hard to dissolve though. Always left with a fair bit of powder residue in the glass/shaker , so not sure on how much creatine I’m actually consuming",2026-07-24T19:42:51.917333Z,2026-07-24T19:42:51.917380Z,2026-05-30T23:16:20Z,54.9,True,False,,,False,,,,,False
20499799,15310297563520,15310278951296,creatine-sachets-pineapple-uk-master,Creatine Sachets - Pineapple (30 Pack),,4.0,,"Touch on the sweeter side for me but see the appeal, definitely helps you take the creatine in the morning and is enjoyable.",2026-07-23T06:16:31Z,2026-07-23T06:16:31Z,,,False,False,,,False,,,,,False
20499794,15310297563520,15310278951296,creatine-sachets-pineapple-uk-master,Creatine Sachets - Pineapple (30 Pack),,5.0,,Ace,2026-07-22T20:50:29Z,2026-07-22T20:50:29Z,,,False,False,,,False,,,,,False
20499791,15310297563520,15310281998720,creatine-sachets-strawberry-uk-master,Creatine Sachets - Strawberry Lime (30 Pack),,5.0,,"Well these definitely pop you up in the morning, what a flavour. POW :)",2026-07-22T19:03:03Z,2026-07-22T19:03:03Z,,,False,False,,,False,,,,,False
20459167,15310297563520,15310275805568,creatine-sachets-unflavoured-uk-master,Creatine Sachets - Unflavoured (30 Pack),,5.0,Really impressed,Great product. Dissolves well and super handy to have in the sachets to just grab and go. ,2026-07-21T15:34:26.232334Z,2026-07-21T15:34:26.232367Z,2026-06-03T21:33:56Z,47.8,True,False,,,False,,,,,False
20458960,15310297563520,15310275805568,creatine-sachets-unflavoured-uk-master,Creatine Sachets - Unflavoured (30 Pack),,4.0,Flavoured is nicer,Great individual sachets but taste powdery in a drink. Flavoured sachets are much nicer. Strawberry & lime with fizzy water is great and seems to hold its flavour even when more water is added to containers.,2026-07-21T15:11:25.336691Z,2026-07-21T15:11:25.336726Z,2026-06-08T21:34:18Z,42.7,True,False,,,False,,,,,False
20454776,15310297563520,15310255653248,creatine-sticks-strawberry-us-30-count,Creatine Sticks - Strawberry Lime (30 Pack) [US],,5.0,"GREAT FLAVOR, AWESOME CREATINE BOOST!",great flavor and awesome way to get that extra creatine,2026-07-21T09:18:33.032529Z,2026-07-21T09:18:33.032574Z,2026-05-24T23:15:15Z,57.4,True,False,,,False,,,,,False
20453951,15310297563520,15310278951296,creatine-sachets-pineapple-uk-master,Creatine Sachets - Pineapple (30 Pack),,5.0,Best product out there,"Easy mix, great flavour",2026-07-21T06:55:33.855316Z,2026-07-21T06:55:33.855349Z,2026-05-10T23:12:37Z,71.3,True,False,,,False,,,,,False
20499778,15310297563520,15310278951296,creatine-sachets-pineapple-uk-master,Creatine Sachets - Pineapple (30 Pack),,5.0,,So convenient and so yummy! I haven’t missed a day since I started using these and I look forward to my yummy drink.,2026-07-21T06:04:46Z,2026-07-21T06:04:46Z,,,False,False,,,False,,,,,False
20417280,15310297563520,15310275805568,creatine-sachets-unflavoured-uk-master,Creatine Sachets - Unflavoured (30 Pack),,5.0,"EASY SACHETS, HIGH QUALITY!",High quality product and so much easier to use in the sachets. Wouldn’t switch to any other brand now. ,2026-07-18T13:04:04.054504Z,2026-07-18T13:04:04.054537Z,2026-05-20T23:17:38Z,58.6,True,False,,,False,,,,,False
20499763,15310297563520,15310281998720,creatine-sachets-strawberry-uk-master,Creatine Sachets - Strawberry Lime (30 Pack),,5.0,,Excellent,2026-07-17T20:54:00Z,2026-07-17T20:54:00Z,,,False,False,,,False,,,,,False
20499762,15310297563520,15310278951296,creatine-sachets-pineapple-uk-master,Creatine Sachets - Pineapple (30 Pack),,5.0,,"Love these , and not the first time I’ve ordered and definitely won’t be the last , I take one daily",2026-07-17T16:19:22Z,2026-07-17T16:19:22Z,,,False,False,,,False,,,,,False
21305038,15310297563520,15310278951296,creatine-sachets-pineapple-uk-master,Creatine Sachets - Pineapple (30 Pack),,5.0,,Taste is excellent.,2026-07-17T11:35:57Z,2026-07-17T11:35:57Z,,,True,False,,shop_app,False,,,,,False
20499761,15310297563520,15310297563520,creatine-sticks-unflavoured-aus-30-count-aud,Creatine Sticks - Unflavoured (30 Pack) [AU],,5.0,,Solid,2026-07-17T07:31:28Z,2026-07-17T07:31:28Z,,,False,False,,,False,,,,,False
20388298,15310297563520,15310278951296,creatine-sachets-pineapple-uk-master,Creatine Sachets - Pineapple (30 Pack),,5.0,Very Pineapply in a good way,"great taste, mixed well - even if you don’t have big arms.",2026-07-16T11:06:49.385353Z,2026-07-16T11:06:49.385382Z,2026-05-05T23:14:52Z,71.5,True,False,,,False,,,,,False
20380819,15310297563520,15310278951296,creatine-sachets-pineapple-uk-master,Creatine Sachets - Pineapple (30 Pack),,5.0,Quicker recovery !,Give it a try ! As a 50 year old post menopausal woman I know how important it is to keep growing muscle.  This has helped me feel energised and recover quicker from training.  Felt thirsty for first few weeks but that has calmed down now.  Don’t ache as much after training which is always a bonus,2026-07-15T17:57:55.527262Z,2026-07-15T17:57:55.527311Z,2026-05-04T13:07:47Z,72.2,True,False,,,False,,,,,False
20354634,15310297563520,15310281998720,creatine-sachets-strawberry-uk-master,Creatine Sachets - Strawberry Lime (30 Pack),,5.0,Great Taste convenience.,Such a lovely taste with little to no gritty bottom. I fill my 950ml bottle and it keeps the taste even been known to top up before the bottle has finished to stretch out the taste. So convenient to have sachets.. wonderful thanks James’s,2026-07-14T18:54:20.967340Z,2026-07-14T18:54:20.967389Z,2026-05-01T23:19:09Z,73.8,True,False,,,False,,,,,False
20341842,15310297563520,15310278951296,creatine-sachets-pineapple-uk-master,Creatine Sachets - Pineapple (30 Pack),,4.0,Game changer,This makes taking creatine daily super easy. Flavouring is nice. Results made simple,2026-07-14T04:29:41.806895Z,2026-07-14T04:29:41.806927Z,2026-04-24T23:18:39Z,80.2,True,False,,,False,,,,,False
20499759,15310297563520,15310281998720,creatine-sachets-strawberry-uk-master,Creatine Sachets - Strawberry Lime (30 Pack),,5.0,,"Amazing ,taste great",2026-07-13T23:07:28Z,2026-07-13T23:07:28Z,,,False,False,,,False,,,,,False
21305037,15310297563520,15310281998720,creatine-sachets-strawberry-uk-master,Creatine Sachets - Strawberry Lime (30 Pack),,5.0,,"Amazing ,taste great",2026-07-13T23:07:28Z,2026-07-13T23:07:28Z,,,True,False,,shop_app,False,,,,,False
20306147,15310297563520,15310275805568,creatine-sachets-unflavoured-uk-master,Creatine Sachets - Unflavoured (30 Pack),,5.0,More advice please,One sachet a day keeps weaknesses away—plus an extra dose of unsolicited advice.,2026-07-12T11:48:03.320540Z,2026-07-12T11:48:11.178966Z,2026-05-12T23:13:58Z,60.5,True,True,,,False,,,,,False
20285377,15310297563520,15310281998720,creatine-sachets-strawberry-uk-master,Creatine Sachets - Strawberry Lime (30 Pack),,4.0,"Cood taste, but (still) expensive shipping !","The taste is good and I have the impression it helps me maintain a good performance at the gym (being taken it for 4 months now). The sachets are easy to carry around, specially when you travel, so that security doesn't look at your weird. Only downside, the shipping is still awfully expensive (almost 25% of the total cost) and the creatine creates little lumps inside the sachet and it is not easy to dilute in water, which leaves residues at the bottom of the bottle.",2026-07-10T13:05:02.138861Z,2026-07-10T13:05:02.138893Z,2026-05-07T23:29:33Z,63.6,True,False,,,False,,,,,False
20243812,15310297563520,15310275805568,creatine-sachets-unflavoured-uk-master,Creatine Sachets - Unflavoured (30 Pack),,5.0,10 10,I’ve been using this stuff for about 6 months the price for what you get is ridiculous I take it daily in my water or juice and it dissolves like butter. I recommend this brand over any other brands they know what there doing and it’s amazing,2026-07-08T09:04:39.622330Z,2026-07-08T09:04:39.622379Z,2026-04-28T23:15:27Z,70.4,True,False,,,False,,,,,False
21305018,15310297563520,15310278951296,creatine-sachets-pineapple-uk-master,Creatine Sachets - Pineapple (30 Pack),,5.0,,"Fast delivery, arrived earlier than estimated.",2026-06-17T15:42:45Z,2026-06-17T15:42:45Z,,,True,False,,shop_app,False,,,,,False
20499752,15310297563520,15310281998720,creatine-sachets-strawberry-uk-master,Creatine Sachets - Strawberry Lime (30 Pack),,5.0,,Best tasting creatine ive ever tried. Now i actually remember to take it.,2026-06-16T13:50:32Z,2026-06-16T13:50:32Z,,,False,False,,,False,,,,,False
21305016,15310297563520,15310281998720,creatine-sachets-strawberry-uk-master,Creatine Sachets - Strawberry Lime (30 Pack),,5.0,,Best tasting creatine ive ever tried. Now i actually remember to take it.,2026-06-16T13:50:32Z,2026-06-16T13:50:32Z,,,True,False,,shop_app,False,,,,,False
19264109,15310297563520,15430493995392,creatine-sticks-30-count-strawberry-aus,Creatine Sticks - Strawberry Lime,,5.0,BEST FLAVORS & EASY TO USE!,"Some of the best flavoured drinks i have had, also the ease of the sticks makes taking them so much easier than other brands.",2026-06-02T03:23:12.987902Z,2026-06-02T03:23:12.987939Z,,,False,False,,,False,,,,,False
19258719,15310297563520,15310278951296,creatine-sachets-pineapple-uk-master,Creatine Sachets - Pineapple (30 Pack),,5.0,Creatine,Awesome great quality,2026-06-01T16:14:49.308018Z,2026-06-01T16:14:49.308052Z,2026-04-02T23:16:29Z,59.7,True,False,,,False,,,,,False
21304997,15310297563520,15310275805568,creatine-sachets-unflavoured-uk-master,Creatine Sachets - Unflavoured (30 Pack),,4.0,,Love it! I like the fact that you can mix it with any liquid due to it being unflavoured! Win-Win,2026-05-27T08:01:04Z,2026-05-27T08:01:04Z,,,True,False,,shop_app,False,,,,,False
20499694,15310297563520,15310275805568,creatine-sachets-unflavoured-uk-master,Creatine Sachets - Unflavoured (30 Pack),,4.0,,Love it! I like the fact that you can mix it with any liquid due to it being unflavoured! Win-Win,2026-05-27T08:01:04Z,2026-05-27T08:01:04Z,,,False,False,,,False,,,,,False
21304996,15310297563520,15310281998720,creatine-sachets-strawberry-uk-master,Creatine Sachets - Strawberry Lime (30 Pack),,3.0,,Cool,2026-05-20T12:46:24Z,2026-05-20T12:46:24Z,,,True,False,,shop_app,False,,,,,False
20499695,15310297563520,15310281998720,creatine-sachets-strawberry-uk-master,Creatine Sachets - Strawberry Lime (30 Pack),,3.0,,Cool,2026-05-20T12:46:24Z,2026-05-20T12:46:24Z,,,False,False,,,False,,,,,False
20499693,15310297563520,15310278951296,creatine-sachets-pineapple-uk-master,Creatine Sachets - Pineapple (30 Pack),,5.0,,"Great flavour, ideal size to carry around whilst on the go! Only downside is the price",2026-05-07T10:07:29Z,2026-05-07T10:07:29Z,,,False,False,,,False,,,,,False
21304992,15310297563520,15310278951296,creatine-sachets-pineapple-uk-master,Creatine Sachets - Pineapple (30 Pack),,5.0,,"Great flavour, ideal size to carry around whilst on the go! Only downside is the price",2026-05-07T10:07:29Z,2026-05-07T10:07:29Z,,,True,False,,shop_app,False,,,,,False
21304988,15310297563520,15310278951296,creatine-sachets-pineapple-uk-master,Creatine Sachets - Pineapple (30 Pack),,5.0,,Been on this for 3 months already just ordered another 3 months. Great Product.,2026-04-30T17:48:34Z,2026-04-30T17:48:34Z,,,True,False,,shop_app,False,,,,,False
20499664,15310297563520,15310278951296,creatine-sachets-pineapple-uk-master,Creatine Sachets - Pineapple (30 Pack),,5.0,,Been on this for 3 months already just ordered another 3 months. Great Product.,2026-04-30T17:48:34Z,2026-04-30T17:48:34Z,,,False,False,,,False,,,,,False
20499731,15310297563520,15310281998720,creatine-sachets-strawberry-uk-master,Creatine Sachets - Strawberry Lime (30 Pack),,5.0,,"Great taste, fast delivery, so easy to use.",2026-04-08T18:53:30Z,2026-04-08T18:53:30Z,,,False,False,,,False,,,,,False
21304978,15310297563520,15310281998720,creatine-sachets-strawberry-uk-master,Creatine Sachets - Strawberry Lime (30 Pack),,5.0,,"Great taste, fast delivery, so easy to use.",2026-04-08T18:53:30Z,2026-04-08T18:53:30Z,,,True,False,,shop_app,False,,,,,False
21304975,15310297563520,15310255653248,creatine-sticks-strawberry-us-30-count,Creatine Sticks - Strawberry Lime (30 Pack) [US],,5.0,,Love it,2026-03-16T16:50:09Z,2026-03-16T16:50:09Z,,,True,False,,shop_app,False,,,,,False
20499668,15310297563520,15310255653248,creatine-sticks-strawberry-us-30-count,Creatine Sticks - Strawberry Lime (30 Pack) [US],,5.0,,Love it,2026-03-16T16:50:09Z,2026-03-16T16:50:09Z,,,False,False,,,False,,,,,False
21304973,15310297563520,15310278951296,creatine-sachets-pineapple-uk-master,Creatine Sachets - Pineapple (30 Pack),,5.0,,Love it,2026-03-16T16:49:43Z,2026-03-16T16:49:43Z,,,True,False,,shop_app,False,,,,,False
20499744,15310297563520,15310281998720,creatine-sachets-strawberry-uk-master,Creatine Sachets - Strawberry Lime (30 Pack),,5.0,,Love it,2026-03-16T16:49:19Z,2026-03-16T16:49:19Z,,,False,False,,,False,,,,,False
21304971,15310297563520,15310281998720,creatine-sachets-strawberry-uk-master,Creatine Sachets - Strawberry Lime (30 Pack),,5.0,,Love it,2026-03-16T16:49:19Z,2026-03-16T16:49:19Z,,,True,False,,shop_app,False,,,,,False
21304966,15310297563520,15310255653248,creatine-sticks-strawberry-us-30-count,Creatine Sticks - Strawberry Lime (30 Pack) [US],,4.0,,Product box was destroyed but product intact,2026-03-10T00:59:58Z,2026-03-10T00:59:58Z,,,True,False,,shop_app,False,,,,,False
21304963,15310297563520,15310298218880,creatine-sticks-strawberry-aus-30-count-aus,Creatine Sticks  - Strawberry Lime (30 Pack) [AU],,2.0,,Product is great. But the powder in the sticks arrived crystalised,2026-02-28T00:34:18Z,2026-02-28T00:34:18Z,,,True,False,,shop_app,False,,,,,False
20499652,15310297563520,15310297858432,creatine-sticks-pineapple-aus-30-count-aus,Creatine Sticks - Pineapple (30 Pack) [AU],,5.0,,The best option for creatine.,2026-02-26T01:35:48Z,2026-02-26T01:35:48Z,,,False,False,,,False,,,,,False
21304962,15310297563520,15310297858432,creatine-sticks-pineapple-aus-30-count-aus,Creatine Sticks - Pineapple (30 Pack) [AU],,5.0,,The best option for creatine.,2026-02-26T01:35:48Z,2026-02-26T01:35:48Z,,,True,False,,shop_app,False,,,,,False
21304958,15310297563520,15310275805568,creatine-sachets-unflavoured-uk-master,Creatine Sachets - Unflavoured (30 Pack),,5.0,,"Very fast deliver, Great product.",2026-02-14T18:23:40Z,2026-02-14T18:23:40Z,,,True,False,,shop_app,False,,,,,False
20499663,15310297563520,15310275805568,creatine-sachets-unflavoured-uk-master,Creatine Sachets - Unflavoured (30 Pack),,5.0,,"Very fast deliver, Great product.",2026-02-14T18:23:40Z,2026-02-14T18:23:40Z,,,False,False,,,False,,,,,False
16520565,15310297563520,15310281998720,creatine-sachets-strawberry-uk-master,Creatine Sachets - Strawberry Lime (30 Pack),,5.0,TASTY BOOST!,"Great taste, ands lots more focus and energy",2026-02-12T17:31:45.611488Z,2026-02-12T17:31:45.611521Z,2026-01-01T21:17:46Z,41.8,True,False,,,False,,,,,False
16413226,15310297563520,15310281998720,creatine-sachets-strawberry-uk-master,Creatine Sachets - Strawberry Lime (30 Pack),,4.0,"Tasty and effective, but subscription getting expensive due to taxes","Pretty good product, taste good and provides helps increase endurance and recovery from the end of the third week if used daily. It mixes well, though if you only use 250 ml of water not everything is dissolved, better to do (at least) 400 ml. Only problem, duties and taxes are mounting to 25 % of the price of 30 sachets when shipped to France.",2026-02-06T14:01:50.894979Z,2026-02-06T14:01:50.895011Z,2026-01-03T09:06:11Z,34.2,True,False,,,False,,,,,False
16408627,15310297563520,15310278951296,creatine-sachets-pineapple-uk-master,Creatine Sachets - Pineapple (30 Pack),,5.0,10/10,top quality,2026-02-05T23:07:53.267658Z,2026-02-05T23:07:53.267691Z,2026-01-21T14:54:59Z,15.3,True,False,,,False,,,,,False
21304953,15310297563520,15310278951296,creatine-sachets-pineapple-uk-master,Creatine Sachets - Pineapple (30 Pack),,5.0,,Really tasty doesn't 100%dissolve but dissolves much better than any other creatine i have used,2026-02-04T12:16:42Z,2026-02-04T12:16:42Z,,,True,False,,shop_app,False,,,,,False
20499667,15310297563520,15310278951296,creatine-sachets-pineapple-uk-master,Creatine Sachets - Pineapple (30 Pack),,5.0,,Really tasty doesn't 100%dissolve but dissolves much better than any other creatine i have used,2026-02-04T12:16:42Z,2026-02-04T12:16:42Z,,,False,False,,,False,,,,,False
16161548,15310297563520,15310275805568,creatine-sachets-unflavoured-uk-master,Creatine Sachets - Unflavoured (30 Pack),,5.0,TASTES GREAT & MIXES BRILLIANTLY!,"Great product, tastes great and mixes brilliantly. Connivance of the sachets and peace of mind knowing you are getting 5g of creatine per serving is exactly what I was after.",2026-01-25T08:23:14.874956Z,2026-01-25T08:23:14.874995Z,,,False,False,,,False,,,,,False
16143486,15310297563520,15310278951296,creatine-sachets-pineapple-uk-master,Creatine Sachets - Pineapple (30 Pack),,5.0,Great taste,Taste great but haven’t done a month yet but will let you know,2026-01-23T12:23:39.484364Z,2026-01-23T12:23:39.484397Z,2026-01-02T14:20:10Z,20.9,True,False,,,False,,,,,False
21304951,15310297563520,15310281998720,creatine-sachets-strawberry-uk-master,Creatine Sachets - Strawberry Lime (30 Pack),,1.0,,Customer service really lets down such a good product.,2026-01-23T07:11:46Z,2026-01-23T07:11:46Z,,,True,False,,shop_app,False,,,,,False
16067046,15310297563520,15310281998720,creatine-sachets-strawberry-uk-master,Creatine Sachets - Strawberry Lime (30 Pack),,5.0,TASTY AND SMOOTH! 👍🏻,Loving the taste and no grittyness 👍🏻,2026-01-20T17:00:49.485702Z,2026-01-20T17:00:49.485733Z,2026-01-03T11:45:10Z,17.2,True,False,,,False,,,,,False
16059563,15310297563520,15310278951296,creatine-sachets-pineapple-uk-master,Creatine Sachets - Pineapple (30 Pack),,5.0,Convenient and Tastes great,Haven't missed a day of creatine since moving to this product.,2026-01-20T10:48:02.864883Z,2026-01-20T10:48:02.864913Z,2026-01-05T00:27:41Z,15.4,True,False,,,False,,,,,False
16037836,15310297563520,15310281998720,creatine-sachets-strawberry-uk-master,Creatine Sachets - Strawberry Lime (30 Pack),,5.0,Great product ,Tastes great. Easy to remember ,2026-01-19T18:32:59.726148Z,2026-01-19T18:32:59.726192Z,2026-01-03T01:50:57Z,16.7,True,False,,,False,,,,,False
16013824,15310297563520,15430493995392,creatine-sticks-30-count-strawberry-aus,Creatine Sticks - Strawberry Lime,,5.0,Ideal for travelling and tasty flavour,Perfect for travelling or days when I dont have my protein shaker or normal routine,2026-01-18T07:17:11.676580Z,2026-01-18T07:17:11.676613Z,,,False,False,,,False,,,,,False
16003560,15310297563520,15310281998720,creatine-sachets-strawberry-uk-master,Creatine Sachets - Strawberry Lime (30 Pack),,5.0,Tasty and travel friendly,Great taste. Easy to consume. Great for travelling,2026-01-16T20:59:08.362803Z,2026-01-16T20:59:27.587124Z,2026-01-02T00:24:51Z,14.9,True,True,,,False,,,,,False
20499658,15310297563520,15310281998720,creatine-sachets-strawberry-uk-master,Creatine Sachets - Strawberry Lime (30 Pack),,5.0,,"Won’t be buying any other product. Taste, ease and price do it for me. Can’t justify spending a fortune on gummies when i can grab a sachet and easily put this in my bottle and take it to the gym/work for £1 a sachet. Was skeptical about neutonic and been trying to find a reason to not buy again but to be honest I can’t find one. Just hope the prices don’t shoot up",2026-01-14T11:48:32Z,2026-01-14T11:48:32Z,,,False,False,,,False,,,,,False
21304949,15310297563520,15310281998720,creatine-sachets-strawberry-uk-master,Creatine Sachets - Strawberry Lime (30 Pack),,5.0,,"Won’t be buying any other product. Taste, ease and price do it for me. Can’t justify spending a fortune on gummies when i can grab a sachet and easily put this in my bottle and take it to the gym/work for £1 a sachet. Was skeptical about neutonic and been trying to find a reason to not buy again but to be honest I can’t find one. Just hope the prices don’t shoot up",2026-01-14T11:48:32Z,2026-01-14T11:48:32Z,,,True,False,,shop_app,False,,,,,False
20499646,15310297563520,15310281998720,creatine-sachets-strawberry-uk-master,Creatine Sachets - Strawberry Lime (30 Pack),,4.0,,"Great flavour and good wuality, even down to the packaging. Slightly too sweet for my taste but won’t stop me reordering.",2026-01-14T08:10:04Z,2026-01-14T08:10:04Z,,,False,False,,,False,,,,,False
21304948,15310297563520,15310281998720,creatine-sachets-strawberry-uk-master,Creatine Sachets - Strawberry Lime (30 Pack),,4.0,,"Great flavour and good wuality, even down to the packaging. Slightly too sweet for my taste but won’t stop me reordering.",2026-01-14T08:10:04Z,2026-01-14T08:10:04Z,,,True,False,,shop_app,False,,,,,False
15705589,15310297563520,15310281998720,creatine-sachets-strawberry-uk-master,Creatine Sachets - Strawberry Lime (30 Pack),,5.0,BEST CREATINE EVER!,Best Creatine product I have ever used.,2026-01-13T14:42:19.008541Z,2026-01-13T14:42:19.008572Z,2025-12-28T21:08:37Z,15.7,True,False,,,False,,,,,False
15695041,15310297563520,15310278951296,creatine-sachets-pineapple-uk-master,Creatine Sachets - Pineapple (30 Pack),,5.0,FEELING THE RESULTS!,"Started taking this creatine less than 2 weeks ago, feel the focus and energy and starting to see results already. Would recommend to everyone. ",2026-01-12T18:42:37.251701Z,2026-01-12T18:42:37.251734Z,2025-12-28T20:16:34Z,14.9,True,False,,,False,,,,,False
15694779,15310297563520,15310281998720,creatine-sachets-strawberry-uk-master,Creatine Sachets - Strawberry Lime (30 Pack),,5.0,Creatine,Excellent product,2026-01-12T18:13:15.127529Z,2026-01-12T18:13:15.127562Z,2025-12-25T16:20:27Z,18.1,True,False,,,False,,,,,False
21304942,15310297563520,15310281998720,creatine-sachets-strawberry-uk-master,Creatine Sachets - Strawberry Lime (30 Pack),,5.0,,Great stuff!,2026-01-07T05:52:22Z,2026-01-07T05:52:22Z,,,True,False,,shop_app,False,,,,,False
20499645,15310297563520,15310281998720,creatine-sachets-strawberry-uk-master,Creatine Sachets - Strawberry Lime (30 Pack),,5.0,,Great stuff!,2026-01-07T05:52:22Z,2026-01-07T05:52:22Z,,,False,False,,,False,,,,,False
15569476,15310297563520,15310281998720,creatine-sachets-strawberry-uk-master,Creatine Sachets - Strawberry Lime (30 Pack),,5.0,DIDN'T KNOW I NEEDED THIS!,More of this another product I didn’t know I needed,2026-01-05T17:42:57.854093Z,2026-01-05T17:42:57.854124Z,2025-12-21T16:42:59Z,15.0,True,False,,,False,,,,,False
20499703,15310297563520,15310275805568,creatine-sachets-unflavoured-uk-master,Creatine Sachets - Unflavoured (30 Pack),,5.0,,"Super easy to use, does what it says, and makes taking my creatine way easier than a tub and scoop – no mess, no hassle, I'll buy it again!",2025-12-12T23:25:48Z,2025-12-12T23:25:48Z,,,False,False,,,False,,,,,False
21304934,15310297563520,15310275805568,creatine-sachets-unflavoured-uk-master,Creatine Sachets - Unflavoured (30 Pack),,5.0,,"Super easy to use, does what it says, and makes taking my creatine way easier than a tub and scoop – no mess, no hassle, I'll buy it again!",2025-12-12T23:25:48Z,2025-12-12T23:25:48Z,,,True,False,,shop_app,False,,,,,False
15097952,15310297563520,15310298218880,creatine-sticks-strawberry-aus-30-count-aus,Creatine Sticks  - Strawberry Lime (30 Pack) [AU],,5.0,Happy customer,The Strawberry Lime flavour is delicious. The sticks are so convenient.,2025-12-10T01:35:26.365032Z,2025-12-10T01:35:26.365063Z,2025-11-25T22:50:38Z,14.1,True,False,,,False,,,,,False
15044750,15310297563520,15310298218880,creatine-sticks-strawberry-aus-30-count-aus,Creatine Sticks  - Strawberry Lime (30 Pack) [AU],,5.0,Great product!,"Really good product love the taste and easy to make, delivery super fast within Australia came within three days. Customer service is also top notch. Will be buying again.",2025-12-07T21:08:37.548005Z,2025-12-07T21:08:37.548036Z,2025-11-29T12:40:43Z,8.4,True,False,,,False,,,,,False
15042241,15310297563520,15310297858432,creatine-sticks-pineapple-aus-30-count-aus,Creatine Sticks - Pineapple (30 Pack) [AU],,4.0,Excellent taste and convenience,Dissolves really well and tastes great. Super convenient to grab one and throw in the lunch bag. Can be pretty strong and over sweet if not ratioed with enough water,2025-12-07T13:10:19.732565Z,2025-12-07T13:10:19.732594Z,2025-11-22T03:48:39Z,15.4,True,False,,,False,,,,,False
21304930,15310297563520,15310255653248,creatine-sticks-strawberry-us-30-count,Creatine Sticks - Strawberry Lime (30 Pack) [US],,5.0,,Great flavor!,2025-12-05T20:38:05Z,2025-12-05T20:38:05Z,,,True,False,,shop_app,False,,,,,False
20499741,15310297563520,15310255128960,creatine-sticks-unflavoured-us-30-count,Creatine Sticks - Unflavored (30 Pack) [US],,5.0,,"Good quality creatine, convenient packaging",2025-12-05T20:37:56Z,2025-12-05T20:37:56Z,,,False,False,,,False,,,,,False
21304929,15310297563520,15310255128960,creatine-sticks-unflavoured-us-30-count,Creatine Sticks - Unflavored (30 Pack) [US],,5.0,,"Good quality creatine, convenient packaging",2025-12-05T20:37:56Z,2025-12-05T20:37:56Z,,,True,False,,shop_app,False,,,,,False
21304924,15310297563520,15310255194496,creatine-sticks-pineapple-us-30-count,Creatine Sticks - Pineapple (30 Pack) [US],,5.0,,Great product. Love the flavors!,2025-12-05T20:36:51Z,2025-12-05T20:36:51Z,,,True,False,,shop_app,False,,,,,False
21304921,15310297563520,15310298218880,creatine-sticks-strawberry-aus-30-count-aus,Creatine Sticks  - Strawberry Lime (30 Pack) [AU],,5.0,,Fantastic stuff... just wish it was always discounted 😆,2025-12-04T19:54:29Z,2025-12-04T19:54:29Z,,,True,False,,shop_app,False,,,,,False
14978889,15310297563520,15310278951296,creatine-sachets-pineapple-uk-master,Creatine Sachets - Pineapple (30 Pack),,5.0,Easy to be consistent,The sachets make it easy to be consistent. Less h than 30 days in to taking creatine in this batch so can’t fully review the product; but the sachets make it easy to be consistent.,2025-12-02T20:01:14.864327Z,2025-12-02T20:01:14.864360Z,2025-11-14T22:58:38Z,17.9,True,False,,,False,,,,,False
14833355,15310297563520,15414013100416,creatine-sachets-strawberry-uk,Creatine Sachets - Strawberry Lime,,5.0,Great Product!,Great taste and easy to use. 10/10 recommend,2025-11-29T09:11:53.108265Z,2025-11-29T09:11:53.108305Z,,,False,False,,,False,,,,,False
14829261,15310297563520,15310278951296,creatine-sachets-pineapple-uk-master,Creatine Sachets - Pineapple (30 Pack),,5.0,Sooo surprised,"Amazing product, tastes beaut!",2025-11-28T19:22:49.653917Z,2025-11-28T19:22:49.653950Z,2025-11-13T14:23:23Z,15.2,True,False,,,False,,,,,False
14731531,15310297563520,15310297858432,creatine-sticks-pineapple-aus-30-count-aus,Creatine Sticks - Pineapple (30 Pack) [AU],,5.0,Worth the money.,Good taste. Delivered within 24 hours in Brisbane. Would recommend. Much better than gummies and other creatine supps.,2025-11-27T05:35:54.005824Z,2025-11-27T05:35:54.005863Z,2025-11-19T20:14:48Z,7.4,True,False,,,False,,,,,False
20499632,15310297563520,15310281998720,creatine-sachets-strawberry-uk-master,Creatine Sachets - Strawberry Lime (30 Pack),,5.0,,"Love that individual portions come in little easy to open sachets snd its the only creatine ive been able to stomach! No bloating so far, 1 week in and even better knowing exactly what im putting into my body. Well done, guys!",2025-11-25T20:03:43Z,2025-11-25T20:03:43Z,,,False,False,,,False,,,,,False
21304920,15310297563520,15310281998720,creatine-sachets-strawberry-uk-master,Creatine Sachets - Strawberry Lime (30 Pack),,5.0,,"Love that individual portions come in little easy to open sachets snd its the only creatine ive been able to stomach! No bloating so far, 1 week in and even better knowing exactly what im putting into my body. Well done, guys!",2025-11-25T20:03:43Z,2025-11-25T20:03:43Z,,,True,False,,shop_app,False,,,,,False
14666457,15310297563520,15310275805568,creatine-sachets-unflavoured-uk-master,Creatine Sachets - Unflavoured (30 Pack),,5.0,Awesome,Amazing product,2025-11-24T17:59:00.679804Z,2025-11-24T17:59:00.679836Z,2025-11-07T16:09:25Z,17.1,True,False,,,False,,,,,False
20499676,15310297563520,15310281998720,creatine-sachets-strawberry-uk-master,Creatine Sachets - Strawberry Lime (30 Pack),,5.0,,Have been using it in my workout routine and I really like it. The flavour in it makes it Different than other creatine powders.,2025-11-22T20:16:16Z,2025-11-22T20:16:16Z,,,False,False,,,False,,,,,False
21304914,15310297563520,15310281998720,creatine-sachets-strawberry-uk-master,Creatine Sachets - Strawberry Lime (30 Pack),,5.0,,Have been using it in my workout routine and I really like it. The flavour in it makes it Different than other creatine powders.,2025-11-22T20:16:16Z,2025-11-22T20:16:16Z,,,True,False,,shop_app,False,,,,,False
21304913,15310297563520,15310281998720,creatine-sachets-strawberry-uk-master,Creatine Sachets - Strawberry Lime (30 Pack),,5.0,,"Great taste, not sure of its entire effect as i’m still in the first load month, quick and convenient",2025-11-22T12:10:37Z,2025-11-22T12:10:37Z,,,True,False,,shop_app,False,,,,,False
14604153,15310297563520,15310275805568,creatine-sachets-unflavoured-uk-master,Creatine Sachets - Unflavoured (30 Pack),,5.0,5*,,2025-11-20T17:30:38.467270Z,2025-11-20T17:30:38.467305Z,2025-11-05T16:03:05Z,15.1,True,False,,,False,,,,,False
20499597,15310297563520,15310281998720,creatine-sachets-strawberry-uk-master,Creatine Sachets - Strawberry Lime (30 Pack),,5.0,,Great addition!,2025-11-20T10:22:06Z,2025-11-20T10:22:06Z,,,False,False,,,False,,,,,False
21304911,15310297563520,15310281998720,creatine-sachets-strawberry-uk-master,Creatine Sachets - Strawberry Lime (30 Pack),,5.0,,Great addition!,2025-11-20T10:22:06Z,2025-11-20T10:22:06Z,,,True,False,,shop_app,False,,,,,False
21780433,15310297563520,15310281998720,creatine-sachets-strawberry-uk-master,Creatine Sachets - Strawberry Lime (30 Pack),,5.0,,,2026-10-01T14:05:22.028434Z,2026-10-01T14:05:22.028484Z,2026-08-03T23:15:03Z,58.6,True,False,,,False,,,,,False
21768142,15310297563520,15310281998720,creatine-sachets-strawberry-uk-master,Creatine Sachets - Strawberry Lime (30 Pack),,5.0,,,2026-09-30T14:38:14.165083Z,2026-09-30T14:38:14.165124Z,2026-08-21T08:51:08Z,40.2,True,False,,,False,,,,,False
21762235,15310297563520,15310281998720,creatine-sachets-strawberry-uk-master,Creatine Sachets - Strawberry Lime (30 Pack),,5.0,,,2026-09-30T06:53:52.319224Z,2026-09-30T06:53:52.319271Z,2026-08-17T09:10:12Z,43.9,True,False,,,False,,,,,False
21723156,15310297563520,15310281998720,creatine-sachets-strawberry-uk-master,Creatine Sachets - Strawberry Lime (30 Pack),,5.0,,,2026-09-27T15:59:00.582252Z,2026-09-27T15:59:00.582295Z,2026-08-19T23:21:10Z,38.7,True,False,,,False,,,,,False
21679447,15310297563520,15310278951296,creatine-sachets-pineapple-uk-master,Creatine Sachets - Pineapple (30 Pack),,5.0,,,2026-09-24T15:34:35.612498Z,2026-09-24T15:34:35.612541Z,2026-08-11T19:16:39Z,43.8,True,False,,,False,,,,,False
21516612,15310297563520,15310281998720,creatine-sachets-strawberry-uk-master,Creatine Sachets - Strawberry Lime (30 Pack),,5.0,,,2026-09-15T21:50:14.604281Z,2026-09-15T21:50:14.604326Z,2026-08-02T19:09:49Z,44.1,True,False,,,False,,,,,False
21333058,15310297563520,15310281998720,creatine-sachets-strawberry-uk-master,Creatine Sachets - Strawberry Lime (30 Pack),,5.0,,,2026-09-06T20:04:30.713996Z,2026-09-06T20:04:30.714038Z,2026-07-29T23:15:26Z,38.9,True,False,,,False,,,,,False
21253883,15310297563520,15310278951296,creatine-sachets-pineapple-uk-master,Creatine Sachets - Pineapple (30 Pack),,5.0,,,2026-08-31T23:29:52.892388Z,2026-08-31T23:29:52.892438Z,2026-07-31T13:19:03Z,31.4,True,False,,,False,,,,,False
20926049,15310297563520,15310278951296,creatine-sachets-pineapple-uk-master,Creatine Sachets - Pineapple (30 Pack),,5.0,,,2026-08-14T21:51:05.831426Z,2026-08-14T21:51:05.831485Z,2026-07-07T07:13:52Z,38.6,True,False,,,False,,,,,False
20924496,15310297563520,15310281998720,creatine-sachets-strawberry-uk-master,Creatine Sachets - Strawberry Lime (30 Pack),,5.0,,,2026-08-14T17:32:53.630384Z,2026-08-14T17:32:53.630425Z,2026-07-07T07:57:21Z,38.4,True,False,,,False,,,,,False
20773568,15310297563520,15310281998720,creatine-sachets-strawberry-uk-master,Creatine Sachets - Strawberry Lime (30 Pack),,5.0,,,2026-08-05T21:04:23.590894Z,2026-08-05T21:04:23.590940Z,2026-05-27T23:20:13Z,69.9,True,False,,,False,,,,,False
20667711,15310297563520,15310281998720,creatine-sachets-strawberry-uk-master,Creatine Sachets - Strawberry Lime (30 Pack),,4.0,,,2026-07-30T17:22:12.532632Z,2026-07-30T17:22:12.532688Z,2026-05-15T23:12:44Z,75.8,True,False,,,False,,,,,False
20649672,15310297563520,15310278951296,creatine-sachets-pineapple-uk-master,Creatine Sachets - Pineapple (30 Pack),,5.0,,,2026-07-29T21:00:19.135646Z,2026-07-29T21:00:19.135722Z,2026-05-19T05:29:59Z,71.6,True,False,,,False,,,,,False
20535297,15310297563520,15310281998720,creatine-sachets-strawberry-uk-master,Creatine Sachets - Strawberry Lime (30 Pack),,5.0,,,2026-07-25T21:00:40.760297Z,2026-07-25T21:00:40.760352Z,2026-05-12T14:01:30Z,74.3,True,False,,,False,,,,,False
20535296,15310297563520,15310278951296,creatine-sachets-pineapple-uk-master,Creatine Sachets - Pineapple (30 Pack),,5.0,,,2026-07-25T20:59:40.747341Z,2026-07-25T20:59:40.747384Z,2026-05-12T14:01:30Z,74.3,True,False,,,False,,,,,False
19022513,15310297563520,15310275805568,creatine-sachets-unflavoured-uk-master,Creatine Sachets - Unflavoured (30 Pack),,5.0,,,2026-05-19T18:31:17.283895Z,2026-05-19T18:31:17.283947Z,2026-03-26T10:47:19Z,54.3,True,False,,,False,,,,,False
16112658,15310297563520,15310278951296,creatine-sachets-pineapple-uk-master,Creatine Sachets - Pineapple (30 Pack),,5.0,,,2026-01-21T18:28:20.251601Z,2026-01-21T18:28:20.251640Z,2026-01-06T18:54:56Z,15.0,True,False,,,False,,,,,False
14604155,15310297563520,15310281998720,creatine-sachets-strawberry-uk-master,Creatine Sachets - Strawberry Lime (30 Pack),,5.0,,,2025-11-20T18:01:18.230149Z,2025-11-20T18:01:18.230191Z,2025-11-05T16:03:05Z,15.1,True,False,,,False,,,,,False
14604154,15310297563520,15310278951296,creatine-sachets-pineapple-uk-master,Creatine Sachets - Pineapple (30 Pack),,5.0,,,2025-11-20T18:01:18.222430Z,2025-11-20T18:01:18.222474Z,2025-11-05T16:03:05Z,15.1,True,False,,,False,,,,,False
21779361,9143260905780,9143260905780,neutonic-powder-peach-mango-us-16-pack,Focus Blend - Peach Mango [US],,5.0,I am NOT a wuss (lol),"Honestly, I freaking love it. I keep forgetting is just a vitamin product that sometimes I take three a day, just to flavor my water.  The first time I bought was back in 2024. You guys found the key to fuel everyone’s morning, midday, and evening productivity fuel for their engine. You guys are true geniuses. Marketing is peak. You guys are an incredible people. You guys are a pair of solid dudes. Keep doing what you do, you guys are awesome in every sense of the way.",2026-10-01T12:56:51.381532Z,2026-10-01T12:56:51.381562Z,2026-08-20T23:18:15Z,41.6,True,False,,,False,,,,,False
21755841,9143260905780,9149210460468,focus-blend-peach-mango-16-pack,Focus Blend - Peach Mango,,4.0,Sweet but Effective!,"Although a bit too sweet, it tastes good and I feel more focussed and alert on drinking it. Even better I can have it later in the day being caffeine free. Good stuff!",2026-09-29T17:48:12.490219Z,2026-09-29T17:48:41.741975Z,2026-08-27T11:53:37Z,33.2,True,True,,,False,,,,,False
21692279,9143260905780,9149209608500,focus-blend-wild-berry-16-pack,Focus Blend - Wild Berry,,4.0,"Works Great, Flavor Not My Fav","Works great, just as advertised. But the flavor is not the best for me",2026-09-25T05:25:10.869018Z,2026-09-25T05:25:10.869062Z,2026-08-27T04:24:55Z,29.0,True,False,,,False,,,,,False
21692278,9143260905780,9149210460468,focus-blend-peach-mango-16-pack,Focus Blend - Peach Mango,,5.0,TASTY FOCUS BOOST!,"Love the taste, and that bump in focus I get that just makes the day easier",2026-09-25T05:24:32.688584Z,2026-09-25T05:24:32.688618Z,2026-08-27T04:24:55Z,29.0,True,False,,,False,,,,,False
21617962,9143260905780,9143261135156,focus-blend-wild-berry-16-pack-us,Focus Blend - Wild Berry [US],,5.0,Love Focus Blend,"LOOOOOOOVE this stuff!!  It really helps me to focus and gives me a even flow of energy, no crashing.  Can't be without this product!",2026-09-22T14:54:28.971405Z,2026-09-22T14:54:28.971436Z,2026-08-27T17:28:06Z,25.9,True,False,,,False,,,,,False
21607146,9143260905780,15134387929472,watermelon-mint-16pk-usa,Focus Blend - Watermelon Mint [US],,4.0,Great Flavor and Benefits,,2026-09-21T14:26:42.287603Z,2026-09-21T14:26:42.287636Z,2026-08-27T15:37:00Z,25.0,True,False,,,False,,,,,False
21538322,9143260905780,9149209608500,focus-blend-wild-berry-16-pack,Focus Blend - Wild Berry,,5.0,put a bit of pep in your step!,I'm an early riser so begin to struggle mentally by the afternoon.  One of  these mid afternoon keeps me on track.  I also love to drink it when I am training.,2026-09-17T07:55:04.629005Z,2026-09-17T07:55:04.629037Z,2026-08-02T23:21:47Z,45.4,True,False,,,False,,,,,False
21313336,9143260905780,9143260905780,neutonic-powder-peach-mango-us-16-pack,Focus Blend - Peach Mango [US],,4.0,“ENJOYABLE PART OF MY ROUTINE”,"I drink Neutonic Focus Blend, peach or Wildberry, almost daily with lunch. I use about twice the recommended amount of water because I find the flavor too strong when prepared as directed. I honestly can’t say whether it improves my focus, as I haven’t noticed a clear difference. However, I enjoy the taste and appreciate having it as an alternative to soda and other sugary drinks. Overall, it has become an enjoyable part of my daily routine.",2026-09-04T04:34:52.982838Z,2026-09-04T04:34:52.982884Z,2026-08-11T23:17:24Z,23.2,True,False,,,False,,,,,False
21197884,9143260905780,9143260905780,neutonic-powder-peach-mango-us-16-pack,Focus Blend - Peach Mango [US],,5.0,SURPRISINGLY DELICIOUS!,Mix it right and you will be pleasantly surprised how delicious this flavor is!,2026-08-31T01:48:26.442654Z,2026-08-31T01:48:26.442683Z,2026-08-03T23:20:07Z,27.1,True,False,,,False,,,,,False
21184714,9143260905780,15134384619904,watermelon-mint-16pk,Focus Blend - Watermelon Mint,,5.0,Flavour bomb!,"Love the flavour! Can’t go to work without at least one of my neutonic products, they get me through the day.",2026-08-28T22:18:48.340446Z,2026-08-28T22:18:48.340493Z,2026-07-31T01:52:08Z,28.9,True,False,,,False,,,,,False
21305074,9143260905780,15134384619904,watermelon-mint-16pk,Focus Blend - Watermelon Mint,,5.0,,Brilliang product for a non caffeine alternative great flavour foi,2026-08-22T23:26:46Z,2026-08-22T23:26:46Z,,,True,False,,shop_app,False,,,,,False
21305061,9143260905780,9143260905780,neutonic-powder-peach-mango-us-16-pack,Focus Blend - Peach Mango [US],,5.0,,Great tase and feels,2026-08-11T18:10:57Z,2026-08-11T18:10:57Z,,,True,False,,shop_app,False,,,,,False
20844125,9143260905780,15134387929472,watermelon-mint-16pk-usa,Focus Blend - Watermelon Mint [US],,5.0,Dialed in,It’s like meth,2026-08-10T22:34:31.036179Z,2026-08-10T22:34:31.036211Z,2026-07-20T16:31:29Z,21.3,True,False,,,False,,,,,False
20803177,9143260905780,15134384619904,watermelon-mint-16pk,Focus Blend - Watermelon Mint,,5.0,BLOWN AWAY!,"Blew me out of the water.  I have a 4 year old plus a 4 month old and I honestly look forward to the focus blend more than my coffee. I’ve even managed to cut half the caffeine I was running on ( that wasn’t even touching the sides) out! I’ve also noticed i’m so much more productive now my brain isn’t manic prioritising 900 things while not actually achieving anything.  I just think it, do it, it’s done. Love them 10/10.",2026-08-07T03:29:06.480408Z,2026-08-07T03:29:06.480442Z,2026-07-06T23:28:06Z,31.2,True,False,,,False,,,,,False
20546752,9143260905780,15134384619904,watermelon-mint-16pk,Focus Blend - Watermelon Mint,,5.0,Keeps me going through the day! (need to tweak the flavour),"I do find these great and always fire them into a protein shaker or a bottle of water, they do taste nice, but I do think this specific flavour (Watermelon) is a little of the artificial side, t would be nice to have it taste closer to the real thing.",2026-07-27T09:42:12.731581Z,2026-07-27T09:42:12.731616Z,2026-07-02T12:10:42Z,24.9,True,False,,,False,,,,,False
20542794,9143260905780,15134387929472,watermelon-mint-16pk-usa,Focus Blend - Watermelon Mint [US],,5.0,Hooked w/ No Caffeine,"When I decided to go no-caffeine for personal health reasons, this is what has gotten me through it.  I'm hooked & it's replaced my 16oz ""white cans"" that were $1.50/ea from the bulk sale",2026-07-26T22:16:45.462673Z,2026-07-26T22:16:45.462714Z,2026-07-02T00:09:22Z,24.9,True,False,,,False,,,,,False
20499758,9143260905780,9149209608500,focus-blend-wild-berry-16-pack,Focus Blend - Wild Berry,,5.0,,"Easy to drink, great flavour",2026-07-13T23:07:15Z,2026-07-13T23:07:15Z,,,False,False,,,False,,,,,False
21305036,9143260905780,9149209608500,focus-blend-wild-berry-16-pack,Focus Blend - Wild Berry,,5.0,,"Easy to drink, great flavour",2026-07-13T23:07:15Z,2026-07-13T23:07:15Z,,,True,False,,shop_app,False,,,,,False
20249524,9143260905780,9149209608500,focus-blend-wild-berry-16-pack,Focus Blend - Wild Berry,,5.0,SPRING IN MY STEP!,"Love this product, helps put a spring in my step!",2026-07-08T23:08:10.229752Z,2026-07-08T23:08:10.229782Z,2026-05-07T23:37:01Z,62.0,True,False,,,False,,,,,False
21305023,9143260905780,9149210460468,focus-blend-peach-mango-16-pack,Focus Blend - Peach Mango,,3.0,,Not my favourite flavour. Will give it to my personal trainer.,2026-06-24T11:32:27Z,2026-06-24T11:32:27Z,,,True,False,,shop_app,False,,,,,False
20499680,9143260905780,9143261135156,focus-blend-wild-berry-16-pack-us,Focus Blend - Wild Berry [US],,5.0,,Amazing product and extrny fast delivery,2026-06-06T15:14:56Z,2026-06-06T15:14:56Z,,,False,False,,,False,,,,,False
21305008,9143260905780,9143261135156,focus-blend-wild-berry-16-pack-us,Focus Blend - Wild Berry [US],,5.0,,Amazing product and extrny fast delivery,2026-06-06T15:14:56Z,2026-06-06T15:14:56Z,,,True,False,,shop_app,False,,,,,False
21304991,9143260905780,9149209608500,focus-blend-wild-berry-16-pack,Focus Blend - Wild Berry,,5.0,,incredible,2026-05-05T23:27:28Z,2026-05-05T23:27:28Z,,,True,False,,shop_app,False,,,,,False
20499697,9143260905780,9149209608500,focus-blend-wild-berry-16-pack,Focus Blend - Wild Berry,,5.0,,incredible,2026-05-05T23:27:28Z,2026-05-05T23:27:28Z,,,False,False,,,False,,,,,False
20499677,9143260905780,15134384619904,watermelon-mint-16pk,Focus Blend - Watermelon Mint,,4.0,,Packaging was a little damaged but it tastes awesome and help me focus incredibly well,2026-04-21T01:20:15Z,2026-04-21T01:20:15Z,,,False,False,,,False,,,,,False
21304982,9143260905780,15134384619904,watermelon-mint-16pk,Focus Blend - Watermelon Mint,,4.0,,Packaging was a little damaged but it tastes awesome and help me focus incredibly well,2026-04-21T01:20:15Z,2026-04-21T01:20:15Z,,,True,False,,shop_app,False,,,,,False
21304976,9143260905780,9149210460468,focus-blend-peach-mango-16-pack,Focus Blend - Peach Mango,,5.0,,"A great product if you're looking for an extra jolt to get through the mid-day caffeine crash. Provides a layer of mental clarity, helps with brain fog, focus & productivity.  Designed to optimize cognitive performance...oh yeah! And there's a Peach Mango flavor.",2026-03-18T12:58:22Z,2026-03-18T12:58:22Z,,,True,False,,shop_app,False,,,,,False
20499673,9143260905780,9149210460468,focus-blend-peach-mango-16-pack,Focus Blend - Peach Mango,,5.0,,"A great product if you're looking for an extra jolt to get through the mid-day caffeine crash. Provides a layer of mental clarity, helps with brain fog, focus & productivity.  Designed to optimize cognitive performance...oh yeah! And there's a Peach Mango flavor.",2026-03-18T12:58:22Z,2026-03-18T12:58:22Z,,,False,False,,,False,,,,,False
21304964,9143260905780,9148978135348,berry-individual-sticks,Focus Blend - Individual Stick,,5.0,,"Amazing flavor, no chalky feel like other products have and helps curb that afternoon post lunch crash.",2026-03-01T22:45:36Z,2026-03-01T22:45:36Z,,,True,False,,shop_app,False,,,,,False
20499650,9143260905780,9148978135348,berry-individual-sticks,Focus Blend - Individual Stick,,5.0,,"Amazing flavor, no chalky feel like other products have and helps curb that afternoon post lunch crash.",2026-03-01T22:45:36Z,2026-03-01T22:45:36Z,,,False,False,,,False,,,,,False
20499724,9143260905780,9149211214132,peach-individual-sticks-uk,Focus Blend - Individual Sachet,,5.0,,Great product and very convenient,2026-02-19T13:49:12Z,2026-02-19T13:49:12Z,,,False,False,,,False,,,,,False
21304959,9143260905780,9149211214132,peach-individual-sticks-uk,Focus Blend - Individual Sachet,,5.0,,Great product and very convenient,2026-02-19T13:49:12Z,2026-02-19T13:49:12Z,,,True,False,,shop_app,False,,,,,False
16489969,9143260905780,9149211214132,peach-individual-sticks-uk,Focus Blend - Individual Sachet,,5.0,Must try!,Makes water taste good,2026-02-10T18:33:12.718727Z,2026-02-10T22:22:14.271294Z,2026-01-27T10:14:32Z,14.3,True,True,,,False,,,,,False
16489968,9143260905780,9149206397236,berry-individual-sticks-uk,Focus Blend - Individual Sachet,,5.0,Must try!,Makes water taste good,2026-02-10T18:33:12.701693Z,2026-02-10T22:21:46.553859Z,2026-01-27T10:14:32Z,14.3,True,True,,,False,,,,,False
16112654,9143260905780,9149206397236,berry-individual-sticks-uk,Focus Blend - Individual Sachet,,4.0,AFTERNOON BOOST!,It's a nice boost mid afternoon when you hit that lack of focus ,2026-01-21T17:57:22.312747Z,2026-01-21T17:57:22.312780Z,2026-01-06T18:54:56Z,15.0,True,False,,,False,,,,,False
16004058,9143260905780,9143260905780,neutonic-powder-peach-mango-us-16-pack,Focus Blend - Peach Mango [US],,5.0,Full Brain Experience - NO downside!,"Neutonic isn’t just an energy drink, it’s a full brain supplement that provides energy and focus and clarity without the buzz or jitters or crash!",2026-01-16T21:18:54.670162Z,2026-01-16T21:18:54.670194Z,2026-01-05T00:26:51Z,11.9,True,False,,,False,,,,,False
21304945,9143260905780,9149206397236,berry-individual-sticks-uk,Focus Blend - Individual Sachet,,5.0,,Tastes good,2026-01-07T22:14:25Z,2026-01-07T22:14:25Z,,,True,False,,shop_app,False,,,,,False
21304944,9143260905780,9149211214132,peach-individual-sticks-uk,Focus Blend - Individual Sachet,,5.0,,Tastes good,2026-01-07T22:14:17Z,2026-01-07T22:14:17Z,,,True,False,,shop_app,False,,,,,False
20499738,9143260905780,9149211214132,peach-individual-sticks-uk,Focus Blend - Individual Sachet,,5.0,,Tastes good,2026-01-07T22:14:17Z,2026-01-07T22:14:17Z,,,False,False,,,False,,,,,False
21304938,9143260905780,9148978135348,berry-individual-sticks,Focus Blend - Individual Stick,,5.0,,"Love the blend, works really well for me and tastes great.",2025-12-22T02:25:38Z,2025-12-22T02:25:38Z,,,True,False,,shop_app,False,,,,,False
20499635,9143260905780,9148976824628,peach-individual-sticks,Focus Blend - Individual Stick,,5.0,,"Love the blend, works really well for me and tastes good.",2025-12-22T02:25:18Z,2025-12-22T02:25:18Z,,,False,False,,,False,,,,,False
21304937,9143260905780,9148976824628,peach-individual-sticks,Focus Blend - Individual Stick,,5.0,,"Love the blend, works really well for me and tastes good.",2025-12-22T02:25:18Z,2025-12-22T02:25:18Z,,,True,False,,shop_app,False,,,,,False
15039379,9143260905780,9143260905780,neutonic-powder-peach-mango-us-16-pack,Focus Blend - Peach Mango [US],,5.0,QUICK BOOST ON THE GO!,"The focus sticks really help me get an edge any time I need a quick boost! They’re effective and help bring focus fast along with the added benefit of encouraging me to drink more water! It’s wonderful to have them on the go for work, travel, and remote workouts!",2025-12-07T00:22:59.817066Z,2025-12-07T00:22:59.817095Z,2025-11-24T00:56:22Z,13.0,True,False,,,False,,,,,False
21304928,9143260905780,9148978135348,berry-individual-sticks,Focus Blend - Individual Stick,,5.0,,"First time trying, will be buying more",2025-12-05T20:37:33Z,2025-12-05T20:37:33Z,,,True,False,,shop_app,False,,,,,False
21304927,9143260905780,9148976824628,peach-individual-sticks,Focus Blend - Individual Stick,,5.0,,"First time trying it, will be buying more!",2025-12-05T20:37:20Z,2025-12-05T20:37:20Z,,,True,False,,shop_app,False,,,,,False
14666227,9143260905780,15215523955072,focus-blend-individual-sachet-copy,Focus Blend - Individual Sachet,,5.0,WATERMELON A LITTLE SWEET,"All amazing products, but I find the watermelon just a bit on the sweet side",2025-11-24T17:22:52.798921Z,2025-11-24T17:22:52.798953Z,2025-11-08T19:10:29Z,15.9,True,False,,,False,,,,,False
21304917,9143260905780,9149206397236,berry-individual-sticks-uk,Focus Blend - Individual Sachet,,5.0,,Great taste and without the caffeine,2025-11-23T15:13:58Z,2025-11-23T15:13:58Z,,,True,False,,shop_app,False,,,,,False
21304916,9143260905780,9149211214132,peach-individual-sticks-uk,Focus Blend - Individual Sachet,,5.0,,Great taste and without the caffeine,2025-11-23T15:13:40Z,2025-11-23T15:13:40Z,,,True,False,,shop_app,False,,,,,False
14624917,9143260905780,9143260905780,neutonic-powder-peach-mango-us-16-pack,Focus Blend - Peach Mango [US],,5.0,FANTASTIC TASTE & NO JITTERS!,"Tastes fantastic - helps me stay hydrated and gives me a bit of a boost without the jitters, palpitations and heart burn that that second (or third cup) of coffee can cause.",2025-11-22T15:32:42.068092Z,2025-11-22T15:32:42.068127Z,2025-11-10T00:46:39Z,12.6,True,False,,,False,,,,,False
21304905,9143260905780,9149211214132,peach-individual-sticks-uk,Focus Blend - Individual Sachet,,5.0,,Works a treat,2025-10-16T16:30:29Z,2025-10-16T16:30:29Z,,,True,False,,shop_app,False,,,,,False
13539670,9143260905780,15134384619904,watermelon-mint-16pk,Focus Blend - Watermelon Mint,,5.0,Best best best,"⭐️⭐️⭐️⭐️⭐️ Absolutely life-changing! Neutonic is fantastic — it gives my ADHD brain the brilliance it was born to excel with. Unlike meds, there are no side effects, no crashes, just clarity and focus that actually lasts. It feels like unlocking the potential that’s always been there. Highly recommend to anyone who wants to thrive naturally!",2025-10-06T20:06:03.909961Z,2025-10-06T20:06:03.910019Z,,,True,False,,,True,,,,,False
21304901,9143260905780,9149211214132,peach-individual-sticks-uk,Focus Blend - Individual Sachet,,5.0,,Love it. Tastes amazing and the focus is real. Helps me get through a monday morning,2025-08-28T18:23:22Z,2025-08-28T18:23:22Z,,,True,False,,shop_app,False,,,,,False
13647183,9143260905780,9149209608500,focus-blend-wild-berry-16-pack,Focus Blend - Wild Berry,,5.0,Helps with focus and tastes great,"Great tasting and mixes easily. I usually take this when I need some serious focus or before a big meeting and I've found that it helps me focus, so for me it's certainly effective. It's quite expensive but not so bad as I don't use it often. It is on the expensive side if used frequently. Bonus as well that this is caffeine free unlike the drink version",2025-08-15T00:00:00Z,2025-08-15T00:00:00Z,,,True,False,,,False,,,,,False
13647182,9143260905780,9149209608500,focus-blend-wild-berry-16-pack,Focus Blend - Wild Berry,,5.0,Great product,"Quality ingredients, great taste, works well, recommended.",2025-08-03T00:00:00Z,2025-08-03T00:00:00Z,,,True,False,,,False,,,,,False
13647173,9143260905780,9149209608500,focus-blend-wild-berry-16-pack,Focus Blend - Wild Berry,,5.0,Tasty and effective,This drink has a delicious peach flavor. I have experienced no bad aftertaste. I feel like it helps me feel awake and focused without any of the jittery side effects that caffeine might give. It is sweetened with sucralose which sometimes gets a bad wrap but in my opinion is the best tasting sugar free sweetener. Otherwise I like the ingredients and the benefits from them.,2025-07-30T00:00:00Z,2025-07-30T00:00:00Z,,,True,False,,,False,,,,,False
13647168,9143260905780,9149209608500,focus-blend-wild-berry-16-pack,Focus Blend - Wild Berry,,5.0,Works well for a non-stim focus support supplement,Tried to get away from coffee and caffeine. At first couldn’t tell if it was placebo. These definitely help in some capacity. If you choose to still have coffee or caffeine along side this I think it really helps amplify the effects. Brain feels calm but fully alert and awake without stimulants.  I personally drink it first thing in the morning. Later in the day I will sometimes have a coffee or natural energy drink before workout and it seems to work better than when I overloaded on caffeine. Definitely lowered caffeine intake for the better.,2025-07-27T00:00:00Z,2025-07-27T00:00:00Z,,,True,False,,,False,,,,,False
13647169,9143260905780,9149209608500,focus-blend-wild-berry-16-pack,Focus Blend - Wild Berry,,5.0,Great product arrived damaged & missing sachets,Love the product but it arrived crushed and missing some sachets.,2025-07-22T00:00:00Z,2025-07-22T00:00:00Z,,,True,False,,,False,,,,,False
21304892,9143260905780,9149206397236,berry-individual-sticks-uk,Focus Blend - Individual Sachet,,5.0,,Brilliant….,2025-07-17T21:16:05Z,2025-07-17T21:16:05Z,,,True,False,,shop_app,False,,,,,False
21304891,9143260905780,9149211214132,peach-individual-sticks-uk,Focus Blend - Individual Sachet,,5.0,,Brilliant….,2025-07-17T21:15:55Z,2025-07-17T21:15:55Z,,,True,False,,shop_app,False,,,,,False
11331562,9143260905780,15134384619904,watermelon-mint-16pk,Focus Blend - Watermelon Mint,,5.0,The best thing to cure ADHD,"Not gonna lie. I tried the first one, gave one to my friend to try it as well... We immediately ordered another 4 packs of 16 and 4 packs of cans as well. It's awesome. The flavour is on point, and the effects? To say it cured my ADHD brain would be an understatement. Very well made product. Cheers.",2025-07-06T18:28:54.934633Z,2025-07-06T18:28:54.934663Z,2025-06-20T10:10:23Z,16.3,True,False,,,False,,,,,False
13647193,9143260905780,9149209608500,focus-blend-wild-berry-16-pack,Focus Blend - Wild Berry,,5.0,Taste great,Taste good so easy to take has lots of health benefits good quality of ingredients definitely recommended,2025-07-06T00:00:00Z,2025-07-06T00:00:00Z,,,True,False,,,False,,,,,False
11312713,9143260905780,15134384619904,watermelon-mint-16pk,Focus Blend - Watermelon Mint,,5.0,The best,Delicious and its the first product I have used that I can actually FEEL the difference,2025-07-05T10:52:01.360383Z,2025-07-05T10:52:01.360414Z,2025-06-20T11:53:50Z,15.0,True,False,,,False,,,,,False
21304885,9143260905780,9149211214132,peach-individual-sticks-uk,Focus Blend - Individual Sachet,,5.0,,Brilliant,2025-06-25T19:42:04Z,2025-07-03T09:39:08Z,,,True,False,,shop_app,False,,,,,False
13647196,9143260905780,9149209608500,focus-blend-wild-berry-16-pack,Focus Blend - Wild Berry,,5.0,Must have it,"Perfect product to boost energy level.  Easy to take it and its have no side effects.  Good size pack, enough for a long time.  Price is also ok I think.  So surely can recommend it to all.",2025-06-24T00:00:00Z,2025-06-24T00:00:00Z,,,True,False,,,False,,,,,False
13647198,9143260905780,9149209608500,focus-blend-wild-berry-16-pack,Focus Blend - Wild Berry,,5.0,Excellent!,"Really impressed with this! The berry flavour is smooth and refreshing, and it mixes easily with water. I love that it’s caffeine-free—gives me a clean focus boost without the jitters. After a few days, I noticed better clarity and less brain fog. Great for work or study sessions, and perfect in the afternoon when I want something light but effective.",2025-06-22T00:00:00Z,2025-06-22T00:00:00Z,,,True,False,,,False,,,,,False
21304883,9143260905780,9149210460468,focus-blend-peach-mango-16-pack,Focus Blend - Peach Mango,,4.0,,Great product. Slow delivery from Germany,2025-06-21T01:14:14Z,2025-06-21T01:14:14Z,,,True,False,,shop_app,False,,,,,False
13647188,9143260905780,9149209608500,focus-blend-wild-berry-16-pack,Focus Blend - Wild Berry,,5.0,Good product.,"I think these do the job. Do follow the guidance on 300ml of water otherwise it's very strong. Also best shaken as, if stirred, it leaves lumps.",2025-06-19T00:00:00Z,2025-06-19T00:00:00Z,,,True,False,,,False,,,,,False
13647187,9143260905780,9149209608500,focus-blend-wild-berry-16-pack,Focus Blend - Wild Berry,,5.0,easy to use and good energy,"This has a really nice taste to drink, especially the peach mango. Very easy to drink and helps improve focus. It it tasty enough to enjoy any time but great for busy work days. i find this drink very effectives and the energy is quiet good it kept me wake through out the day however the size of the packet can be a little big",2025-06-18T00:00:00Z,2025-06-18T00:00:00Z,,,True,False,,,False,,,,,False
13647174,9143260905780,9149209608500,focus-blend-wild-berry-16-pack,Focus Blend - Wild Berry,,5.0,Strong tasting,"I really like that this comes in a relatively large package with two completely different flavor options, so that I don't get bored of having the same thing every day. That having been said, I have not really experienced a noticeable difference in my cognitive functioning, concentration, etc., so take those claims with a grain of salt. The flavor of one packet is actually quite strong, and there's really no easily found instructions to know what ratio of water to powder to use, but I think after filling a pint glass with water and one packet, that the flavor is very strong, and perhaps overly so. I like to water down the drinks by an average of 50% to still have good flavor, so I will either pour half a packet in at a time, or make a small pitcher to dispense it throughout the day.",2025-06-17T00:00:00Z,2025-06-17T00:00:00Z,,,True,False,,,False,,,,,False
13647195,9143260905780,9149209608500,focus-blend-wild-berry-16-pack,Focus Blend - Wild Berry,,5.0,Neutonic is definitely worth trying,"I’ve noticed a difference in my concentration and overall cognitive clarity, especially during those moments when I usually feel mentally foggy. It's not an overnight miracle, but with consistent use, it really does support focus, energy, and mental performance in a balanced, natural way. If you’re looking for a brain boosting drink that supports productivity without the caffeine dependency,",2025-06-16T00:00:00Z,2025-06-16T00:00:00Z,,,True,False,,,False,,,,,False
13647192,9143260905780,9149209608500,focus-blend-wild-berry-16-pack,Focus Blend - Wild Berry,,5.0,Delicious and helpful,"This is a really nice tasting drink, especially the peach mango. Very easy to drink and helps improve focus. It it tasty enough to enjoy any time but great for busy work days. Very pleased with the results and will order again.",2025-06-14T00:00:00Z,2025-06-14T00:00:00Z,,,True,False,,,False,,,,,False
13647176,9143260905780,9149209608500,focus-blend-wild-berry-16-pack,Focus Blend - Wild Berry,,5.0,"Tastes great, easy to mix","This nootropic powder is a smooth addition to my morning routine. Tastes like wild berry without being overly sweet, and I appreciate that it’s caffeine-free. Easy to mix and convenient for workdays.    Will report back on the energy levels and focus aspect",2025-06-13T00:00:00Z,2025-06-13T00:00:00Z,,,True,False,,,False,,,,,False
13647191,9143260905780,9149209608500,focus-blend-wild-berry-16-pack,Focus Blend - Wild Berry,,5.0,Nice taste and seem to work.,Used these through a set of 12 hour night shifts. I think they helped stay more focused than usual. Notwithstanding that they kept me hydrated. They dissolved easily and tasted nice (wild berry). I mixed one sachet in my 1.5 litre water bottle and it still seemed a little strong. The recommended 300 to 400 ml was far too strong for me. They're packed with vitamins and minerals also.,2025-06-12T00:00:00Z,2025-06-12T00:00:00Z,,,True,False,,,False,,,,,False
10395738,9143260905780,9149210460468,focus-blend-peach-mango-16-pack,Focus Blend - Peach Mango,,5.0,TASTY PRODUCTIVITY BOOST!,Productivity boost with a great taste.,2025-06-11T05:33:24.623152Z,2025-06-11T05:33:24.623183Z,2025-05-25T20:28:12Z,16.4,True,False,,,False,,,,,False
13647170,9143260905780,9149209608500,focus-blend-wild-berry-16-pack,Focus Blend - Wild Berry,,5.0,Lock in,Keep feeling sharp and locked in chat,2025-06-11T00:00:00Z,2025-06-11T00:00:00Z,,,True,False,,,False,,,,,False
13647184,9143260905780,9149209608500,focus-blend-wild-berry-16-pack,Focus Blend - Wild Berry,,5.0,Tastes great and surprisingly effective without the caffeine,"I’ve been having one of these every day for the last 5 days — tried both flavours (Peach Mango and Wild Berry) and honestly, they both taste great. Really refreshing. The peach mango is probably my favourite, but the wild berry is also solid. That said, they are quite sweet — I don’t mind that personally, but if you’re not into sweet drinks, just add more water and it balances out nicely.    What’s surprised me most is how good I feel after drinking it. There’s no caffeine, which I didn’t expect at first — I had to double-check the pack. But it still gives me that clear-headed, switched-on feeling I usually rely on coffee for. I don’t get any jitters or crashes either, so it’s a much smoother lift.    I’ve mainly been using it before getting stuck into work or whenever I need to be more focused — it seems to help me concentrate for longer without zoning out. Comes in stick packs too, which is handy if you're heading out or want to keep a few in your bag.    No complaints so far. The ingredients list is solid — good to see things like Cognizin and Rhodiola in there. Will keep going with it and see how it holds up over the next few weeks, but so far, really pleased.",2025-06-11T00:00:00Z,2025-06-11T00:00:00Z,,,True,False,,,False,,,,,False
13647197,9143260905780,9149209608500,focus-blend-wild-berry-16-pack,Focus Blend - Wild Berry,,5.0,focus drink,"mixes well and tastes ok, good contents and good price",2025-06-10T00:00:00Z,2025-06-10T00:00:00Z,,,True,False,,,False,,,,,False
13647194,9143260905780,9149209608500,focus-blend-wild-berry-16-pack,Focus Blend - Wild Berry,,5.0,Great taste and effective at combating fatigue,"Although on the sweeter side, these are delicious. Sugar free, but the sweetness comes from sweetener. I did add some lemon juice to combat the sweetness.    They dissolve well in water and leave no lumps. Great flavour profile and good quality ingredients.    Caffeine free, and natural fruity taste.  Simply tear the sachet, add to water, and shake (or mix).    7-9 calories per serving (depending on the flavour).    Good shelf life (best before Nov 2026).    These are the pricier side at £50 for 32 sachets, both of the slightly cheaper if you get them subscribe and save.  Having said that they are absolutely value for money as they are very effective at helping to combat fatigue.    As they come in small sachets, they are easy to transport, and can slot into the smallest of bags.",2025-06-08T00:00:00Z,2025-06-08T00:00:00Z,,,True,False,,,False,,,,,False
13647175,9143260905780,9149209608500,focus-blend-wild-berry-16-pack,Focus Blend - Wild Berry,,5.0,Enjoyable sugar-free and caffeine-free drink,"I like the flavor. “Wild Berry” tastes like a non-fizzy berry soda when mixed with about 12 ounces of water. It mixes easily, clears my mind in the afternoon, and helps me stay hydrated. Gives me a caffeine-free, sugar-free, smooth focused feel. The drink powder uses sucralose sweetener and is only 10 calories a pack. It has a concentrated flavor so one stick can be used to flavor a quart of water if a more dilute flavor suits. Good value. (The eyeball logo on the box is slightly disturbing though.)",2025-06-07T00:00:00Z,2025-06-07T00:00:00Z,,,True,False,,,False,,,,,False
13647180,9143260905780,9149209608500,focus-blend-wild-berry-16-pack,Focus Blend - Wild Berry,,5.0,Brain Health Food Supplement,"Nice packaging on these supplements. And they each come individually sealed which is a good thing. I didn't notice any bad taste with these and they dissolve well into water. They did not provide me with a bump like coffee sometimes can do, instead for me it just removed some tiredness and made me more aware if that makes sense. I would buy these again because they taste OK and work well for me.",2025-06-06T00:00:00Z,2025-06-06T00:00:00Z,,,True,False,,,False,,,,,False
10303620,9143260905780,9149211214132,peach-individual-sticks-uk,Focus Blend - Individual Sachet,,4.0,Great for evening focus!,I would recommend and defo will be buying more. I only brought a trial pack to increase focus whilst training bjj in the evenings. I will defo try capsules next!,2025-06-04T16:11:10.817013Z,2025-06-04T16:11:10.817045Z,2025-05-21T08:08:22Z,14.3,True,False,,,False,,,,,False
13647177,9143260905780,9149209608500,focus-blend-wild-berry-16-pack,Focus Blend - Wild Berry,,5.0,Way Too Sweet For Me But Dad Loves It,"First, I hate sweets, desserts, soda and most flavored vitamin waters...way too sweet for me. So I knew that these would be too sweet before I purchased then and that I'd have to dilute them to half strength. I did that and it was still way too sweet for me. On the other hand, my dad LOVES sweets and I let him try the water I prepared at half strength. He loved it. I'm not sure if it's making a difference for him mentally but because of the way it tastes, he's drinking more water. So it's a win...win all around. Highly recommend, just adjust the sweetness to your liking.",2025-05-29T00:00:00Z,2025-05-29T00:00:00Z,,,True,False,,,False,,,,,False
13647178,9143260905780,9149209608500,focus-blend-wild-berry-16-pack,Focus Blend - Wild Berry,,5.0,Delicious - need to shake well to get it to fully dissolve,These are delicious and provide a nice energy/clarity boost. It takes some vigorous shaking to get it to fully dissolve. I like the peach/mango flavor the best.,2025-05-28T00:00:00Z,2025-05-28T00:00:00Z,,,True,False,,,False,,,,,False
13647179,9143260905780,9149209608500,focus-blend-wild-berry-16-pack,Focus Blend - Wild Berry,,5.0,Delicious,It is hard to review supplements. I can't say that I notice any difference mentally while drinking this. It is full of B vitamins so there is an engery boost. It mixes easy and it taste delicious! I love it.,2025-05-25T00:00:00Z,2025-05-25T00:00:00Z,,,True,False,,,False,,,,,False
9766064,9143260905780,15083797840256,focus-blend-sachet-sample,Focus Blend - 2 Sachets,,5.0,LASER FOCUSED!,I purchased the brain capsules and I got these sachets free with my purchase.  I first had the wild berry and the taste when I had it was incredible. As soon as I sat down at my laptop I felt laser focused immediately like nothing else mattered around me! Brilliant product and I recommend to anyone who struggles to stay focused for long periods of time,2025-05-11T07:38:04.337928Z,2025-05-11T07:38:04.337961Z,,,False,False,,,False,,,,,False
13647167,9143260905780,9149209608500,focus-blend-wild-berry-16-pack,Focus Blend - Wild Berry,,5.0,Great alternative to caffeinated neutonic,"Great taste, works perfectly.",2025-05-03T00:00:00Z,2025-05-03T00:00:00Z,,,True,False,,,False,,,,,False
21304876,9143260905780,9149209608500,focus-blend-wild-berry-16-pack,Focus Blend - Wild Berry,,5.0,,Clears the mind a treat to help with focusing,2025-04-27T14:50:48Z,2025-04-27T14:50:48Z,,,True,False,,shop_app,False,,,,,False
20499607,9143260905780,9149209608500,focus-blend-wild-berry-16-pack,Focus Blend - Wild Berry,,5.0,,Clears the mind a treat to help with focusing,2025-04-27T14:50:48Z,2025-04-27T14:50:48Z,,,False,False,,,False,,,,,False
8638518,9143260905780,9149210460468,focus-blend-peach-mango-16-pack,Focus Blend - Peach Mango,,5.0,AMAZING FLAVOUR!,"I absolutely love this flavour, it tastes amazing and is so easy to drink. No more baby brain, I feel focused and can achieve what I need to do each day. Would 1000% recommend 🙋🏻‍♀️",2025-03-24T18:39:52.945934Z,2025-03-24T18:39:52.945962Z,2025-03-08T21:51:55Z,15.9,True,False,,,False,,,,,False
8538646,9143260905780,9149209608500,focus-blend-wild-berry-16-pack,Focus Blend - Wild Berry,,5.0,Great focus drink,"Helped me focus in my afternoon work, really kept me locked in on my tasks.",2025-03-19T14:03:07.039143Z,2025-03-19T14:03:07.039182Z,,,True,False,,,True,,,,,False
8454615,9143260905780,9143261135156,focus-blend-wild-berry-16-pack-us,Focus Blend - Wild Berry [US],,5.0,FOCUS AND FLAVOR!,Perfect for getting focused work done. Very tasty too.,2025-03-14T03:31:09.984620Z,2025-03-14T03:31:09.984646Z,2025-02-22T23:50:50Z,19.2,True,False,,,False,,,,,False
8452509,9143260905780,15095796597120,focus-blend-peach-mango-32-sachets,Focus Blend - 32 Sachets,,5.0,Lifesaver,"Mum of two small kiddies, low sleep and work as Youth Sports Officer, This gives me that little boost to get me through my tough days.",2025-03-13T21:24:12.469911Z,2025-03-13T21:24:12.469946Z,,,False,False,,,False,,,,,False
8443812,9143260905780,9149209608500,focus-blend-wild-berry-16-pack,Focus Blend - Wild Berry,,5.0,"WOW, AMAZING TASTE!","Blown away! Firstly the taste, wow! Wasn’t expecting how amazing it is, so easy to drink and felt the affects almost straight away. Feel focused and energised. Love love this product, 5*",2025-03-13T20:28:08.162602Z,2025-03-13T20:28:08.162635Z,,,True,False,,,False,,,,,False
8442141,9143260905780,9149209608500,focus-blend-wild-berry-16-pack,Focus Blend - Wild Berry,,5.0,TASTY AND EFFECTIVE!,"Very tasty, easy to use and helps with mental fatigue with continuous use. I take mine to work each day and haven't touched a caffeined energy drink for months now.",2025-03-13T20:18:25.774575Z,2025-03-13T20:18:25.774614Z,,,True,False,,,False,,,,,False
8442128,9143260905780,9149209608500,focus-blend-wild-berry-16-pack,Focus Blend - Wild Berry,,5.0,Absolutely amazing,"This is it most amazing drink I had in a long time, working night shifts it’s often difficult to stay all night with a fresh brain, this drink helps me to maintain focus even if I am tired.",2025-03-13T20:15:54.641763Z,2025-03-13T20:15:54.641815Z,,,True,False,,,False,,,,,False
13647181,9143260905780,9149209608500,focus-blend-wild-berry-16-pack,Focus Blend - Wild Berry,,5.0,Great Flavor,This drink is so convient! I keep a pack or two with me when I go to work or where ever I need it. The flavor is really ballanced and I feel myself being able to focus better after drinking it.,2025-03-11T00:00:00Z,2025-03-11T00:00:00Z,,,True,False,,,False,,,,,False
13647172,9143260905780,9149209608500,focus-blend-wild-berry-16-pack,Focus Blend - Wild Berry,,5.0,"Effective, tastes great","Effective, tastes great",2025-03-10T00:00:00Z,2025-03-10T00:00:00Z,,,True,False,,,False,,,,,False
8286356,9143260905780,15067216675200,focus-blend-bundle-box-32-pack,Focus Blend - 32 Sachets,,5.0,Gives me instant clarity and sharpness…,Gives me instant clarity and sharpness without the highs and low of a cup of coffee. I have this on subscription now. It's been invaluable during long days/nights whilst scaling my business.,2025-03-04T13:03:12.640680Z,2025-03-04T13:03:12.640722Z,,,False,False,,,False,,,,,False
8286334,9143260905780,15067216675200,focus-blend-bundle-box-32-pack,Focus Blend - 32 Sachets,,5.0,Excellent for when I need extra focus,"Excellent for when I need extra focus, e.g. long-distance driving, desk work. Clears my head without a ""buzz"" and I just plough through the work/focus on the road. I've been using Neutonic since it was first launched. Would highly recommend💫",2025-03-04T12:56:51.773074Z,2025-03-04T12:56:51.773103Z,,,False,False,,,False,,,,,False
8286328,9143260905780,15067216675200,focus-blend-bundle-box-32-pack,Focus Blend - 32 Sachets,,5.0,Productivity Winner,"Great product, I use both the brain capsules and the focus blend and have definitely noticed an improvement in productivity.",2025-03-04T12:55:59.460808Z,2025-03-04T12:55:59.460839Z,,,False,False,,,False,,,,,False
8286324,9143260905780,15067216675200,focus-blend-bundle-box-32-pack,Focus Blend - 32 Sachets,,5.0,Great product for anyone including Neurospicy people like me,"I enjoy the drink and the flavours are interesting compared to other competitors. I have tried both the drinks prior to the gym as a pre work out and during work to see which works best. Both work but I would not recommended as a pre work out during or even minutes before. As Dr Mike states, it takes 45 minutes for these kind of drinks to kick in prior to a work out. I would suggest stick to a pre work out powder for more cost effective results. When it comes to work, it really does benefit focus and drive as I use to be a big tea drinker but now I drink less tea and more water. I need that additional caffeine to get me through long late shifts. I do not take it every day as recommended as I do not need it on days off so it is hard for me to confirm the full results everyone takes about being if you take it for 10 day or 12 days straight you will notice the difference. It does benefit me with ADHD and other neurodiverse conditions and helps with my focus. For something as market price for those energy drinks, this is a monthly commitment which in my current situation I cannot stick to as money is tight. Therefore I buy bundles and use it when I need it when at work more importantly. If I had the monies to supply myself with cans daily or the pill form I would 100% buy this on the daily. I would love to see the results for someone in a industry where neurodiverse conditions aren’t fully accepted and how it can benefit me and my career moving forward. As a key representative in the neurodiverse world, I would 100% rep this product if I could test the theory of the effects 10 days straight or how the pills work. I am sure in time I will have that opportunity.",2025-03-04T12:55:07.275396Z,2025-03-04T12:55:07.275438Z,,,False,False,,,False,,,,,False
8286181,9143260905780,15067216675200,focus-blend-bundle-box-32-pack,Focus Blend - 32 Sachets,,4.0,"Tastes good, clean energy, not much variety","I like the taste of all the flavours, and it's quite nice to have as an energy source throughout the day, however the variety of flavours isn't big enough in my opinion.",2025-03-04T12:07:56.318859Z,2025-03-04T12:07:56.318890Z,,,False,False,,,False,,,,,False
8286178,9143260905780,15067216675200,focus-blend-bundle-box-32-pack,Focus Blend - 32 Sachets,,5.0,I’ve found the drinks and supplements a…,I’ve found the drinks and supplements a great help to get me through my hectic schedule - maintaining a good mood and focused mind 👍👍,2025-03-04T12:07:14.303257Z,2025-03-04T12:07:14.303288Z,,,False,False,,,False,,,,,False
8286177,9143260905780,15067216675200,focus-blend-bundle-box-32-pack,Focus Blend - 32 Sachets,,5.0,Can’t recommend them enough.,"Bought through Amazon so couldn’t be easier. Have tried all the flavours now and all are lovely. Really do notice a boost in energy and focus (that maybe psychological but who cares if it makes you more productive, right?). Purchase every month. 10/10",2025-03-04T12:06:44.246740Z,2025-03-04T12:06:44.246770Z,,,False,False,,,False,,,,,False
8286175,9143260905780,15067216675200,focus-blend-bundle-box-32-pack,Focus Blend - 32 Sachets,,5.0,Huge advocate from a corporate suit,"Started off using it as a bit of a pick-me-up for the mid-afternoon slump, but now use it earlier in the day for my focus periods of work, and even use it as a bit of a pre-workout too.  Love that it isn't pumped full of nasties like mainstream stuff and feel a more well-rounded focus that a sharp spike for a brief moment like other brands.",2025-03-04T12:05:54.074825Z,2025-03-04T12:05:54.074857Z,,,False,False,,,False,,,,,False
8151390,9143260905780,15067216675200,focus-blend-bundle-box-32-pack,Focus Blend - 32 Sachets,,5.0,Just as good,Fantastic flavour  Having been a fan of the first initial canned version of neutonic I was curious to see if they can replicate it in powder form and happy to report they can  Gives the same energising effect,2025-02-27T13:25:53.829197Z,2025-02-27T13:25:53.829226Z,,,False,False,,,False,,,,,False
21304862,9143260905780,9149208002868,32sachetspackofferuk,32 Stick Pack Offer + Free Gifts,,5.0,,"Easy to mix, can feel the difference when I take it. Nice to have a boost with out having caffeine added",2025-02-26T19:25:23Z,2025-02-26T19:25:23Z,,,True,False,,shop_app,False,,,,,False
8023003,9143260905780,15082704077184,focus-blend-starter-pack-bundle-uk,Focus Blend Starter Pack,,5.0,Keep a pack on my desk at all times,"I've been using the Focus Blends since launch, and they've been great so far! They taste amazing, and I've definitely noticed an improvement in my concentration. Now, I love having one at my desk whenever I’m craving something sweet.",2025-02-20T12:02:59.724848Z,2025-02-20T12:02:59.724885Z,,,False,False,,,False,,,,,False
7793091,9143260905780,15067216675200,focus-blend-bundle-box-32-pack,Focus Blend - 32 Sachets,,5.0,SACHETS FOR THE WIN!,"I love these sachets, don’t get me wrong, I love the cans too (tropical in particular) but these sachets are honestly delicious, easy to mix and perfect to have when you don’t need the additional caffeine. I really love how much focus I get from the Neutonic products. Keep it coming!",2025-02-10T20:11:19.704250Z,2025-02-10T20:11:19.704287Z,,,False,False,,,False,,,,,False
13647171,9143260905780,9149209608500,focus-blend-wild-berry-16-pack,Focus Blend - Wild Berry,,5.0,"Great taste, mixes well","This tastes great, mixes well, no caffeine jitters, perfectly mentally stimulating. I’ll be buying more",2025-02-07T00:00:00Z,2025-02-07T00:00:00Z,,,True,False,,,False,,,,,False
7539077,9143260905780,9149208002868,32sachetspackofferuk,32 Stick Pack Offer + Free Gifts,,5.0,Better Than Coffee,"I used to rely on coffee to get through the day, but these Brain Pills give me sustained focus without the caffeine jitters. I feel more present and clear-headed in meetings and while reading.",2025-01-30T14:07:21.851867Z,2025-01-30T14:07:21.851914Z,,,False,False,,,False,,,,,False
13647190,9143260905780,9149209608500,focus-blend-wild-berry-16-pack,Focus Blend - Wild Berry,,5.0,Tastes amazing and works!,Amazing little sachets. Increased by water intake and stayed focused for sure. Highly recommend you try it,2025-01-30T00:00:00Z,2025-01-30T00:00:00Z,,,True,False,,,False,,,,,False
13647185,9143260905780,9149209608500,focus-blend-wild-berry-16-pack,Focus Blend - Wild Berry,,5.0,Does what it says.,"I'm not a fan of hype, but this stuff... Been using it a week, way more focused. Less faffing about, more getting stuff done. Admittedly it means I drink enough water throughout the day which helps!    Taste is great! Surprisingly palatable – a welcome change from the usual chalky concoctions. Which is a bonus.    Only downside? I have no excuses for being lazy now. Five stars. It's good.",2025-01-29T00:00:00Z,2025-01-29T00:00:00Z,,,True,False,,,False,,,,,False
13647186,9143260905780,9149209608500,focus-blend-wild-berry-16-pack,Focus Blend - Wild Berry,,5.0,Excellent product!,"I drink a lot of the neutonic cans, and not only do these taste just as good, they're great for taking on work trips when you need to focus but don't want to take a load of cans with you. Would highly recommend!",2025-01-29T00:00:00Z,2025-01-29T00:00:00Z,,,True,False,,,False,,,,,False
13647189,9143260905780,9149209608500,focus-blend-wild-berry-16-pack,Focus Blend - Wild Berry,,5.0,Great taste,As someone who doesn’t respond well to caffeine these are exactly what I’ve been looking for to give that boost you need to focus through the afternoon- added bonus tastes great,2025-01-23T00:00:00Z,2025-01-23T00:00:00Z,,,True,False,,,False,,,,,False
20499580,9143260905780,9149210460468,focus-blend-peach-mango-16-pack,Focus Blend - Peach Mango,,5.0,,These taste so good 😁,2025-01-22T17:13:11Z,2025-01-22T17:13:11Z,,,False,False,,,False,,,,,False
21304858,9143260905780,9149210460468,focus-blend-peach-mango-16-pack,Focus Blend - Peach Mango,,5.0,,These taste so good 😁,2025-01-22T17:13:11Z,2025-01-22T17:13:11Z,,,True,False,,shop_app,False,,,,,False
21184720,9143260905780,9149209608500,focus-blend-wild-berry-16-pack,Focus Blend - Wild Berry,,5.0,,,2026-08-28T22:49:28.199349Z,2026-08-28T22:49:28.199389Z,2026-07-31T01:52:08Z,28.9,True,False,,,False,,,,,False
21184717,9143260905780,9149210460468,focus-blend-peach-mango-16-pack,Focus Blend - Peach Mango,,5.0,,,2026-08-28T22:49:28.185084Z,2026-08-28T22:49:28.185133Z,2026-07-31T01:52:08Z,28.9,True,False,,,False,,,,,False
20906968,9143260905780,9143260905780,neutonic-powder-peach-mango-us-16-pack,Focus Blend - Peach Mango [US],,5.0,,,2026-08-13T14:54:13.323615Z,2026-08-13T14:54:13.323692Z,2026-07-22T16:08:54Z,21.9,True,False,,,False,,,,,False
20670110,9143260905780,9149209608500,focus-blend-wild-berry-16-pack,Focus Blend - Wild Berry,,5.0,,,2026-07-30T21:19:24.002519Z,2026-07-30T21:19:24.002563Z,2026-05-20T23:14:53Z,70.9,True,False,,,False,,,,,False
20647817,9143260905780,9149209608500,focus-blend-wild-berry-16-pack,Focus Blend - Wild Berry,,5.0,,,2026-07-29T17:02:08.201331Z,2026-07-29T17:02:08.201392Z,2026-05-21T23:19:04Z,68.7,True,False,,,False,,,,,False
20542797,9143260905780,9143260905780,neutonic-powder-peach-mango-us-16-pack,Focus Blend - Peach Mango [US],,5.0,,,2026-07-26T22:47:53.733259Z,2026-07-26T22:47:53.733300Z,2026-07-02T00:09:22Z,24.9,True,False,,,False,,,,,False
20542796,9143260905780,9143261135156,focus-blend-wild-berry-16-pack-us,Focus Blend - Wild Berry [US],,5.0,,,2026-07-26T22:46:53.720689Z,2026-07-26T22:46:53.720753Z,2026-07-02T00:09:22Z,24.9,True,False,,,False,,,,,False
19022514,9143260905780,9149209608500,focus-blend-wild-berry-16-pack,Focus Blend - Wild Berry,,3.0,,,2026-05-19T18:31:17.273151Z,2026-05-19T18:31:17.273206Z,2026-03-26T10:47:19Z,54.3,True,False,,,False,,,,,False
16112657,9143260905780,9149211214132,peach-individual-sticks-uk,Focus Blend - Individual Sachet,,4.0,,,2026-01-21T18:28:20.243717Z,2026-01-21T18:28:20.243759Z,2026-01-06T18:54:56Z,15.0,True,False,,,False,,,,,False
14999205,9143260905780,9149209608500,focus-blend-wild-berry-16-pack,Focus Blend - Wild Berry,,5.0,,,2025-12-04T16:00:46.332543Z,2025-12-04T16:00:46.332644Z,2025-11-19T09:50:06Z,15.3,True,False,,,False,,,,,False
14666229,9143260905780,9149211214132,peach-individual-sticks-uk,Focus Blend - Individual Sachet,,5.0,,,2025-11-24T17:53:44.044818Z,2025-11-24T17:53:44.044885Z,2025-11-08T19:10:29Z,15.9,True,False,,,False,,,,,False
14666230,9143260905780,9149206397236,berry-individual-sticks-uk,Focus Blend - Individual Sachet,,5.0,,,2025-11-24T17:53:44.030043Z,2025-11-24T17:53:44.030084Z,2025-11-08T19:10:29Z,15.9,True,False,,,False,,,,,False
9661986,9143260905780,9149209608500,focus-blend-wild-berry-16-pack,Focus Blend - Wild Berry,,5.0,,,2025-05-06T17:32:36.835882Z,2025-05-06T17:32:36.835927Z,2025-04-17T17:44:19Z,19.0,True,False,,,False,,,,,False
9661983,9143260905780,9149210460468,focus-blend-peach-mango-16-pack,Focus Blend - Peach Mango,,5.0,,,2025-05-06T17:32:35.024545Z,2025-05-06T17:32:35.024593Z,2025-04-17T17:44:19Z,19.0,True,False,,,False,,,,,False
21803801,15471063859584,15780911546752,focus-pouches-fresh-mint-single-puck,Focus Pouch Single - Fresh Mint,,5.0,Get yours now,"Actually produce the results as advertised, fantastic. Would love to see more flavours in the future, this mint is fantastic though 😎",2026-10-02T13:21:55.466026Z,2026-10-02T13:21:55.466056Z,2026-08-11T16:03:24Z,51.9,True,False,,,False,,,,,False
21801650,15471063859584,15780916232576,focus-pouches-fresh-mint-single-pack,Focus Pouch Single - Fresh Mint [US],,5.0,Best focus pouches out there!,,2026-10-02T04:21:06.590490Z,2026-10-02T04:21:06.590523Z,2026-09-07T21:12:41Z,24.3,True,False,,,False,,,,,False
21773645,15471063859584,15470978269568,focus-pouches-5-pack-mint-us,Focus Pouches - Fresh Mint [US],,4.0,Pretty much perfect,Great small dose caffeine that can be stacked to get full nootropic benefits.   Only thing is that it has sucralose which can be bad for gut health if you care about that,2026-10-01T02:59:32.449506Z,2026-10-01T02:59:32.449535Z,2026-08-16T23:18:32Z,45.2,True,False,,,False,,,,,False
21771073,15471063859584,15780911546752,focus-pouches-fresh-mint-single-puck,Focus Pouch Single - Fresh Mint,,4.0,TOO STRONG FLAVOR!,Great product but flavour far to strong for me. Does exacrlt what its meant o however. ,2026-09-30T19:38:19.580189Z,2026-09-30T19:38:19.580218Z,2026-09-04T13:37:27Z,26.3,True,False,,,False,,,,,False
21765642,15471063859584,15780916232576,focus-pouches-fresh-mint-single-pack,Focus Pouch Single - Fresh Mint [US],,5.0,BREAKING NEWS: Chris has a mangina,"This product has helped me curb my nicotine addiction — at first the flavor was way over the top like too intense but I’ve gotten used to it. I love how there’s a natural cutoff point in the day bc I cannot let the caffeine wreck my sleep. I’m typically having a in the morning alongside two cups of black coffee, then another 1-2 after lunch to prevent that tired, full-belly slump. Great shit guys. Also I’d be lying if I said I wasn’t swept away by the branding — so fucking sick and Chris in general is a top, admirable mate, so I naturally wanted to support. What would be cool is to hear more from other people on his pod on their specific neutonic routines. Cheers, cunts! Keep up the fantastic work.",2026-09-30T12:12:32.951880Z,2026-09-30T12:12:32.951912Z,2026-08-19T00:55:55Z,42.5,True,False,,,False,,,,,False
21758074,15471063859584,15780911546752,focus-pouches-fresh-mint-single-puck,Focus Pouch Single - Fresh Mint,,5.0,Good,Focus on,2026-09-29T20:18:29.851765Z,2026-09-29T20:18:29.851796Z,2026-09-03T10:24:19Z,26.4,True,False,,,False,,,,,False
21746807,15471063859584,15471063859584,focus-pouches-5-pack-mint-uk,Focus Pouches - Fresh Mint,,5.0,Perfect no nicotine alternative,"I found these a great way to wean myself off nicotine pouches, great flavour and value for money, will continue to use these",2026-09-29T16:26:56.846848Z,2026-09-29T16:26:56.846881Z,2026-09-01T17:51:48Z,27.9,True,False,,,False,,,,,False
21746011,15471063859584,15780911546752,focus-pouches-fresh-mint-single-puck,Focus Pouch Single - Fresh Mint,,4.0,"FEELING GOOD, BUT WHERE'S THE NEXT BATCH",Very happy with the product definitely feel better since taking it. Flavour’s so good better than expected. Disappointing haven’t been able to get our next lot. Hopefully soon sorry review meant for creatine,2026-09-29T14:22:59.758708Z,2026-09-29T14:27:26.175908Z,2026-08-21T08:51:08Z,39.2,True,True,,,False,,,,,False
21730984,15471063859584,15780911546752,focus-pouches-fresh-mint-single-puck,Focus Pouch Single - Fresh Mint,,5.0,Focus and caffeine without the nicotine crash,,2026-09-28T14:36:23.541831Z,2026-09-28T14:36:23.541864Z,2026-09-09T08:31:30Z,19.3,True,False,,,False,,,,,False
21719209,15471063859584,15780916232576,focus-pouches-fresh-mint-single-pack,Focus Pouch Single - Fresh Mint [US],,5.0,Fuck Zyn,Boosts my focus without any downside like nicotine,2026-09-26T21:30:39.777925Z,2026-09-26T21:30:39.777960Z,2026-08-24T15:37:38Z,33.2,True,False,,,False,,,,,False
21718404,15471063859584,15780911546752,focus-pouches-fresh-mint-single-puck,Focus Pouch Single - Fresh Mint,,5.0,FOCUS GAME STRONG!,"Great focus booster. Managed to complete all my work without any issues and when I got interrupted, I managed to remember where I was at and dive straight back in.",2026-09-26T19:06:33.798651Z,2026-09-26T19:06:33.798686Z,2026-09-08T09:41:11Z,18.4,True,False,,,False,,,,,False
21679445,15471063859584,15780911546752,focus-pouches-fresh-mint-single-puck,Focus Pouch Single - Fresh Mint,,5.0,Nice Taste,"Nice taste, but not sure they do much ",2026-09-24T15:03:33.757392Z,2026-09-24T15:03:33.757428Z,2026-08-11T19:16:39Z,43.8,True,False,,,False,,,,,False
21660965,15471063859584,15470978269568,focus-pouches-5-pack-mint-us,Focus Pouches - Fresh Mint [US],,5.0,The.Best.,The.Best.,2026-09-23T21:23:44.355019Z,2026-09-23T21:23:44.355051Z,2026-08-11T23:19:00Z,42.9,True,False,,,False,,,,,False
21627551,15471063859584,15470978269568,focus-pouches-5-pack-mint-us,Focus Pouches - Fresh Mint [US],,5.0,Useful tool for curbing nicotine,"This product did exactly what I needed: it helped my nicotine cravings dissipate. Expect an adjustment period, though. The first tin is essentially a wash. The minty flavor and burn are strong enough to leave your gums fairly irritated. By the third tin, your gums will have acclimated, and the experience becomes genuinely pleasant.  A few practical notes. If you’re typically asleep by 10 p.m., avoid using these after noon, or you’ll likely be up late. I also tended to leave them in far longer than necessary, as I would a nicotine pouch, and over time they turned sour and occasionally upset my stomach. That one is on me, not the product.  Overall, it’s a strong pouch built on a great concept, with plenty of room to refine, and I’m curious to see how it evolves. It served its purpose, and I’d buy it again. That said, I’d want a new flavor or an upgraded 2.0 version before committing to another 5-pack.",2026-09-23T03:27:54.338911Z,2026-09-23T03:27:54.338946Z,2026-08-24T19:05:26Z,29.3,True,False,,,False,,,,,False
21618237,15471063859584,15780911546752,focus-pouches-fresh-mint-single-puck,Focus Pouch Single - Fresh Mint,,5.0,Great Product,Loved it!  Would recommend.  Just have no money for more.,2026-09-22T15:34:52.441381Z,2026-09-22T15:34:52.441415Z,2026-08-26T08:27:23Z,27.3,True,False,,,False,,,,,False
21606709,15471063859584,15780911546752,focus-pouches-fresh-mint-single-puck,Focus Pouch Single - Fresh Mint,,5.0,MY WALLS ARE SPEAKING TO ME,I might be too locked in really - my walls are speaking to me,2026-09-21T14:02:22.921319Z,2026-09-21T14:02:22.921362Z,2026-08-14T12:21:42Z,38.1,True,False,,,False,,,,,False
21601315,15471063859584,15471063859584,focus-pouches-5-pack-mint-uk,Focus Pouches - Fresh Mint,,5.0,Great Product - Focused With No Jitters!,A really helpful supplement to keep me focused while at work. I use a few of these throughout the morning / early afternoon in replacement of extra coffee which keeps me more level headed and less jittery. Also a great way to ease off of an addiction to snus. I tried a nicotine pouch recently and it made me feel sick compared to the neutonic… possibly due to neutonic actually tasting nice. My only flaw is I found it harsher on the gums when I started taking them but that’s fine now,2026-09-21T08:12:50.381780Z,2026-09-21T08:12:50.381811Z,2026-08-06T17:58:44Z,45.6,True,False,,,False,,,,,False
21589606,15471063859584,15471063859584,focus-pouches-5-pack-mint-uk,Focus Pouches - Fresh Mint,,5.0,Insane productivity boost,Best caffeine /focus product I’ve ever used. Stopped drinking energy drinks,2026-09-20T12:27:47.527975Z,2026-09-20T12:27:47.528036Z,2026-08-22T20:35:31Z,28.7,True,False,,,False,,,,,False
21588827,15471063859584,15471063859584,focus-pouches-5-pack-mint-uk,Focus Pouches - Fresh Mint,,4.0,"NO BURN, JUST A BOOST","Subtle pick me up, doesn’t have the burn on the lip like other brand, after about 20 minute you can really notice the pick up.",2026-09-20T07:55:05.274114Z,2026-09-20T07:55:05.274144Z,2026-08-06T09:50:08Z,44.9,True,False,,,False,,,,,False
21585665,15471063859584,15471063859584,focus-pouches-5-pack-mint-uk,Focus Pouches - Fresh Mint,,5.0,Great kick off them,,2026-09-19T18:58:49.191978Z,2026-09-19T18:58:49.192012Z,2026-08-11T07:35:49Z,39.5,True,False,,,False,,,,,False
21581698,15471063859584,15780916232576,focus-pouches-fresh-mint-single-pack,Focus Pouch Single - Fresh Mint [US],,4.0,Good but…,"The mint flavor was good but personally I don’t start to feel the effects until the 4th pouch, which I equate to personal problem. I applied for the subscription promo, but the free focus pouch that I got were all stuck together and quite sticky. The 5 pack that was the original order was just fine, so nothing lost in the big scale of things.",2026-09-19T08:20:21.588053Z,2026-09-19T08:20:21.588084Z,2026-08-24T04:24:20Z,26.2,True,False,,,False,,,,,False
21581486,15471063859584,15780911546752,focus-pouches-fresh-mint-single-puck,Focus Pouch Single - Fresh Mint,,5.0,.,.,2026-09-19T07:12:15.006669Z,2026-09-19T07:12:15.006698Z,2026-08-05T15:51:37Z,44.6,True,False,,,False,,,,,False
21557943,15471063859584,15780911546752,focus-pouches-fresh-mint-single-puck,Focus Pouch Single - Fresh Mint,,4.0,"Tasty and quality, ready for next iteration.","I really appreciate the product taste, and certainly the hit. My only issue is with the gum feel, I do recon through iteration this can be sorted.",2026-09-18T11:59:33.472949Z,2026-09-18T11:59:33.472981Z,2026-08-01T10:22:59Z,48.1,True,False,,,False,,,,,False
21534457,15471063859584,15470978269568,focus-pouches-5-pack-mint-us,Focus Pouches - Fresh Mint [US],,5.0,Mint pouches that work,Honestly pretty happy with. Did what it said it would do. Generally do two or three a day. Find that I’m happier and chatter around people.,2026-09-17T00:14:49.228046Z,2026-09-17T00:14:49.228078Z,2026-08-05T01:57:25Z,42.9,True,False,,,False,,,,,False
21528103,15471063859584,15471063859584,focus-pouches-5-pack-mint-uk,Focus Pouches - Fresh Mint,,4.0,Good shit boys now let’s upgrade a bit,"I like them, maybe tone down the mint if possible a slight bit, every new person I gave them too had to spit them out after a bit cause it was just burning, if there able to be a little less dry on the entry( don’t know if that’s possible, just trying to help u guys) maybe up the caffeine a little or make a gym line of them that have a little beta alanine for that placebo style feeling that will attach to it. Besides those things it’s a awesome product and good shit",2026-09-16T18:28:22.901309Z,2026-09-16T18:28:22.901339Z,2026-08-02T11:23:15Z,45.3,True,False,,,False,,,,,False
21522913,15471063859584,15471063859584,focus-pouches-5-pack-mint-uk,Focus Pouches - Fresh Mint,,5.0,SHIFT WORK SAVIOR!,Perfect for me as I work shifts and these give me the lift I need without the crash,2026-09-16T10:19:14.441582Z,2026-09-16T10:19:14.441613Z,2026-08-19T12:11:41Z,27.9,True,False,,,False,,,,,False
21516610,15471063859584,15780911546752,focus-pouches-fresh-mint-single-puck,Focus Pouch Single - Fresh Mint,,5.0,Would recommend,"Great taste, great product",2026-09-15T21:19:13.088121Z,2026-09-15T21:19:13.088152Z,2026-08-02T19:09:49Z,44.1,True,False,,,False,,,,,False
21447202,15471063859584,15780911546752,focus-pouches-fresh-mint-single-puck,Focus Pouch Single - Fresh Mint,,5.0,Very nice,"Very strange at first, but love them now",2026-09-11T15:34:53.945329Z,2026-09-11T15:34:53.945370Z,2026-07-31T19:19:34Z,41.8,True,False,,,False,,,,,False
21446663,15471063859584,15780911546752,focus-pouches-fresh-mint-single-puck,Focus Pouch Single - Fresh Mint,,5.0,Lovely buzz,Unreal get them,2026-09-11T14:47:09.607742Z,2026-09-11T14:47:09.607791Z,2026-08-01T06:43:55Z,41.3,True,False,,,False,,,,,False
21445968,15471063859584,15780911546752,focus-pouches-fresh-mint-single-puck,Focus Pouch Single - Fresh Mint,,5.0,PURE FOCUS!,Love this stuff - I was drinking 2-3 monsters a day before and they were giving me energy but making me irritated. These give me pure focus! My friends and colleagues have seen me drinking them and started buying them too 👏🏼,2026-09-11T12:52:46.307506Z,2026-09-11T12:52:46.307538Z,2026-07-31T22:19:14Z,41.6,True,False,,,False,,,,,False
21382141,15471063859584,15780911546752,focus-pouches-fresh-mint-single-puck,Focus Pouch Single - Fresh Mint,,4.0,HANDY BUT NOT STRONG,"These are handy pouches for a short hit of caffeine. Can’t say they’re always gona give you what you need as they’re not particularly strong. Used them first thing in the morning to wake up and hit the gym, this was perhaps the best effect. Got them to help with the afternoon crash but can’t say they helped all too much. Also used them while driving and again didnt feel like they helped with the tiredness like I’d hoped. Fresh mint flavour is nice but not sure I’d get them again.",2026-09-10T08:49:59.692694Z,2026-09-10T08:49:59.692729Z,2026-08-15T22:33:59Z,25.4,True,False,,,False,,,,,False
21378712,15471063859584,15780916232576,focus-pouches-fresh-mint-single-pack,Focus Pouch Single - Fresh Mint [US],,4.0,They work!,"Great product! I feel energized within minutes and locked in. The minty flavor is also pretty good. My only issue is my gums get irritated if I leave it in for too long. Other than that, these pouches are here to stay for sure.",2026-09-09T20:21:30.913645Z,2026-09-09T20:21:30.913674Z,2026-07-29T13:04:22Z,42.3,True,False,,,False,,,,,False
21345110,15471063859584,15780916232576,focus-pouches-fresh-mint-single-pack,Focus Pouch Single - Fresh Mint [US],,5.0,Amazeballs,Fanbloodytastic!!!! The drinks are my go to but these are an amazing add on.  I don’t drink tea or coffee so it’s great to have something like this.,2026-09-07T16:57:51.321395Z,2026-09-07T16:57:51.321427Z,2026-07-30T13:16:24Z,39.2,True,False,,,False,,,,,False
21338378,15471063859584,15780911546752,focus-pouches-fresh-mint-single-puck,Focus Pouch Single - Fresh Mint,,5.0,Get yourself involved!,"These are amazing! They work & it’s not just a placebo. I have a very demanding job which requires focus & mental clarity. My sport is archery which requires the same. I’ve been using these ‘Focus Pouches’ because coffee & & cans of monster give me a sudden, jittery boost whereas the pouches have a more sustained consistent effect. 100% recommend!",2026-09-07T09:12:39.013744Z,2026-09-07T09:12:39.013774Z,2026-07-22T21:04:24Z,46.5,True,False,,,False,,,,,False
21335206,15471063859584,15780911546752,focus-pouches-fresh-mint-single-puck,Focus Pouch Single - Fresh Mint,,5.0,Makes taking neurotic easy.,"Neutonic pouches are an easy and mobile way of taking the neutonic product on the go when the canned drink is not possible. I believe I do benefit from taking neutonic, helping with focus and improving alertness at times of the day when they would normally falter.",2026-09-07T04:56:01.518308Z,2026-09-07T04:56:01.518340Z,2026-07-26T13:17:49Z,42.7,True,False,,,False,,,,,False
21321689,15471063859584,15780911546752,focus-pouches-fresh-mint-single-puck,Focus Pouch Single - Fresh Mint,,4.0,"good wakeup, too sweet and too short lasting","It's really good for a non-nicotine buzz, but it's very artifically sweet and cant be in the mouth for too long as its not particalry dense",2026-09-04T22:20:02.953183Z,2026-09-04T22:20:02.953222Z,2026-07-27T18:10:55Z,39.2,True,False,,,False,,,,,False
21317372,15471063859584,15780911546752,focus-pouches-fresh-mint-single-puck,Focus Pouch Single - Fresh Mint,,5.0,HEALTHIER ENERGY OPTION,It's good healthy drink in my opinion compared to most energy drinks,2026-09-04T17:29:57.765636Z,2026-09-04T17:29:57.765671Z,2026-07-28T04:39:39Z,38.5,True,False,,,False,,,,,False
21305104,15471063859584,15470978269568,focus-pouches-5-pack-mint-us,Focus Pouches - Fresh Mint [US],,5.0,Genuinely good zyn replacement,"No BS, been using low mg Zyns/nictonie pouches for over a year and after a few pouches it always gives me a bit of a headache.   Talked to a dentist recently and she kind of spooked me out with the oral cancer risks - thought id give this a chance as a replacement and my god does it hit hard.   in my humble opinion, same productivity boost without consuming nicotine and it's actually CHEAPER to ship to canada (Even after customs) than what im paying for a tin of nicotine pouches here. Would 100% recommend to at least try.   Thanks Chris & James",2026-09-03T16:33:39.495028Z,2026-09-03T16:33:39.495062Z,,,True,False,,,False,,,,,False
21291916,15471063859584,15471063859584,focus-pouches-5-pack-mint-uk,Focus Pouches - Fresh Mint,,5.0,LOCKED TF IN!,One pouch does it all for me. Locked TF in!,2026-09-02T21:18:58.726623Z,2026-09-02T21:18:58.726653Z,2026-07-20T07:02:14Z,44.6,True,False,,,False,,,,,False
21275783,15471063859584,15780916232576,focus-pouches-fresh-mint-single-pack,Focus Pouch Single - Fresh Mint [US],,5.0,A bump 😉 on the go,"Better than caffeine, period.",2026-09-02T18:05:33.018193Z,2026-09-02T18:05:33.018232Z,2026-07-17T20:09:05Z,46.9,True,False,,,False,,,,,False
21274609,15471063859584,15471063859584,focus-pouches-5-pack-mint-uk,Focus Pouches - Fresh Mint,,5.0,LOCKED IN AT WORK!,After a month of use I feel I can give this a proper review. I’m definitely more locked in at work. My work is fast paced and no two days are the same so I need to be focused and productive. I feel on top of my game at the moment. The pouches taste good and I’m looking forward to seeing new flavours. Would recommend!,2026-09-02T16:47:59.622557Z,2026-09-02T16:47:59.622598Z,2026-08-10T06:22:47Z,23.4,True,False,,,False,,,,,False
21305079,15471063859584,15471063859584,focus-pouches-5-pack-mint-uk,Focus Pouches - Fresh Mint,,4.0,,"Id say the effecte are variable on dose to the individual and to the use for gym running excelent for more slow activities personaly i did not always feel effect i would love to see different flavours and perhaps higher caffeine dose maybe 100,150",2026-09-02T13:42:15Z,2026-09-02T13:42:15Z,,,True,False,,shop_app,False,,,,,False
21268692,15471063859584,15780916232576,focus-pouches-fresh-mint-single-pack,Focus Pouch Single - Fresh Mint [US],,5.0,10/10 minty focus,"Very clean and refreshing mint flavor, I can feel the focus after I pop one of these bad boys in 10/10",2026-09-02T01:53:58.422768Z,2026-09-02T01:53:58.422801Z,2026-08-09T21:33:37Z,23.2,True,False,,,False,,,,,False
21204142,15471063859584,15471063859584,focus-pouches-5-pack-mint-uk,Focus Pouches - Fresh Mint,,5.0,I'm a wuss,"Ideal for the daily use, I cannot hack ZYNs so when I need a boost does the job, cannot fault it. Would be nice to see more flavours in the future",2026-08-31T15:16:37.452916Z,2026-08-31T15:16:37.452958Z,2026-07-21T16:48:30Z,40.9,True,False,,,False,,,,,False
21193682,15471063859584,15470978269568,focus-pouches-5-pack-mint-us,Focus Pouches - Fresh Mint [US],,5.0,FRESH MINTY GOODNESS!,The mint taste is fantastic. Most pouches have a weird kind of chalky taste but these have a super fresh mint taste,2026-08-30T11:36:41.459953Z,2026-08-30T11:36:41.459985Z,2026-08-03T14:09:52Z,26.9,True,False,,,False,,,,,False
21187482,15471063859584,15780911546752,focus-pouches-fresh-mint-single-puck,Focus Pouch Single - Fresh Mint,,5.0,LOVE THESE POUCHES!,I used caffeine pouches and they left me feeling lacking in my brain focus I love theses pouches,2026-08-29T09:49:18.470859Z,2026-08-29T09:49:18.470892Z,2026-08-09T11:15:19Z,19.9,True,False,,,False,,,,,False
21179281,15471063859584,15471063859584,focus-pouches-5-pack-mint-uk,Focus Pouches - Fresh Mint,,5.0,There might be something in this (them?),"Whether it’s placebo, genuine effectiveness or just the equivalent of a strong cup of coffee, the pouches seem to work for me. Strictly a morning thing, most usually on the daily commute.",2026-08-28T14:16:29.578229Z,2026-08-28T14:16:29.578269Z,2026-07-15T14:24:04Z,44.0,True,False,,,False,,,,,False
21167340,15471063859584,15470978269568,focus-pouches-5-pack-mint-us,Focus Pouches - Fresh Mint [US],,5.0,Crushing it daily.,Love these like packages of performance focus.,2026-08-27T20:03:41.355697Z,2026-08-27T20:03:41.355737Z,2026-08-03T23:14:42Z,23.9,True,False,,,False,,,,,False
21145515,15471063859584,15471063859584,focus-pouches-5-pack-mint-uk,Focus Pouches - Fresh Mint,,5.0,great,they are great,2026-08-26T22:32:20.970058Z,2026-08-26T22:32:20.970088Z,2026-07-10T22:12:37Z,47.0,True,False,,,False,,,,,False
21132077,15471063859584,15780916232576,focus-pouches-fresh-mint-single-pack,Focus Pouch Single - Fresh Mint [US],,5.0,Get Locked In!,First thing in the morning after I brush my teeth…I’m popping a bottom decker Focus pillow and starting my day!  Locked in! Focus…UP!,2026-08-26T09:55:57.879917Z,2026-08-26T09:55:57.879960Z,2026-07-11T10:22:20Z,46.0,True,False,,,False,,,,,False
21132003,15471063859584,15471063859584,focus-pouches-5-pack-mint-uk,Focus Pouches - Fresh Mint,,5.0,great experience that helps me get through work everyday,,2026-08-26T09:35:42.289791Z,2026-08-26T09:35:42.289831Z,2026-07-27T21:00:16Z,29.5,True,False,,,False,,,,,False
21110669,15471063859584,15780911546752,focus-pouches-fresh-mint-single-puck,Focus Pouch Single - Fresh Mint,,5.0,MINTY FRESH PICK-ME-UP!,Minty fresh and great little perk up,2026-08-25T15:02:24.637121Z,2026-08-25T15:02:24.637154Z,2026-07-30T18:46:14Z,25.8,True,False,,,False,,,,,False
21080206,15471063859584,15780916232576,focus-pouches-fresh-mint-single-pack,Focus Pouch Single - Fresh Mint [US],,5.0,Solid as you can expect.,Best non tobacco pouch I've had to date. No jitter and laser focus. Looking forward to more flavors and MG options.,2026-08-23T00:15:26.402638Z,2026-08-23T00:15:37.027817Z,2026-07-27T00:07:27Z,27.0,True,True,,,False,,,,,False
21305075,15471063859584,15780911546752,focus-pouches-fresh-mint-single-puck,Focus Pouch Single - Fresh Mint,,5.0,,Brilliant velo alternative,2026-08-22T23:27:23Z,2026-08-22T23:27:23Z,,,True,False,,shop_app,False,,,,,False
21305073,15471063859584,15471063859584,focus-pouches-5-pack-mint-uk,Focus Pouches - Fresh Mint,,1.0,,Mever arrived,2026-08-20T19:32:58Z,2026-08-20T19:32:58Z,,,True,False,,shop_app,False,,,,,False
21305072,15471063859584,15471063859584,focus-pouches-5-pack-mint-uk,Focus Pouches - Fresh Mint,,5.0,,So far the flavour is good. Just waiting for the other to kick in.,2026-08-20T11:48:15Z,2026-08-20T11:48:15Z,,,True,False,,shop_app,False,,,,,False
21003971,15471063859584,15471063859584,focus-pouches-5-pack-mint-uk,Focus Pouches - Fresh Mint,,5.0,Best supplements ive used.,"These are the best focus supplements i've tried,  I have had the Neutonic drinks too, which I found good but these are better again.  Im fire fighter in south wales, UK (currently having an absolute hammering on wild fires) and these have been a godsend.  As soon as I start flagging, I tuck one in my lip 20-30 mins and forget.  Nice minty taste too. Come in so handy after 2 weeks of broken little sleep, keeping me switched on. 100% recommend.",2026-08-19T13:02:56.669525Z,2026-08-19T13:02:56.669565Z,,,True,False,,,False,,,,,False
21305071,15471063859584,15471063859584,focus-pouches-5-pack-mint-uk,Focus Pouches - Fresh Mint,,5.0,,Easy to use good kick of caffeine without the fizzy sugary drink keeps you feeling fresh aswell,2026-08-18T14:24:02Z,2026-08-18T14:24:02Z,,,True,False,,shop_app,False,,,,,False
20984264,15471063859584,15471063859584,focus-pouches-5-pack-mint-uk,Focus Pouches - Fresh Mint,,4.0,Pretty darn good,"Like the toothpicks, I was initially sceptical but both are excellent. The pouches give me a decent boost. They can be a little bit intense at times but I wanted a middle ground between the drinks and picks",2026-08-18T11:45:28.266579Z,2026-08-18T11:45:28.266668Z,2026-07-28T13:24:56Z,20.9,True,False,,,False,,,,,False
20980765,15471063859584,15780911546752,focus-pouches-fresh-mint-single-puck,Focus Pouch Single - Fresh Mint,,4.0,Pretty decent. It would focus me but I felt as though it didn’t last that long.,Definitely worth trying. Not sure about value over time.,2026-08-18T06:41:58.303878Z,2026-08-18T06:41:58.303918Z,2026-07-26T08:26:24Z,22.9,True,False,,,False,,,,,False
20962615,15471063859584,15780911546752,focus-pouches-fresh-mint-single-puck,Focus Pouch Single - Fresh Mint,,4.0,Got it for free. Pleasantly surprised.,Not a fan of pouches but I was surprised with this one. Still prefer the drink though ;),2026-08-17T14:15:44.007024Z,2026-08-17T14:15:44.007072Z,2026-07-23T23:37:02Z,24.6,True,False,,,False,,,,,False
20958825,15471063859584,15471063859584,focus-pouches-5-pack-mint-uk,Focus Pouches - Fresh Mint,,4.0,"GREAT TASTE, NEEDS STRONGER POUCH","Great for focus, it’s stopped me buying energy drinks all day as I have to drive around a lot for work. Great taste. I’d like to see stronger pouches come out as I always have to put 2 in together.",2026-08-17T08:31:15.852545Z,2026-08-17T08:31:15.852588Z,2026-07-28T08:08:34Z,20.0,True,False,,,False,,,,,False
20938758,15471063859584,15471063859584,focus-pouches-5-pack-mint-uk,Focus Pouches - Fresh Mint,,5.0,Great for focus,They give you a really good level of focus. I used them for padel and had a great game.,2026-08-16T14:18:58.961148Z,2026-08-16T14:18:58.961184Z,2026-07-25T12:14:56Z,22.1,True,False,,,False,,,,,False
20934501,15471063859584,15780916232576,focus-pouches-fresh-mint-single-pack,Focus Pouch Single - Fresh Mint [US],,5.0,Recommended,"It works! It is subtle so don't expect some huge jolt of adrenaline or brilliance, but I definitely notice a difference pretty quickly after popping one in.",2026-08-15T23:32:41.176581Z,2026-08-15T23:32:41.176627Z,2026-07-20T16:11:05Z,26.3,True,False,,,False,,,,,False
20924495,15471063859584,15780911546752,focus-pouches-fresh-mint-single-puck,Focus Pouch Single - Fresh Mint,,5.0,SURPRISINGLY GOOD!,Had these sent out to me for  free and they were better than I thought,2026-08-14T17:01:46.431142Z,2026-08-14T17:01:46.431175Z,2026-07-07T07:57:21Z,38.4,True,False,,,False,,,,,False
21305068,15471063859584,15780911546752,focus-pouches-fresh-mint-single-puck,Focus Pouch Single - Fresh Mint,,5.0,,Love the extra free focus pouch,2026-08-14T02:32:01Z,2026-08-14T02:32:01Z,,,True,False,,shop_app,False,,,,,False
21305067,15471063859584,15471063859584,focus-pouches-5-pack-mint-uk,Focus Pouches - Fresh Mint,,5.0,,"Amazing product, suitable for daily dose of caffeine. Would definitely recommend this and for nicotine users, this is a great alternative for you",2026-08-14T02:31:32Z,2026-08-14T02:31:32Z,,,True,False,,shop_app,False,,,,,False
20915716,15471063859584,15780916232576,focus-pouches-fresh-mint-single-pack,Focus Pouch Single - Fresh Mint [US],,5.0,LOVE THESE!,"Love these. Great flavor and out of all the pouches I’ve tried, I can actually feel these doing their job. Great product.",2026-08-13T21:15:13.506819Z,2026-08-13T21:15:13.506850Z,2026-07-25T23:38:09Z,18.9,True,False,,,False,,,,,False
20910805,15471063859584,15780911546752,focus-pouches-fresh-mint-single-puck,Focus Pouch Single - Fresh Mint,,5.0,Really happy with these.,These are brilliant. Great taste and actually do work especially if trying to weaning off nicotine pouches.,2026-08-13T17:41:38.222383Z,2026-08-13T17:41:38.222414Z,2026-07-04T17:18:31Z,40.0,True,False,,,False,,,,,False
20906967,15471063859584,15780916232576,focus-pouches-fresh-mint-single-pack,Focus Pouch Single - Fresh Mint [US],,5.0,Tastes amazing,,2026-08-13T14:23:23.201824Z,2026-08-13T14:23:23.201854Z,2026-07-22T16:08:54Z,21.9,True,False,,,False,,,,,False
20906187,15471063859584,15471063859584,focus-pouches-5-pack-mint-uk,Focus Pouches - Fresh Mint,,5.0,SO MUCH BETTER THAN NICOTINE!,Thought I'd give these a go after trying to find some alternatives from nicotine pouches. So much better then nicotine ones much more smoother and doesnt feel like you're going to throw up. Don't feel a huge buzz but it's nice to stick one in at work or after a night out. Only thing I do wish is that they had an option for larger then 50mg.,2026-08-13T12:17:03.477782Z,2026-08-13T12:17:03.477822Z,2026-07-22T15:38:28Z,21.9,True,False,,,False,,,,,False
21305066,15471063859584,15470978269568,focus-pouches-5-pack-mint-us,Focus Pouches - Fresh Mint [US],,5.0,,"Great product, slow delivery",2026-08-13T01:01:14Z,2026-08-13T01:01:14Z,,,True,False,,shop_app,False,,,,,False
21305062,15471063859584,15470978269568,focus-pouches-5-pack-mint-us,Focus Pouches - Fresh Mint [US],,4.0,,Gritty paper like texture when it disolves but the tangy and minty flavor is pleasant. Caffeine and nootropic boost is a good feeling.,2026-08-11T18:12:54Z,2026-08-11T18:12:54Z,,,True,False,,shop_app,False,,,,,False
20862262,15471063859584,15471063859584,focus-pouches-5-pack-mint-uk,Focus Pouches - Fresh Mint,,5.0,slay,#yummers,2026-08-11T13:57:47.708627Z,2026-08-11T13:57:47.708661Z,2026-07-23T10:29:54Z,19.1,True,False,,,False,,,,,False
20844224,15471063859584,15471063859584,focus-pouches-5-pack-mint-uk,Focus Pouches - Fresh Mint,,5.0,Very happy.,"I really rate this product. It has replaced my pre-workout and is a daily substitute for coffee. Easy to use and lasts for ages, over an hour per pouch.",2026-08-10T22:51:50.530495Z,2026-08-10T22:51:50.530525Z,2026-07-17T06:29:53Z,24.7,True,False,,,False,,,,,False
20832997,15471063859584,15780911546752,focus-pouches-fresh-mint-single-puck,Focus Pouch Single - Fresh Mint,,5.0,Genuinely 'mint',"Never had anything like these before, not even the dodgy ones your mates give you in the pub and you feel like you're going to simultaneously sh*t yourself and throw up.  Took them while working & in the gym. Good for a 30m run.",2026-08-10T13:44:04.363247Z,2026-08-10T13:44:04.363279Z,2026-07-02T22:17:39Z,38.6,True,False,,,False,,,,,False
21305059,15471063859584,15780911546752,focus-pouches-fresh-mint-single-puck,Focus Pouch Single - Fresh Mint,,1.0,,Burn tour gums - after a few days using them i notice zero effect   Pointless,2026-08-09T22:26:07Z,2026-08-09T22:26:07Z,,,True,False,,shop_app,False,,,,,False
21305056,15471063859584,15470978269568,focus-pouches-5-pack-mint-us,Focus Pouches - Fresh Mint [US],,5.0,,Amazing product i need them to make more flavors,2026-08-08T16:31:07Z,2026-08-08T16:31:07Z,,,True,False,,shop_app,False,,,,,False
20811208,15471063859584,15471063859584,focus-pouches-5-pack-mint-uk,Focus Pouches - Fresh Mint,,5.0,NOT JUST SNAKE OIL!,"Can’t lie I genuinely thought this stuff was a con. A full‑blown snake‑oil special. But I was at a dissertation‑induced breaking point, so I figured I’d take a stab in the dark. I’ve used the nicotine versions before, so my expectations were… subterranean.  But honestly? Placebo or not, this stuff hots different It’s become a daily ritual  work, studying, existential academic panic it’s there for all of it.  I’m not saying it turned me into Einstein, but it definitely stopped me from becoming a cautionary tale.",2026-08-08T00:30:14.338419Z,2026-08-08T00:30:14.338478Z,2026-06-28T22:52:39Z,40.1,True,False,,,False,,,,,False
20809672,15471063859584,15470978269568,focus-pouches-5-pack-mint-us,Focus Pouches - Fresh Mint [US],,5.0,Great product Chris is the goat,"They taste amazing, and just kind of fun when I want a little bit of caffeine. I don't really notice a huge jolt or anything, but really convenient and fun to throw one in towards the end of a night out as well",2026-08-07T20:46:32.922303Z,2026-08-07T20:46:32.922334Z,2026-07-12T23:40:58Z,25.9,True,False,,,False,,,,,False
20771778,15471063859584,15471063859584,focus-pouches-5-pack-mint-uk,Focus Pouches - Fresh Mint,,5.0,MENTAL FOCUS LIKE NIGHT AND DAY!,"I’ve just put in my first ever focus pouch and the mental focus I’ve gained compared to my day to day life is like night and day anyone who struggles to concentrate has ADHD or generally feels like they could just be a little more tuned in to what they’re doing if it’s gaming, chores or work I honestly couldn’t suggest a better product. Worth every penny and a bargain at that.",2026-08-05T17:21:10.578071Z,2026-08-05T17:21:10.578100Z,2026-07-29T22:20:52Z,6.8,True,False,,,False,,,,,False
21305055,15471063859584,15471063859584,focus-pouches-5-pack-mint-uk,Focus Pouches - Fresh Mint,,1.0,,Not the best. They leave bit of the bag in your mouth. 7 out on the 20 come split.,2026-08-02T19:04:07Z,2026-08-02T19:04:07Z,,,True,False,,shop_app,False,,,,,False
20661755,15471063859584,15471063859584,focus-pouches-5-pack-mint-uk,Focus Pouches - Fresh Mint,,5.0,INSTANT ENERGY BOOST!,"Thought it was just going to be one big placebo effect, soon realised after my first pouch how effective the product is. My first experience was after work when I was feeling sluggish and took one pouch and instantly noticed my energy boost and reduced mental fatigue.",2026-07-30T13:01:31.993757Z,2026-07-30T13:01:31.993793Z,,,True,False,,,False,,,,,False
21305052,15471063859584,15471063859584,focus-pouches-5-pack-mint-uk,Focus Pouches - Fresh Mint,,1.0,,I ordered on the 7th and its only just arriving on Thursday. For weeks j had no updates and gotnin contact with the supplier with no correspondence at all. When it was advertised to me it did not state anywhere until after i ordered that it was coming from overseas. The shippjng stated it would take roughly 7-10 days. I would not have purchased had i known that earlier,2026-07-28T10:27:33Z,2026-07-28T10:27:33Z,,,True,False,,shop_app,False,,,,,False
20546749,15471063859584,15471063859584,focus-pouches-5-pack-mint-uk,Focus Pouches - Fresh Mint,,5.0,No more Mental crash post lunch!,"Wanted to try and see if they did what they say they do, I was not disappointed, I do stick to the 4/day and they get me through the day without a doubt. They kick of mental clarity is real, i genuinely feel myself being able to power through the slump after lunch, which is the time I usually find myself crashing. I have enjoyed them that much I have given a few of the extra pouches to friends and associates & they too would agree that these are the real deal! ",2026-07-27T09:39:56.862263Z,2026-07-27T09:39:56.862295Z,2026-07-02T12:10:42Z,24.9,True,False,,,False,,,,,False
20546480,15471063859584,15471063859584,focus-pouches-5-pack-mint-uk,Focus Pouches - Fresh Mint,,4.0,PERFECT PICK-ME-UP!,If you need that kick to wake you up and keep you going these are prefect,2026-07-27T08:34:25.989177Z,2026-07-27T08:34:25.989227Z,2026-07-06T20:58:23Z,20.5,True,False,,,False,,,,,False
21305047,15471063859584,15780911546752,focus-pouches-fresh-mint-single-puck,Focus Pouch Single - Fresh Mint,,5.0,,Love the product itself,2026-07-26T09:45:55Z,2026-07-26T09:45:55Z,,,True,False,,shop_app,False,,,,,False
21305046,15471063859584,15471063859584,focus-pouches-5-pack-mint-uk,Focus Pouches - Fresh Mint,,2.0,,"The product is banging, but i cant give it more than a 2 because in every single one of the pots i have opened so far at least 3/4 of the pouches have been torn, or not properly sealed. Will order another batch next month, hopefully this was just a one batch manufacturing mistake and not a recurring issue because the product is genuinely great and i want to keep ordering it.",2026-07-26T09:45:28Z,2026-07-26T09:45:28Z,,,True,False,,shop_app,False,,,,,False
20532551,15471063859584,15471063859584,focus-pouches-5-pack-mint-uk,Focus Pouches - Fresh Mint,,5.0,Unreal Product,"Since buying these, I have used them in different scenarios and they perform in all. Pre gym, to replace coffee, pick me up at my desk. I was a bit sceptical before ordering but thought they may be worth a go to reduce coffee consumption.   They have been a game changer and performed so well and they taste good too. I don’t feel as though I get a crash like I do with other caffeine products which is a huge bonus.   This is the first Neutronic product I have used and it has left a great impression of the brand on me. I am keen to try other products.   I highly recommend these pouches.",2026-07-25T13:58:36.065074Z,2026-07-25T13:58:36.065109Z,2026-06-16T14:30:30Z,39.0,True,False,,,False,,,,,False
20521730,15471063859584,15471063859584,focus-pouches-5-pack-mint-uk,Focus Pouches - Fresh Mint,,5.0,PART OF MY FOCUS ARSENAL!,"I love these. It's perfect for deep work and got me off nicotine pouches, and I feel healthier, feel sharper, with more consistent energy and focus. I will be buying these regularly. They are a part of my focus arsenal now. ",2026-07-24T14:08:48.207401Z,2026-07-24T14:08:48.207451Z,2026-06-30T22:19:06Z,23.7,True,False,,,False,,,,,False
20521660,15471063859584,15471063859584,focus-pouches-5-pack-mint-uk,Focus Pouches - Fresh Mint,,5.0,GREAT FLAVOR & SMOOTH ALERTNESS!,"Wasn't sure about starting but the flavour is great and I like the effect, like a steady smooth alertness and it means I am consuming far less coffee than previously.",2026-07-24T13:57:51.634963Z,2026-07-24T13:57:51.635004Z,2026-07-01T17:36:53Z,22.8,True,False,,,False,,,,,False
21305045,15471063859584,15471063859584,focus-pouches-5-pack-mint-uk,Focus Pouches - Fresh Mint,,1.0,,Product doesnt work. Dont feel anything. Sceintists need to go back to the drawing board with this one.,2026-07-24T13:22:29Z,2026-07-24T13:22:29Z,,,True,False,,shop_app,False,,,,,False
21305044,15471063859584,15471063859584,focus-pouches-5-pack-mint-uk,Focus Pouches - Fresh Mint,,5.0,,Amazing product!! Absolutley love the pouches,2026-07-24T06:10:07Z,2026-07-24T06:10:07Z,,,True,False,,shop_app,False,,,,,False
20499801,15471063859584,15471063859584,focus-pouches-5-pack-mint-uk,Focus Pouches - Fresh Mint,,5.0,,Really nice as little pick me up. Great for keeping in the car for those long commutes !,2026-07-23T08:35:06Z,2026-07-23T08:35:06Z,,,False,False,,,False,,,,,False
21305043,15471063859584,15471063859584,focus-pouches-5-pack-mint-uk,Focus Pouches - Fresh Mint,,2.0,,It took a month for it to arrive,2026-07-23T04:50:49Z,2026-07-23T04:50:49Z,,,True,False,,shop_app,False,,,,,False
20499793,15471063859584,15780911546752,focus-pouches-fresh-mint-single-puck,Focus Pouch Single - Fresh Mint,,5.0,,Ace,2026-07-22T19:03:29Z,2026-07-22T19:03:29Z,,,False,False,,,False,,,,,False
20499792,15471063859584,15471063859584,focus-pouches-5-pack-mint-uk,Focus Pouches - Fresh Mint,,5.0,,Ace,2026-07-22T19:03:20Z,2026-07-22T19:03:20Z,,,False,False,,,False,,,,,False
21305041,15471063859584,15471063859584,focus-pouches-5-pack-mint-uk,Focus Pouches - Fresh Mint,,2.0,,"Wasnt a fan of the product, was very sweet and sticks to the gums. Don’t feel the caffeine hit at all to be honest. Tried to get into them but just doesnt suit work for me however it may for others.",2026-07-22T01:21:03Z,2026-07-22T01:21:03Z,,,True,False,,shop_app,False,,,,,False
20499786,15471063859584,15471063859584,focus-pouches-5-pack-mint-uk,Focus Pouches - Fresh Mint,,5.0,,Grest,2026-07-21T19:35:41Z,2026-07-21T19:35:41Z,,,False,False,,,False,,,,,False
20499785,15471063859584,15471063859584,focus-pouches-5-pack-mint-uk,Focus Pouches - Fresh Mint,,5.0,,"Found the product to be very good, helps when learning scripts and routines. I have also found my caffeine intake to have dramatically reduced.",2026-07-21T17:48:29Z,2026-07-21T17:48:29Z,,,False,False,,,False,,,,,False
20499768,15471063859584,15471063859584,focus-pouches-5-pack-mint-uk,Focus Pouches - Fresh Mint,,5.0,,"Great  product, love them , great to pop in during a long run or before , great pick me up , would love to see more flavours like a mango mint or something , but very good stuff",2026-07-20T10:35:52Z,2026-07-20T10:35:52Z,,,False,False,,,False,,,,,False
20499764,15471063859584,15471063859584,focus-pouches-5-pack-mint-uk,Focus Pouches - Fresh Mint,,5.0,,In the zone. Hell yeah,2026-07-17T20:54:55Z,2026-07-17T20:54:55Z,,,False,False,,,False,,,,,False
20197386,15471063859584,15780911546752,focus-pouches-fresh-mint-single-puck,Focus Pouch Single - Fresh Mint,,5.0,Great stuff,,2026-07-07T10:25:32.132031Z,2026-07-07T10:25:32.132063Z,2026-06-27T19:08:57Z,9.6,True,False,,,False,,,,,False
20151796,15471063859584,15470978269568,focus-pouches-5-pack-mint-us,Focus Pouches - Fresh Mint [US],,5.0,FREAKING LOVE THESE!,"HUGE FAN. I freaking love these.  I’ve tried other new tropic pouches before and ultimately they’ve been expensive placebo. These are not only legit, but seriously, impactful on focus and energy. As a business owner These are an awesome addition to my daily routine that doesn’t kill my heart or my wallet. Highly recommend.",2026-07-02T18:21:16.548435Z,2026-07-02T18:21:16.548470Z,,,False,False,,,False,,,,,False
21305030,15471063859584,15471063859584,focus-pouches-5-pack-mint-uk,Focus Pouches - Fresh Mint,,5.0,,Great product…… think i addicted already (not really addicted but love them all the same),2026-06-29T18:18:04Z,2026-06-29T18:18:04Z,,,True,False,,shop_app,False,,,,,False
20499715,15471063859584,15471063859584,focus-pouches-5-pack-mint-uk,Focus Pouches - Fresh Mint,,5.0,,Great product…… think i addicted already (not really addicted but love them all the same),2026-06-29T18:18:04Z,2026-06-29T18:18:04Z,,,False,False,,,False,,,,,False
21305026,15471063859584,15470978269568,focus-pouches-5-pack-mint-us,Focus Pouches - Fresh Mint [US],,5.0,,"Freaking amazing! If you havent, you need to buy them. I have noticed a clear improvement in focus",2026-06-28T01:29:59Z,2026-06-28T01:29:59Z,,,True,False,,shop_app,False,,,,,False
20499708,15471063859584,15470978269568,focus-pouches-5-pack-mint-us,Focus Pouches - Fresh Mint [US],,5.0,,"Freaking amazing! If you havent, you need to buy them. I have noticed a clear improvement in focus",2026-06-28T01:29:59Z,2026-06-28T01:29:59Z,,,False,False,,,False,,,,,False
19831992,15471063859584,15470978269568,focus-pouches-5-pack-mint-us,Focus Pouches - Fresh Mint [US],,4.0,Good as hell,I Like them but im not a fan of putting something this chemical and minty in my mouth all the time. They are effective as hell though,2026-06-18T00:14:34.113016Z,2026-06-18T00:14:34.113055Z,2026-04-26T13:11:44Z,52.5,True,False,,,False,,,,,False
21305005,15471063859584,15470978269568,focus-pouches-5-pack-mint-us,Focus Pouches - Fresh Mint [US],,2.0,,I really like Neutonics products bur this sucks. The pouches afe slimy and the flavor just isnt great. Maybe if they had spearmint… take some notes from Grind pouches please.,2026-06-05T01:52:56Z,2026-06-05T01:52:56Z,,,True,False,,shop_app,False,,,,,False
19156403,15471063859584,15470978269568,focus-pouches-5-pack-mint-us,Focus Pouches - Fresh Mint [US],,5.0,"GREAT DOSAGE, GOOD FLAVOR!","These were great, dosage was solid per pouch. Mint flavor was good. Would purchase again.",2026-05-26T12:12:52.007626Z,2026-05-26T12:12:52.007660Z,2026-04-11T02:18:52Z,45.4,True,False,,,False,,,,,False
19122359,15471063859584,15470978269568,focus-pouches-5-pack-mint-us,Focus Pouches - Fresh Mint [US],,5.0,Totally worth it!,"This stuff really works, I feel good, they’re not too big so it’s not obvious. Also they make your breath smell good which is an added bonus for sure.",2026-05-23T16:27:36.572627Z,2026-05-23T16:27:36.572657Z,2026-04-10T14:05:10Z,43.1,True,False,,,False,,,,,False
21304993,15471063859584,15470978269568,focus-pouches-5-pack-mint-us,Focus Pouches - Fresh Mint [US],,5.0,,Awesome product,2026-05-08T16:29:44Z,2026-05-08T16:29:44Z,,,True,False,,shop_app,False,,,,,False
20499712,15471063859584,15470978269568,focus-pouches-5-pack-mint-us,Focus Pouches - Fresh Mint [US],,5.0,,Awesome product,2026-05-08T16:29:44Z,2026-05-08T16:29:44Z,,,False,False,,,False,,,,,False
21304990,15471063859584,15471063859584,focus-pouches-5-pack-mint-uk,Focus Pouches - Fresh Mint,,5.0,,the best,2026-05-05T23:27:21Z,2026-05-05T23:27:21Z,,,True,False,,shop_app,False,,,,,False
20499748,15471063859584,15471063859584,focus-pouches-5-pack-mint-uk,Focus Pouches - Fresh Mint,,5.0,,the best,2026-05-05T23:27:21Z,2026-05-05T23:27:21Z,,,False,False,,,False,,,,,False
21304983,15471063859584,15471063859584,focus-pouches-5-pack-mint-uk,Focus Pouches - Fresh Mint,,5.0,,Brilliant.,2026-04-22T11:37:16Z,2026-04-22T11:37:16Z,,,True,False,,shop_app,False,,,,,False
20499682,15471063859584,15471063859584,focus-pouches-5-pack-mint-uk,Focus Pouches - Fresh Mint,,5.0,,Brilliant.,2026-04-22T11:37:16Z,2026-04-22T11:37:16Z,,,False,False,,,False,,,,,False
21304981,15471063859584,15470978269568,focus-pouches-5-pack-mint-us,Focus Pouches - Fresh Mint [US],,5.0,,This stuff works!,2026-04-17T18:40:53Z,2026-04-17T18:40:53Z,,,True,False,,shop_app,False,,,,,False
20499674,15471063859584,15470978269568,focus-pouches-5-pack-mint-us,Focus Pouches - Fresh Mint [US],,5.0,,This stuff works!,2026-04-17T18:40:53Z,2026-04-17T18:40:53Z,,,False,False,,,False,,,,,False
20499683,15471063859584,15471063859584,focus-pouches-5-pack-mint-uk,Focus Pouches - Fresh Mint,,5.0,,Great,2026-04-11T16:26:25Z,2026-04-11T16:26:25Z,,,False,False,,,False,,,,,False
21304980,15471063859584,15471063859584,focus-pouches-5-pack-mint-uk,Focus Pouches - Fresh Mint,,5.0,,Great,2026-04-11T16:26:25Z,2026-04-11T16:26:25Z,,,True,False,,shop_app,False,,,,,False
21801651,15471063859584,15470978269568,focus-pouches-5-pack-mint-us,Focus Pouches - Fresh Mint [US],,5.0,,,2026-10-02T04:52:03.216984Z,2026-10-02T04:52:03.217024Z,2026-09-07T21:12:41Z,24.3,True,False,,,False,,,,,False
21719235,15471063859584,15470978269568,focus-pouches-5-pack-mint-us,Focus Pouches - Fresh Mint [US],,5.0,,,2026-09-26T22:05:10.076225Z,2026-09-26T22:05:10.076268Z,2026-08-24T15:37:38Z,33.3,True,False,,,False,,,,,False
21657533,15471063859584,15470978269568,focus-pouches-5-pack-mint-us,Focus Pouches - Fresh Mint [US],,5.0,,,2026-09-23T18:53:38.752326Z,2026-09-23T18:53:38.752389Z,2026-08-09T23:18:18Z,44.8,True,False,,,False,,,,,False
21607147,15471063859584,15780916232576,focus-pouches-fresh-mint-single-pack,Focus Pouch Single - Fresh Mint [US],,5.0,,,2026-09-21T14:57:42.180015Z,2026-09-21T14:57:42.180061Z,2026-08-27T15:37:00Z,25.0,True,False,,,False,,,,,False
21581699,15471063859584,15470978269568,focus-pouches-5-pack-mint-us,Focus Pouches - Fresh Mint [US],,4.0,,,2026-09-19T08:51:10.245473Z,2026-09-19T08:51:10.245517Z,2026-08-24T04:24:20Z,26.2,True,False,,,False,,,,,False
21275784,15471063859584,15470978269568,focus-pouches-5-pack-mint-us,Focus Pouches - Fresh Mint [US],,5.0,,,2026-09-02T18:36:09.689637Z,2026-09-02T18:36:09.689682Z,2026-07-17T20:09:05Z,46.9,True,False,,,False,,,,,False
21080208,15471063859584,15470978269568,focus-pouches-5-pack-mint-us,Focus Pouches - Fresh Mint [US],,5.0,,,2026-08-23T00:46:30.030027Z,2026-08-23T00:46:30.030070Z,2026-07-27T00:07:27Z,27.0,True,False,,,False,,,,,False
21012339,15471063859584,15471063859584,focus-pouches-5-pack-mint-uk,Focus Pouches - Fresh Mint,,5.0,,,2026-08-20T01:28:13.623592Z,2026-08-20T01:28:13.623650Z,2026-07-21T14:27:27Z,29.5,True,False,,,False,,,,,False
20546750,15471063859584,15780911546752,focus-pouches-fresh-mint-single-puck,Focus Pouch Single - Fresh Mint,,5.0,,,2026-07-27T10:10:25.331672Z,2026-07-27T10:10:25.331720Z,2026-07-02T12:10:42Z,24.9,True,False,,,False,,,,,False
18410140,15470854078848,15470854078848,nootropicks-5-pack-uk,Nootropicks - 5 Pack,,4.0,"Taste great, not sure there’s much else.","The flavour is good, and they’re a great pass time & a pallet cleaner.  But as for the benefits, not entirely sure I get any.  But they taste nice!",2026-04-25T18:24:12.971593Z,2026-04-25T18:24:12.971625Z,2026-02-27T15:44:36Z,57.1,True,False,,,False,,,,,False
21304968,15470854078848,15470854078848,nootropicks-5-pack-uk,Nootropicks - 5 Pack,,5.0,,Nice little pick me up between cans,2026-03-12T16:50:19Z,2026-03-12T16:50:19Z,,,True,False,,shop_app,False,,,,,False
21304967,15470854078848,15470854078848,nootropicks-5-pack-uk,Nootropicks - 5 Pack,,4.0,,Flavours are great - do enjoy them. Not sure how much the cognizin works though..,2026-03-10T11:25:05Z,2026-03-10T11:25:05Z,,,True,False,,shop_app,False,,,,,False
21732872,15470829994368,15470829994368,nootropicks-5-pack-us,Nootropicks - 5 Pack [US],,5.0,Tasty sticks,They really work and they taste great!,2026-09-28T17:42:58.851614Z,2026-09-28T17:42:58.851644Z,2026-08-29T10:10:05Z,30.3,True,False,,,False,,,,,False
21304985,15470829994368,15470829994368,nootropicks-5-pack-us,Nootropicks - 5 Pack [US],,5.0,,Surprise how good they are. James is right the peach flavor is good.,2026-04-28T18:17:15Z,2026-04-28T18:17:15Z,,,True,False,,shop_app,False,,,,,False
21304984,15470829994368,15470829994368,nootropicks-5-pack-us,Nootropicks - 5 Pack [US],,4.0,,"Love the product, only minor compliant is the inconsistency. You'll get a toothpick that taste exactly as advertised then the next on our of the same pack just taste like a normal woody toothpick. Overall though I'll buy them again.",2026-04-22T22:19:54Z,2026-04-22T22:21:48Z,,,True,False,,shop_app,False,,,,,False
21582671,9143261266228,9149208985908,neutonic-capsules-uk,Brain Capsules,90 Capsules,5.0,"WORKS GREAT, BUT A BIT BULKY!",The brain pills really do work and work very well. However for me the pills are just a little too big for me I did struggle to take them. It would be great if the pills was either in liquid shot form or a small sachet to put in a hot or cold drink.,2026-09-19T11:10:14.005445Z,2026-09-19T11:10:14.005475Z,2026-08-10T23:13:25Z,39.5,True,False,,,False,,,,,False
21397515,9143261266228,9149208985908,neutonic-capsules-uk,Brain Capsules,90 Capsules,5.0,GM.,Brain cap = Grand Master of life,2026-09-10T12:05:11.611072Z,2026-09-10T12:05:11.611103Z,2026-07-31T23:15:48Z,40.5,True,False,,,False,,,,,False
21113201,9143261266228,9149208985908,neutonic-capsules-uk,Brain Capsules,90 Capsules,5.0,BEST PRODUCT EVER!,Really good subscription works a treat the best product I’ve had,2026-08-25T18:44:43.176288Z,2026-08-25T18:44:43.176321Z,2026-08-01T23:12:31Z,23.8,True,False,,,False,,,,,False
21103329,9143261266228,9149208985908,neutonic-capsules-uk,Brain Capsules,90 Capsules,5.0,BRAIN FOG BE GONE!!!,Perimenopause brain fog and memory loss pretty much gone!!! Told all my friends to buy them. Sooooo pleased I gave them a shot as I was beginning to lose the will!!! ,2026-08-24T22:05:57.669689Z,2026-08-24T22:05:57.669736Z,2026-06-28T23:30:20Z,56.9,True,False,,,False,,,,,False
21050887,9143261266228,9149208985908,neutonic-capsules-uk,Brain Capsules,90 Capsules,4.0,Brain Pills,"I’ve been using the Neutonic Brain Capsules for a while now and, honestly, I’m really like them.   I’m always a bit sceptical when something is marketed as a “brain” supplement because there’s a lot of rubbish out there, but these have become part of my daily routine and I feel they have improved my focus.  They’re easy to take, and I like the fact that it’s something I can just build into my day without having to think about it too much.  Would I claim they’ve suddenly turned me into Einstein? Obviously not, but I genuinely like the product and I’ll keep using them.  My only criticism is the customer service. I had an issue with my Subscribe & Save discount and it took multiple attempts and far too long to get sorted. The product itself has been great, but the customer service experience definitely needs improving.",2026-08-21T14:55:46.963183Z,2026-08-21T14:57:20.335028Z,2026-07-09T23:20:13Z,42.6,True,True,,,False,,,,,False
20825615,9143261266228,9149208985908,neutonic-capsules-uk,Brain Capsules,90 Capsules,5.0,"GREAT PRODUCT, 10/10!",I rate this product . I use the capsules on a regular basis .  10/10 great product ,2026-08-09T15:19:28.638239Z,2026-08-09T15:19:28.638270Z,2026-05-19T10:28:45Z,82.2,True,False,,,False,,,,,False
20669453,9143261266228,9149208985908,neutonic-capsules-uk,Brain Capsules,90 Capsules,5.0,Focused when studying,"I’ve bought quite a few of these, I take two a day, definitely feel sharper and more focused when studying. Want to try their new snus like capsules next.",2026-07-30T20:19:13.054713Z,2026-07-30T20:19:13.054744Z,2026-06-02T11:10:44Z,58.4,True,False,,,False,,,,,False
20499796,9143261266228,9143261266228,neutonic-capsules-us,Brain Capsules [US],,5.0,,"I’ve been using these for that extra brain boost during the last 2 years of class. Definitely notice a different in my cognition. Also happy to support Chris. Plus they send you other free, cool products sometimes.",2026-07-22T23:44:51Z,2026-07-22T23:44:51Z,,,False,False,,,False,,,,,False
21305042,9143261266228,9143261266228,neutonic-capsules-us,Brain Capsules [US],90 Capsules,1.0,,"Never recieved the order after 2 months. Once it was out for delivery, it was returned to sender. I tried contacting the company but no response…",2026-07-22T23:42:38Z,2026-07-22T23:42:38Z,,,True,False,,shop_app,False,,,,,True
20344653,9143261266228,9149208985908,neutonic-capsules-uk,Brain Capsules,90 Capsules,5.0,FOCUSED AND IN THE GAME!,"Ideal for work, keeps me focused and in the game!",2026-07-14T11:40:15.007422Z,2026-07-14T11:40:15.007466Z,2026-05-04T23:17:20Z,70.5,True,False,,,False,,,,,False
21305035,9143261266228,9149208985908,neutonic-capsules-uk,Brain Capsules,90 Capsules,5.0,,Love them,2026-07-13T23:06:51Z,2026-07-13T23:06:51Z,,,True,False,,shop_app,False,,,,,False
20499756,9143261266228,9149208985908,neutonic-capsules-uk,Brain Capsules,,5.0,,Love them,2026-07-13T23:06:51Z,2026-07-13T23:06:51Z,,,False,False,,,False,,,,,False
19504353,9143261266228,15413386936704,performance-focus-bundle,Performance & Focus Bundle,,5.0,overall excellent ,I just tried for the first time this drink its was topical ice and it was good and it gave me some energy .  It was not too strong as expected I would highly recommend to my peers better than any drink tasted . ,2026-06-11T11:35:36.839629Z,2026-06-11T11:35:36.839675Z,,,False,False,,,False,,,,,False
20499662,9143261266228,9149208985908,neutonic-capsules-uk,Brain Capsules,,5.0,,These are my go to with my special needs! Really help me,2026-03-16T16:50:01Z,2026-03-16T16:50:01Z,,,False,False,,,False,,,,,False
21304974,9143261266228,9149208985908,neutonic-capsules-uk,Brain Capsules,90 Capsules,5.0,,These are my go to with my special needs! Really help me,2026-03-16T16:50:01Z,2026-03-16T16:50:01Z,,,True,False,,shop_app,False,,,,,False
16310219,9143261266228,9149208985908,neutonic-capsules-uk,Brain Capsules,,5.0,Feel alive ,After a week my brain focus improves massively and nervous system feel much regulated to tackle the day ,2026-02-02T17:53:21.604443Z,2026-02-02T17:53:21.604484Z,2026-01-18T17:16:41Z,15.0,True,False,,,False,,,,,False
16292213,9143261266228,9149208985908,neutonic-capsules-uk,Brain Capsules,,5.0,Game Changing,This stuff is the kick up the backside you need every day.  I was struggling with focus at work and this was impacting my performance. Straight away I felt the impact of this and feel like I got my mojo back.  It is expensive but it worth it for me - just going to subscribe to my next order.,2026-02-01T10:36:01.140176Z,2026-02-01T10:36:08.249235Z,2026-01-06T20:43:50Z,25.6,True,True,,,False,,,,,False
20499641,9143261266228,9149208985908,neutonic-capsules-uk,Brain Capsules,,5.0,,More alert,2026-01-07T22:14:48Z,2026-01-07T22:14:48Z,,,False,False,,,False,,,,,False
20499629,9143261266228,9149208985908,neutonic-capsules-uk,Brain Capsules,,5.0,,Love this product has really helped me focus throughout the day .,2025-12-10T17:14:04Z,2025-12-10T17:14:04Z,,,False,False,,,False,,,,,False
14978890,9143261266228,9149208985908,neutonic-capsules-uk,Brain Capsules,,5.0,Noticeable difference in my focus.,"Unsure if it is a placebo or not, but after taking consistently for 15 work days, I can notice a consistent level of productivity.",2025-12-02T20:02:18.260969Z,2025-12-02T20:02:18.261001Z,2025-11-14T22:58:38Z,17.9,True,False,,,False,,,,,False
14604148,9143261266228,9149208985908,neutonic-capsules-uk,Brain Capsules,,5.0,Take these daily!! ,Have these in my daily supplement routine now and the distractions my own brain inflict on itself are waaaaay less. Definitely recommend!! ,2025-11-20T17:29:59.395288Z,2025-11-20T17:29:59.395320Z,2025-11-06T00:43:32Z,14.7,True,False,,,False,,,,,False
14401881,9143261266228,9149208985908,neutonic-capsules-uk,Brain Capsules,,5.0,A Calm Focus You've Never Had Before,"Genuinely works, no placebo fluff. I personally love these vs the caffeinated drink version. They're just so versatile, you can use them at any hour of the day, and they give you a calm, confident type of focus, rather than err on the side of being jittery. I love how the drinks taste and make me feel too, but once I have these capsules I know that my next 3 hours at least are going to be top notch.",2025-11-10T22:00:36.149585Z,2025-11-10T22:00:36.149626Z,2025-10-27T00:48:36Z,14.9,True,False,,,False,,,,,False
13647201,9143261266228,9149208985908,neutonic-capsules-uk,Brain Capsules,,5.0,Nice for energy!,"I love this supplement. It tastes fine, and not odd at all. I don’t experience jitteriness. It’s easy to take. It seems like I have slightly more energy. It seems like I have more focus. It’s a nice value. It’s a nice quality supplement.",2025-08-23T00:00:00Z,2025-08-23T00:00:00Z,,,True,False,,,False,,,,,False
12205168,9143261266228,9149208985908,neutonic-capsules-uk,Brain Capsules,,5.0,amazing,game changer,2025-08-19T08:30:02.898259Z,2025-08-19T08:30:02.898297Z,,,True,False,,,False,,,,,False
13647202,9143261266228,9149208985908,neutonic-capsules-uk,Brain Capsules,,5.0,It actually lives up to it's claims!,"I am pretty quick to point out any supplements that don't live up to their claims or quality. Even when they do live up to their claims I am also faced with stomach upset or anxiety etc.  This product I can't find anything bad to say about it. It lifts brain fog, I have better focus and concentration. I really like this product, I take one every morning and I will buy it again when I run out.  A++++ product!",2025-06-23T00:00:00Z,2025-06-23T00:00:00Z,,,True,False,,,False,,,,,False
13647203,9143261266228,9149208985908,neutonic-capsules-uk,Brain Capsules,,5.0,Good stuff!,"These pills arrived well packaged and sealed, something that's very important to me. So I'm ADHD and after years of taking medication I have fallen into a slump around mid afternoon. After a few days of taking one at breakfast, lunch and dinner I noticed my concentration and focusing had improved dramatically. Instead of dragging by midafternoon I'm ready to take on new projects, my energy level allows me to complete new projects. I expected to get the jitters while also taking my ADHD medication, it never happened. I feel the cost is a bit too much for my budget.",2025-06-18T00:00:00Z,2025-06-18T00:00:00Z,,,True,False,,,False,,,,,False
13647204,9143261266228,9149208985908,neutonic-capsules-uk,Brain Capsules,,5.0,Works well,"This stuff is great I have better memory and focus and I function better overall , easy to use ,great energy no jittery feelings ,",2025-06-14T00:00:00Z,2025-06-14T00:00:00Z,,,True,False,,,False,,,,,False
13647200,9143261266228,9149208985908,neutonic-capsules-uk,Brain Capsules,,5.0,"Very effective for my brain fog, focus, and executive function.","I'm actually not surprised at all that this Neutonic Nootropic Brain Supplement is effective for me; I already know from prior experience that Citicoline and Rhodiola rosea are two of the most effective cognitive supplements for me personally, out of all the myriad supplements I've tried for my severe ADHD. The dosage is also in line with my personal sweet spot; if I am only supplementing Rhodiola, I might need a higher dosage (500-700mg), but I've noticed that when it is supported by certain other nootropics that are present in this blend, I can get away with 400mg.    While I personally don't find Ginseng, Bacopa and Gingko Biloba stand-outs on their own (at least not in the way where it's super noticeable like with Rhodiola and Citicoline), I have noticed that they seem to have an important supportive role for me and seem to make the entire blend a bit more effective versus simply taking Rhodiola alone, for example.    This supplement also contains an array of B-vitamins, as deficiency in any B-vitamins is known to cause fatigue. This is why you see so many of these cognitive complexes include them; it's practical to try and fill in a relatively common nutrition gap.    I've never tried this brand before, but I am familiar enough with the impacts of these ingredients to say that I believe this is a legitimate supplement and includes its advertised ingredients. I take this when I first wake up, along with an electrolyte drink, and I find it helps me get my brain running and smooths out the executive function a bit for the rest of my day. To give a precise breakdown, I take it when my alarm goes off at 4PM (I am a third shifter), and I start feeling it wear off typically around 2-3AM.    If you are also interested in this for ADHD support, be advised it mostly seems to benefit executive function, focus/brain fog, and time blindness for me. I don't think it helps with emotional dysregulation at all, for me at least. With that said, of course, be mindful that what works for one person may not work for someone else. I can only report on my own direct experience.    It's a bit pricy compared to some other similar complexes, but if you are like me and live somewhere that experiences frequent ADHD medication shortages, I do think this is worthwhile to help keep yourself functional even during those times where access is interrupted or limited, or as general support for your medication regimen. As always, confer with your doctor to ensure that nothing in this complex may interfere with any health conditions or medications you may take!    Also, finally, be aware that it is advised to take a week or so off from Rhodiola every few months. There is some conflicting evidence and some people believe this recommendation may be an old wives' tale, but until we have more concrete research disputing the advisement to take breaks to keep up efficacy, I think it is smarter to err on the side of caution and take those breaks for now.",2025-06-10T00:00:00Z,2025-06-10T00:00:00Z,,,True,False,,,False,,,,,False
10327044,9143261266228,9149208985908,neutonic-capsules-uk,Brain Capsules,,5.0,10 out of 10 👍🏽,This stuff actually works 👍🏽,2025-06-06T05:44:12.869693Z,2025-06-06T05:44:12.869726Z,2025-05-16T22:09:54Z,20.3,True,False,,,False,,,,,False
10282686,9143261266228,9149208985908,neutonic-capsules-uk,Brain Capsules,,5.0,Simply the best,Amazing results already.,2025-06-03T08:01:46.053023Z,2025-06-03T08:01:46.053053Z,2025-05-18T07:45:48Z,16.0,True,False,,,False,,,,,False
10278559,9143261266228,9149208985908,neutonic-capsules-uk,Brain Capsules,,5.0,Focus for productivity,Does what it says on the tin,2025-06-02T19:10:40.954408Z,2025-06-02T19:10:40.954443Z,2025-05-17T23:30:25Z,15.8,True,False,,,False,,,,,False
13647207,9143261266228,9149208985908,neutonic-capsules-uk,Brain Capsules,,5.0,nootropic supplement,Easy to take. Recommended,2025-05-22T00:00:00Z,2025-05-22T00:00:00Z,,,True,False,,,False,,,,,False
13647206,9143261266228,9149208985908,neutonic-capsules-uk,Brain Capsules,,5.0,So far so good,"I just started taking these this week. So far, no negative side affects. The dose is 3 pills a day. It’s easy to add to my routine. There’s no jitters or anything like that. I can’t attest yet to its effectiveness on my focus, but I really am hopeful. This has great ingredients and appears to be a quality product. I will update after I finish this bottle if I notice a significant change in my focus.",2025-05-20T00:00:00Z,2025-05-20T00:00:00Z,,,True,False,,,False,,,,,False
13647205,9143261266228,9149208985908,neutonic-capsules-uk,Brain Capsules,,5.0,Brain health,"These capsules are on the larger, odorless and are easy to swallow, and none were open or spilling in the bottle. The recommended dose is 3 capsules per day. It contains a lot of supplements that support brain health, including Ginkgo Biloba, and some I have never heard of. They arrived with the safety seals intact and without damage. Over time, these capsules may provide focus and mental clarity support.",2025-05-20T00:00:00Z,2025-05-20T00:00:00Z,,,True,False,,,False,,,,,False
21304880,9143261266228,9149208985908,neutonic-capsules-uk,Brain Capsules,,3.0,,"Had to stop order as a little too expensive, along with and compared to other supplements. Shame",2025-05-16T19:04:05Z,2025-05-16T19:04:05Z,,,True,False,,shop_app,False,,,,,False
9854276,9143261266228,9149208985908,neutonic-capsules-uk,Brain Capsules,,5.0,Caffeine free energy,Allowing me to dial whilst reducing my need for a coffee. Also finding it helps with the gym and keeping me focused.,2025-05-14T16:36:40.308747Z,2025-05-14T16:36:40.308784Z,2025-04-23T20:04:03Z,20.9,True,False,,,False,,,,,False
9843558,9143261266228,9149208985908,neutonic-capsules-uk,Brain Capsules,,5.0,Highly recommended,"Excellent product, even though I was quite sceptical",2025-05-13T18:00:05.344750Z,2025-05-13T18:00:05.344781Z,2025-04-27T13:11:37Z,16.2,True,False,,,False,,,,,False
9839515,9143261266228,9149208985908,neutonic-capsules-uk,Brain Capsules,,5.0,You cant explain it,Been following James for years now so when neutonic came out i had to try it In my first box i was a bit sceptical but till i received my second i could feel the he difference its not something you can explain but i can feel that my daily productivity is much better then without So im still testing but i can assure there is effect behind it,2025-05-13T16:33:59.197139Z,2025-05-13T16:33:59.197183Z,2025-04-17T23:42:42Z,25.7,True,False,,,False,,,,,False
9673508,9143261266228,9149208985908,neutonic-capsules-uk,Brain Capsules,,5.0,New level of human,"Just feeling more focussed at work and at home. Put up a to do list with shopping list and map out the order. At work, not feeling stressed at all and managing workload so damn well it’s like I’m sorely purposed to work when at work but yet been able to flip that switch of chilling and reading",2025-05-07T08:41:09.891630Z,2025-05-07T08:41:09.891663Z,2025-04-21T23:46:34Z,15.4,True,False,,,False,,,,,False
9086451,9143261266228,9149208985908,neutonic-capsules-uk,Brain Capsules,,5.0,Noticed a huge difference immediately!,I’ve noticed a massive difference since taking these - I usually take them in an afternoon when I get the usual afternoon slump and my menopause brain fog is at its worst - mental clarity and brain fog vastly improved and I no longer get an afternoon slump - definitely recommend!,2025-04-14T09:27:54.685717Z,2025-04-14T09:27:54.685757Z,,,True,False,,,False,,,,,False
8994551,9143261266228,9149208985908,neutonic-capsules-uk,Brain Capsules,,5.0,Positive,Im liking it,2025-04-10T17:57:15.800483Z,2025-04-10T17:57:15.800511Z,2025-03-27T10:06:37Z,14.3,True,False,,,False,,,,,False
8497496,9143261266228,9143261266228,neutonic-capsules-us,Brain Capsules [US],,5.0,Re(al)sults!,"Absolutely amazing results. Clean energy, more focus, improved recollection, ALL WITHOUT a crash later on. Best neutropic on the market, straight up!",2025-03-16T21:43:56.847556Z,2025-03-16T21:43:56.847591Z,,,True,False,,,False,,,,,False
8465123,9143261266228,9143261266228,neutonic-capsules-us,Brain Capsules [US],,5.0,FOCUS BOOSTER FOR TEACHERS,"As a school teacher, I find that these capsules can help me to gain some of the focus of mind that I need to be more fully present and responsive, as opposed to more jumbled and reactive, with my students in the classroom.",2025-03-14T18:59:00.429934Z,2025-03-14T18:59:00.429962Z,2025-01-31T04:58:54Z,42.6,True,False,,,False,,,,,False
20499610,9143261266228,9149208985908,neutonic-capsules-uk,Brain Capsules,,5.0,,"Really great stuff, I’ve noticed a massive change in endurance during my boxing training more than anything.",2025-03-12T13:42:44Z,2025-03-12T13:42:44Z,,,False,False,,,False,,,,,False
21304865,9143261266228,9149208985908,neutonic-capsules-uk,Brain Capsules,,5.0,,"Only just started taking them, will probably take time to see any results",2025-03-07T14:21:53Z,2025-03-07T14:21:53Z,,,True,False,,shop_app,False,,,,,False
8286385,9143261266228,9149208985908,neutonic-capsules-uk,Brain Capsules,,5.0,The product works exactly as intended,The product works exactly as intended. Laser focus for those times when grinding is necessary,2025-03-04T13:08:36.701148Z,2025-03-04T13:08:36.701181Z,,,False,False,,,False,,,,,False
8286374,9143261266228,9149208985908,neutonic-capsules-uk,Brain Capsules,,5.0,4.5 rounded off to 5!,"Been using it for study for just over a year now, and it still does the business, but use should be reserved to once to three times per week, at most to feel the effects. Also, be mindful you're not consuming the nootropics elsewhere, or you'll obviously build a tolerance!  In addition, I've tried the caffeine-free capsules which are decent on their own, but I personally use to now bolster the beverage!  Criticisms: Got on sale, so much more cost-effective... the prices could come down somewhat; They altered the tropical flavour which now tastes a little more chemical-ish, which is a shame. Go with Citrus!",2025-03-04T13:05:57.298625Z,2025-03-04T13:05:57.298657Z,,,False,False,,,False,,,,,False
8286370,9143261266228,9149208985908,neutonic-capsules-uk,Brain Capsules,,5.0,Great product,"Great product, great customer services, great tablets and drinks, tropical ice is the best however. Maybe a better student discount is the only critique.",2025-03-04T13:05:03.623074Z,2025-03-04T13:05:03.623105Z,,,False,False,,,False,,,,,False
8286361,9143261266228,9149208985908,neutonic-capsules-uk,Brain Capsules,,5.0,Really good product,"Really good product, I have tried a lot of similar items and this is the best results so far.",2025-03-04T13:04:39.338715Z,2025-03-04T13:04:39.338747Z,,,False,False,,,False,,,,,False
8286317,9143261266228,9149208985908,neutonic-capsules-uk,Brain Capsules,,5.0,Love it !,"Great product , love the drinks & capsules really helps me with my day ahead 💪🏻 🧠",2025-03-04T12:54:03.992489Z,2025-03-04T12:54:03.992519Z,,,False,False,,,False,,,,,False
8286187,9143261266228,9149208985908,neutonic-capsules-uk,Brain Capsules,,5.0,Game changer,"Game changer! Absolutely delish, whilst providing clarity, focus, drive and energy. Fantastic product.",2025-03-04T12:09:28.100158Z,2025-03-04T12:09:28.100188Z,,,False,False,,,False,,,,,False
8286185,9143261266228,9149208985908,neutonic-capsules-uk,Brain Capsules,,5.0,Big fan of the drinks and pills,"Big fan of the drinks and pills, can feel the effect from them when needed and incorporate into my daily routine. Even took some drinks on a trip to Japan recently. Great product",2025-03-04T12:08:47.326197Z,2025-03-04T12:08:47.326227Z,,,False,False,,,False,,,,,False
8286174,9143261266228,9149208985908,neutonic-capsules-uk,Brain Capsules,,5.0,It's actually pretty good at keeping…,"It's actually pretty good at keeping you focused and alert. I did wonder if it's just marketing but rather than making me some what hyper and hard to focus on a single task like a strong coffee would this actually does keep me alert and on task.  It's not a magical thing though, you still need to discipline / desire to to the task, but it does help a noticable amount.",2025-03-04T12:04:50.261649Z,2025-03-04T12:04:50.261681Z,,,False,False,,,False,,,,,False
8286171,9143261266228,9149208985908,neutonic-capsules-uk,Brain Capsules,,5.0,Sceptical - but Special! ❤️,"I was very sceptical at first and for the first few days/1week I was expecting them to be like some limitless pill, which they weren’t.  I stuck with them for 1-2 weeks and honestly, I’ve had such focus in the afternoons at work where normally I’m flagging.  I train in the gym around 6 in the morning and always have productive mornings but my afternoons can be so hit and miss. Since taking the pills, I have been fully locked in from about 1-4 and getting so much done. Still flagging around 4/430, but I’ll take it all day when I’m working like I am after lunch.  Again, was sceptical but my god, what a product and will be mass ordering next time. Have recommended to a few people at work who have expressed similar feedback.  Fantastic product boys and girls 👏👏",2025-03-04T12:03:50.159083Z,2025-03-04T12:03:50.159117Z,,,False,False,,,False,,,,,False
7629888,9143261266228,9149208985908,neutonic-capsules-uk,Brain Capsules,,5.0,The best productivity supplement,"These really are the ultimate productivity supplement! Compared to other nootropic supplements on the market, these guys actually put a big dose into each capsule.   Definitely feeling the results after a month! Will buy again.",2025-02-04T17:17:13.657340Z,2025-02-04T17:17:13.657373Z,,,False,False,,,False,,,,,False
7539067,9143261266228,9149208985908,neutonic-capsules-uk,Brain Capsules,,5.0,Mental Clarity Without the Crash,"I love how these help me stay sharp and focused without feeling overstimulated. It’s a smooth, natural focus that lasts all day. My work efficiency has skyrocketed!",2025-01-30T14:03:50.686183Z,2025-01-30T14:03:50.686217Z,,,False,False,,,False,,,,,False
7539063,9143261266228,9149208985908,neutonic-capsules-uk,Brain Capsules,,5.0,Perfect for Work & Studying,"I struggle with brain fog, especially in the afternoons. Since taking these, I stay focused for hours without crashing. They’ve been a game-changer for my productivity!",2025-01-30T14:02:53.367952Z,2025-01-30T14:02:53.367989Z,,,False,False,,,False,,,,,False
13647199,9143261266228,9149208985908,neutonic-capsules-uk,Brain Capsules,,5.0,Good without the Caffeine,"These have been awesome when I need to focus but don’t want the caffeine. It has been especially great when taken towards the end of a long work day or in the evenings when I’m trying to get some work done. I do find myself missing the ritual of having something to sip on, however, they get the job done.",2024-12-06T00:00:00Z,2024-12-06T00:00:00Z,,,True,False,,,False,,,,,False
20499596,9143261266228,9149208985908,neutonic-capsules-uk,Brain Capsules,,5.0,,like the cans work really well and when you don’t want caffeine or later on in the day game changer 👌,2024-12-05T18:17:20Z,2024-12-05T18:17:20Z,,,False,False,,,False,,,,,False
21268694,9143261266228,9143261266228,neutonic-capsules-us,Brain Capsules [US],90 Capsules,5.0,,,2026-09-02T02:24:08.733270Z,2026-09-02T02:24:08.733315Z,2026-08-09T21:33:37Z,23.2,True,False,,,False,,,,,False
20296934,9143261266228,9149208985908,neutonic-capsules-uk,Brain Capsules,90 Capsules,5.0,,,2026-07-11T07:27:43.795831Z,2026-07-11T07:27:43.795875Z,2026-04-28T18:36:40Z,73.5,True,False,,,False,,,,,False
16013302,9143261266228,9143261266228,neutonic-capsules-us,Brain Capsules [US],,5.0,,,2026-01-18T04:15:27.073982Z,2026-01-18T04:15:27.074026Z,2026-01-07T19:46:25Z,10.4,True,False,,,False,,,,,False
15696411,9143261266228,9149208985908,neutonic-capsules-uk,Brain Capsules,,5.0,,,2026-01-12T21:43:20.820818Z,2026-01-12T21:43:20.820862Z,2025-12-24T00:19:36Z,19.9,True,False,,,False,,,,,False
8824803,9143261266228,9143261266228,neutonic-capsules-us,Brain Capsules [US],,5.0,,,2025-03-29T18:54:41.452011Z,2025-03-29T18:54:41.452052Z,2025-03-18T12:16:55Z,11.3,True,False,,,False,,,,,False
